model,cv_rmse_mean,cv_rmse_std,cv_mae_mean,cv_mae_std,holdout_mae,holdout_rmse,holdout_r2,holdout_high_yield_mae,holdout_high_yield_count
random_forest,3389654018.9124475,2410058269.419657,827199892.067962,412719149.9958663,740305838.2207366,2170863090.817058,-0.14099757637728105,3893905062.7664886,12
hist_gradient_boosting,3495982885.290938,2624363679.8599267,829363533.58233,430416277.73129416,565680152.1678954,1381091130.6696255,0.5381887325164911,3132329283.9346137,12
baseline,4661411938.862468,3213120681.7352157,1362102844.3063836,612706691.5870605,957301984.6343763,2196169031.3248887,-0.1677540405477238,6014388968.7530365,12
