IND,TOK,DATE,SHOT,TIME,TAUTH,IP,BT,NEL,PLTH,RGEO,DELTA1,KAPPAA,EPS,MEFF
6,ASDEX,19820622,5980,1.205,0.0340012079862671,0.2959,2.205,3.789,1.86996,1.694,1,0.97509162766709,0.242089728453365,1.5
7,ASDEX,19820622,5980,1.224,0.0326808003368144,0.2952,2.205,3.734,2.02426,1.684,1,0.972232543862132,0.244239904988124,1.5
12,ASDEX,19820622,5982,1.188,0.0425007634102232,0.2971,2.205,3.41,1.13206666666667,1.693,1,0.989248365465662,0.238806851742469,1.5
13,ASDEX,19820622,5982,1.216,0.0466059156832005,0.2959,2.205,3.775,1.37609666666667,1.693,1,0.974708486652552,0.242350856467809,1.5
14,ASDEX,19820622,5982,1.244,0.0343411020250562,0.2942,2.204,3.847,2.03303,1.685,1,0.969011507858413,0.244925816023739,1.5
19,ASDEX,19820622,5996,1.183,0.0323751271231852,0.2969,2.202,3.363,1.32954333333333,1.687,1,0.994388542994193,0.238470657972733,1.5
20,ASDEX,19820622,5996,1.209,0.0307472015248457,0.2963,2.204,3.418,1.67058433333333,1.685,1,0.986206482002889,0.240712166172107,1.5
21,ASDEX,19820622,5996,1.234,0.0270203701689861,0.2949,2.204,3.445,2.03212,1.682,1,0.984062140488681,0.241617122473246,1.5
26,ASDEX,19820622,6002,1.183,0.0282163122451079,0.2969,2.205,3.378,1.57174333333333,1.689,1,0.994388542994193,0.238188277087034,1.5
28,ASDEX,19820622,6002,1.214,0.0282152969383712,0.2969,2.204,3.558,2.029116,1.689,1,0.981828667565686,0.241148608644168,1.5
34,ASDEX,19820622,6009,1.19,0.0301978936446815,0.2975,2.205,3.634,1.63994666666667,1.697,1,0.990728727086466,0.237831467295227,1.5
35,ASDEX,19820622,6009,1.2,0.0242693826536794,0.2959,2.205,3.499,2.07998,1.686,1,0.988071209194611,0.240035587188612,1.5
40,ASDEX,19820622,6011,1.179,0.0267062395777436,0.2969,2.205,3.269,1.50051,1.691,1,0.996583364934873,0.237315198107629,1.5
41,ASDEX,19820622,6011,1.217,0.0410367002743116,0.2966,2.205,3.713,1.4345,1.697,1,0.980085442869435,0.240483205657042,1.5
42,ASDEX,19820622,6011,1.254,0.0327377475574664,0.2952,2.205,3.767,2.01074,1.686,1,0.971379474884167,0.244128113879004,1.5
49,ASDEX,19820622,6023,1.214,0.0266684497264734,0.2958,2.205,3.56,2.05172,1.685,1,0.983869413865005,0.241186943620178,1.5
54,ASDEX,19820624,6053,1.184,0.0380920608348487,0.2977,2.204,3.864,1.32384866666667,1.697,1,0.991320141488098,0.237713612256924,1.5
55,ASDEX,19820624,6053,1.236,0.0412042842287117,0.2958,2.203,4.639,1.70794333333333,1.694,1,0.976719727151845,0.241676505312869,1.5
56,ASDEX,19820624,6053,1.288,0.0367460886952562,0.2948,2.204,5.08,2.02055,1.687,1,0.972328970250856,0.243746295198577,1.5
61,ASDEX,19820624,6066,1.178,0.0309659238278867,0.2983,2.202,3.564,1.42627,1.696,1,0.997582794313191,0.236379716981132,1.5
63,ASDEX,19820624,6066,1.258,0.0354889094649913,0.2946,2.201,4.095,2.0095,1.688,1,0.969865033095507,0.244194312796209,1.5
68,ASDEX,19820624,6069,1.216,0.0445467915550606,0.2961,2.202,4.663,1.44431666666667,1.696,1,0.979801063761984,0.240566037735849,1.5
69,ASDEX,19820624,6069,1.232,0.0395840443195958,0.2946,2.202,4.721,1.71501,1.693,1,0.975669127132594,0.241996455995275,1.5
70,ASDEX,19820624,6069,1.248,0.0338885434577581,0.2954,2.202,4.719,2.0572,1.69,1,0.97347349270132,0.242958579881657,1.5
75,ASDEX,19820624,6084,1.212,0.0376429522328645,0.2963,2.204,3.155,1.3437,1.697,1,0.982507979052409,0.239835002946376,1.5
76,ASDEX,19820624,6084,1.231,0.0399744530013915,0.2955,2.202,3.326,1.50441333333333,1.697,1,0.975377983111475,0.241602828520919,1.5
77,ASDEX,19820624,6084,1.249,0.0307994814872177,0.2947,2.202,3.279,2.0145,1.69,1,0.972802065473271,0.243254437869823,1.5
82,ASDEX,19820624,6090,1.179,0.0332452725563259,0.2975,2.202,3.518,1.32976,1.693,1,0.998385783432235,0.236562315416421,1.5
83,ASDEX,19820624,6090,1.217,0.0479270459544877,0.2974,2.202,3.758,1.259,1.698,1,0.97951206995044,0.240341578327444,1.5
84,ASDEX,19820624,6090,1.254,0.0349056229815953,0.2954,2.202,3.935,2.00329,1.692,1,0.969298876900157,0.243735224586288,1.5
89,ASDEX,19820624,6091,1.218,0.0339353371285328,0.2961,2.201,3.56,1.35599666666667,1.689,1,0.998284095869078,0.237181764357608,1.5
91,ASDEX,19820624,6091,1.298,0.0378527474340847,0.2952,2.201,4.024,1.77235,1.689,1,0.977777199116438,0.242095914742451,1.5
96,ASDEX,19820701,6208,1.169,0.0274297193669574,0.2355,2.204,3.295,1.23949,1.691,1,0.971095441602003,0.243465405085748,1.5
97,ASDEX,19820701,6208,1.199,0.0290917600824233,0.2361,2.204,3.408,1.47005333333333,1.684,1,0.958095743350055,0.247743467933492,1.5
98,ASDEX,19820701,6208,1.228,0.0253658900773545,0.236,2.202,3.404,1.797827,1.675,1,0.953322698847671,0.250268656716418,1.5
103,ASDEX,19820706,6292,1.181,0.0408853569049872,0.3717,2.2,3.396,1.14111,1.657,1,1.01582623942007,0.237417018708509,1.5
104,ASDEX,19820706,6292,1.22,0.0512313379751542,0.3711,2.2,3.929,1.28016333333333,1.662,1,1.00281994532085,0.239771359807461,1.5
105,ASDEX,19820706,6292,1.259,0.0413074671090533,0.3712,2.2,3.927,1.89201,1.654,1,0.997288052931961,0.242321644498186,1.5
110,ASDEX,19820706,6293,1.192,0.0387195059793868,0.3721,2.199,3.654,1.2589,1.658,1,1.01447989841506,0.237575392038601,1.5
111,ASDEX,19820706,6293,1.221,0.048030562231382,0.3704,2.201,3.999,1.31432,1.658,1,1.00393454245184,0.240048250904704,1.5
112,ASDEX,19820706,6293,1.25,0.0376724141503549,0.3698,2.2,4.034,1.92704,1.656,1,0.997587639232791,0.241968599033816,1.5
118,ASDEX,19820706,6294,1.225,0.0486478580110768,0.3704,2.201,3.848,1.37494,1.66,1,1.00039859302362,0.24066265060241,1.5
119,ASDEX,19820706,6294,1.25,0.0385058341591154,0.3699,2.2,3.919,1.88379,1.655,1,0.996891753288435,0.242175226586103,1.5
124,ASDEX,19820706,6295,1.178,0.0308725358821528,0.3712,2.2,3.33,1.35203333333333,1.657,1,1.01957361264145,0.236572118286059,1.5
126,ASDEX,19820706,6295,1.24,0.0373820885011461,0.3704,2.2,3.993,1.9196,1.659,1,0.997288052931961,0.241591320072333,1.5
131,ASDEX,19820708,6322,1.18,0.040435101069262,0.3725,2.2,4.273,1.30663333333333,1.676,1,1.01592671184133,0.234785202863962,1.5
132,ASDEX,19820708,6322,1.232,0.0473923830812995,0.3705,2.2,4.518,1.46532333333333,1.675,1,1.00423362970642,0.237671641791045,1.5
133,ASDEX,19820708,6322,1.283,0.0415524135560375,0.3691,2.2,4.686,1.971,1.673,1,0.995985671064557,0.239988045427376,1.5
138,ASDEX,19820708,6327,1.186,0.0526774924393647,0.3717,2.198,4.536,1.07157,1.676,1,1.01179333048709,0.235739856801909,1.5
139,ASDEX,19820708,6327,1.225,0.0556938148484434,0.3716,2.199,4.891,1.39057,1.679,1,0.999490705373059,0.238237045860631,1.5
140,ASDEX,19820708,6327,1.264,0.0424954163357919,0.3693,2.198,4.924,1.92661,1.673,1,0.994792369982951,0.240227136879857,1.5
145,ASDEX,19820708,6336,1.179,0.0279291801074198,0.2969,2.198,5.658,1.62726,1.674,1,1.00371923949777,0.238112305854241,1.5
146,ASDEX,19820708,6336,1.242,0.0303832009223613,0.2948,2.198,5.668,1.80271,1.674,1,0.994686306365393,0.24026284348865,1.5
147,ASDEX,19820708,6336,1.304,0.0290180378584333,0.2946,2.198,5.658,1.94841,1.671,1,0.992404445154439,0.241232794733692,1.5
153,ASDEX,19820713,6374,0.91,0.0149986774463239,0.1969,2.2,2.067,1.656976,1.69,1,0.936519684369702,0.252958579881657,1.5
154,ASDEX,19820713,6374,0.92,0.0148340289627117,0.1964,2.201,2.071,1.6654,1.676,1,0.937756765535535,0.254713603818616,1.5
159,ASDEX,19820713,6406,0.89,0.0264164792354325,0.1971,2.2,3.144,1.20416666666667,1.666,1,0.938296492388934,0.255882352941177,1.5
160,ASDEX,19820713,6406,0.9,0.0219356250657761,0.197,2.2,3.138,1.47698,1.658,1,0.932754054304036,0.258624849215923,1.5
161,ASDEX,19820713,6406,0.91,0.0188303798659603,0.1963,2.2,3.062,1.69502,1.652,1,0.931003378455001,0.260169491525424,1.5
166,ASDEX,19820713,6412,0.888,0.0697027428597361,0.198,1.574,3.193,0.416833333333333,1.666,1,0.957793219232762,0.251080432172869,1.5
167,ASDEX,19820713,6412,0.899,0.0540892253155802,0.1975,1.573,3.194,0.587753333333333,1.66,1,0.950286665056269,0.254036144578313,1.5
168,ASDEX,19820713,6412,0.91,0.0334553927012969,0.1974,1.574,3.298,1.02858,1.656,1,0.944962558958015,0.256038647342995,1.5
175,ASDEX,19820713,6415,1.228,0.0336329941588444,0.2944,2.201,3.96,1.924097,1.68,1,0.969769124983915,0.245416666666667,1.5
180,ASDEX,19820713,6416,1.177,0.0426266493249991,0.2977,2.201,3.538,0.981356666666666,1.658,1,0.993103526949126,0.242822677925211,1.5
181,ASDEX,19820713,6416,1.201,0.0475943299034633,0.2965,2.2,3.917,1.18538666666667,1.657,1,0.977586821935925,0.246771273385637,1.5
182,ASDEX,19820713,6416,1.224,0.031119788738578,0.2947,2.201,3.89,1.96223,1.65,1,0.969581874718423,0.249878787878788,1.5
187,ASDEX,19820713,6421,1.17,0.0319340578525932,0.2971,2.2,3.365,1.13875333333333,1.655,1,1.00029180389035,0.241570996978852,1.5
188,ASDEX,19820713,6421,1.209,0.041047167771441,0.2964,2.201,3.696,1.28352,1.651,1,0.981154947683636,0.246759539672925,1.5
189,ASDEX,19820713,6421,1.248,0.0326281518916257,0.2955,2.2,3.847,1.9142,1.658,1,0.966568789699381,0.249396863691194,1.5
195,ASDEX,19820715,6480,1.315,0.0596740903908649,0.3705,1.888,5.111,1.26471666666667,1.68,1,1.00220506558219,0.237559523809524,1.5
196,ASDEX,19820715,6480,1.354,0.044106829719447,0.3696,1.888,5.281,1.91978,1.674,1,0.995783198975315,0.239964157706093,1.5
201,ASDEX,19820716,6516,1.19,0.0408307911840613,0.3722,2.197,3.484,1.21666,1.677,1,1.01406532565514,0.235002981514609,1.5
203,ASDEX,19820716,6516,1.248,0.0393332042026481,0.3694,2.197,4.147,1.99918,1.673,1,0.994498940577298,0.240167364016736,1.5
208,ASDEX,19820716,6517,1.183,0.0406925772735717,0.3716,2.197,3.506,1.21296666666667,1.675,1,1.01582623942007,0.234865671641791,1.5
209,ASDEX,19820716,6517,1.224,0.0623833360922525,0.3719,2.198,3.976,1.18081666666667,1.681,1,0.9995925527476,0.237894110648424,1.5
210,ASDEX,19820716,6517,1.264,0.0431347181177156,0.37,2.198,4.149,1.93908,1.679,1,0.992509945624695,0.239904705181656,1.5
215,ASDEX,19820716,6523,1.21,0.036772869158925,0.3713,2.2,3.429,1.33943666666667,1.672,1,1.01738235056279,0.234988038277512,1.5
216,ASDEX,19820716,6523,1.257,0.0595592104140452,0.3715,2.198,3.99,1.20107666666667,1.68,1,1.00494428293865,0.236785714285714,1.5
217,ASDEX,19820716,6523,1.304,0.0451129782997564,0.3695,2.198,3.911,1.70752,1.672,1,0.99848744805774,0.239473684210526,1.5
222,ASDEX,19820720,6553,1.252,0.0325121007686373,0.2961,2.195,2.723,1.34020733333333,1.681,1,0.986598756285455,0.241165972635336,1.5
223,ASDEX,19820720,6553,1.278,0.0484933097338846,0.2963,2.197,3.105,1.22346666666667,1.684,1,0.971090701164721,0.244596199524941,1.5
224,ASDEX,19820720,6553,1.304,0.0337432021819652,0.2937,2.195,3.16,1.899572,1.675,1,0.965906932893601,0.247164179104478,1.5
229,ASDEX,19820722,6602,1.19,0.0426152108568102,0.3719,2.195,4.433,1.32281333333333,1.677,1,1.012106284274,0.235420393559928,1.5
230,ASDEX,19820722,6602,1.227,0.0524545746211897,0.3708,2.196,5.096,1.55104,1.678,1,0.997094009523913,0.238736591179976,1.5
231,ASDEX,19820722,6602,1.263,0.044779161883691,0.3699,2.197,5.125,1.95316,1.675,1,0.994305557019081,0.239761194029851,1.5
236,ASDEX,19820722,6606,1.22,0.0514976915168129,0.3705,2.195,6.017,1.37374666666667,1.676,1,1.00841344766901,0.236396181384248,1.5
237,ASDEX,19820722,6606,1.235,0.0520451918907932,0.3704,2.195,6.476,1.49563333333333,1.677,1,1.00678127029593,0.236612999403697,1.5
238,ASDEX,19820722,6606,1.249,0.0413652041141425,0.3699,2.195,6.802,1.97052,1.676,1,1.00272179908941,0.237708830548926,1.5
243,ASDEX,19820722,6616,1.178,0.034679030343142,0.2966,2.197,3.283,1.13743,1.654,1,0.993395503399558,0.243470374848851,1.5
244,ASDEX,19820722,6616,1.209,0.036766917529322,0.296,2.197,3.585,1.41532,1.651,1,0.978543832962269,0.247546941247729,1.5
245,ASDEX,19820722,6616,1.24,0.0304032541672758,0.2947,2.197,3.659,1.96992,1.649,1,0.970903087041621,0.249787750151607,1.5
250,ASDEX,19820722,6627,1.178,0.0230519775039635,0.2971,2.197,4.317,1.77240333333333,1.653,1,1.00038872363788,0.241923774954628,1.5
251,ASDEX,19820722,6627,1.215,0.0272242645167642,0.2949,2.195,4.551,1.77749666666667,1.647,1,0.994590501686819,0.244140862173649,1.5
252,ASDEX,19820722,6627,1.248,0.0255926259933302,0.295,2.195,4.7,2.02556,1.648,1,0.988858897605242,0.245327669902913,1.5
257,ASDEX,19820730,6802,1.213,0.0257692800302827,0.2952,2.193,4.093,1.52430133333333,1.667,1,1.00707199619438,0.238332333533293,1.5
258,ASDEX,19820730,6802,1.249,0.0279849590329116,0.2949,2.192,4.157,1.49066,1.667,1,1.00625472832425,0.238572285542891,1.5
259,ASDEX,19820730,6802,1.284,0.0267934403143725,0.2944,2.194,4.091,1.57377,1.665,1,1.00361629201025,0.239459459459459,1.5
264,ASDEX,19820805,6888,1.165,0.0307810200165163,0.2482,2.192,4.348,1.28963666666667,1.673,1,0.984932244851763,0.242857142857143,1.5
265,ASDEX,19820805,6888,1.187,0.0289871147795605,0.2458,2.192,4.206,1.46011333333333,1.665,1,0.97633026812493,0.246126126126126,1.5
266,ASDEX,19820805,6888,1.209,0.025690913386317,0.2457,2.192,4.243,1.74771,1.664,1,0.972893730543354,0.247115384615385,1.5
271,ASDEX,19821015,7121,1.19,0.0399736677811098,0.2959,2.201,3.581,1.17214,1.667,1,0.989248365465662,0.24253149370126,1.5
273,ASDEX,19821015,7121,1.244,0.0342439773530271,0.2948,2.201,4.264,1.98472,1.663,1,0.969577245707533,0.248045700541191,1.5
279,ASDEX,19821015,7124,1.233,0.0367183236141242,0.2954,2.201,4.044,1.63209666666667,1.663,1,0.977772360652886,0.246001202645821,1.5
280,ASDEX,19821015,7124,1.274,0.0327315067115338,0.2944,2.201,4.212,1.96432,1.662,1,0.974897566863348,0.246871239470517,1.5
285,ASDEX,19821207,7940,1.203,0.0366544834593566,0.2968,2.211,3.767,1.17579666666667,1.653,1,0.997432765292453,0.243436176648518,1.5
286,ASDEX,19821207,7940,1.229,0.0389020350250772,0.2951,2.211,3.922,1.27008,1.653,1,0.991468155322871,0.244888082274652,1.5
287,ASDEX,19821207,7940,1.254,0.0332653571423864,0.2949,2.211,4.116,1.69946,1.654,1,0.984407380216567,0.246432889963724,1.5
292,ASDEX,19821207,7941,1.227,0.0386106570347947,0.2963,2.022,4.7,1.24760333333333,1.656,1,0.995036613999597,0.243599033816425,1.5
293,ASDEX,19821207,7941,1.258,0.0465407177254152,0.2952,2.022,4.88,1.19989666666667,1.652,1,0.986744213677089,0.246246973365617,1.5
294,ASDEX,19821207,7941,1.289,0.0409572781912893,0.2953,2.022,5.229,1.59528,1.659,1,0.976864107736365,0.247619047619048,1.5
299,ASDEX,19821207,7942,1.205,0.0279871456520571,0.2964,2.399,3.577,1.42653666666667,1.651,1,1.00064844869988,0.242883101150818,1.5
300,ASDEX,19821207,7942,1.255,0.0296500532390579,0.2949,2.399,3.728,1.57175333333333,1.649,1,0.994152458582843,0.244693753790176,1.5
301,ASDEX,19821207,7942,1.305,0.0280482527914562,0.2946,2.398,3.675,1.71072,1.647,1,0.993261461432489,0.245173041894353,1.5
306,ASDEX,19821207,7943,1.19,0.0434583744823034,0.2971,1.832,3.791,0.95442,1.655,1,1.00276063749154,0.241873111782477,1.5
307,ASDEX,19821207,7943,1.24,0.0429590306432086,0.2955,1.832,4.159,1.29128666666667,1.656,1,0.987037075197681,0.245591787439614,1.5
308,ASDEX,19821207,7943,1.289,0.0384265733778895,0.2954,1.832,4.259,1.55908,1.653,1,0.984399066460326,0.24670296430732,1.5
313,ASDEX,19821207,7945,1.197,0.0343589742417909,0.2971,2.212,3.726,1.25673333333333,1.654,1,0.998639400084063,0.242926239419589,1.5
314,ASDEX,19821207,7945,1.221,0.033821217659847,0.2957,2.213,3.872,1.43653,1.65,1,0.993651894396888,0.244727272727273,1.5
315,ASDEX,19821207,7945,1.245,0.0295364387695052,0.2946,2.213,3.888,1.70403,1.649,1,0.992068023227624,0.245239539114615,1.5
320,ASDEX,19821207,7950,1.207,0.0267014622995885,0.2668,2.213,3.609,1.32764333333333,1.647,1,0.99226266086216,0.245537340619308,1.5
321,ASDEX,19821207,7950,1.221,0.0262347291383754,0.2665,2.213,3.716,1.49496666666667,1.649,1,0.989503935190889,0.245845967252881,1.5
322,ASDEX,19821207,7950,1.235,0.0228537946884873,0.265,2.211,3.638,1.70924,1.646,1,0.989108796546747,0.246415552855407,1.5
327,ASDEX,19821207,7951,1.194,0.0266491422066644,0.2963,2.211,3.802,1.56143666666667,1.652,1,1.00764486467207,0.223305084745763,1.5
328,ASDEX,19821207,7951,1.235,0.0301810361245511,0.2949,2.211,3.812,1.56511333333333,1.65,1,1.00344429352231,0.224484848484849,1.5
329,ASDEX,19821207,7951,1.275,0.0283020525983788,0.2947,2.211,3.78,1.74936,1.648,1,0.998126625748063,0.226031553398058,1.5
334,ASDEX,19830726,9706,1.196,0.0342514494469403,0.3174,2.197,3.278,1.47949666666667,1.657,1,0.986936561477026,0.245503922751961,1.5
336,ASDEX,19830726,9706,1.229,0.0311900065622192,0.3151,2.195,3.819,2.226,1.655,1,0.970284082111616,0.249969788519637,1.5
341,ASDEX,19830726,9710,1.194,0.0410790436021944,0.3171,2.197,3.56,1.31059,1.694,1,0.989579256895184,0.23961038961039,1.5
343,ASDEX,19830726,9710,1.254,0.0367243135275705,0.3148,2.197,4.276,2.198,1.693,1,0.969056164200089,0.244654459539279,1.5
348,ASDEX,19830726,9711,1.181,0.0239975270987151,0.3169,2.198,3.285,1.85149,1.692,1,0.998125367028388,0.237765957446809,1.5
350,ASDEX,19830726,9711,1.285,0.0392213262072496,0.3142,2.198,4.668,2.1877,1.697,1,0.969152998868541,0.244018856806128,1.5
355,ASDEX,19830729,9807,1.18,0.0487093245430662,0.3751,2.192,4.286,0.956666666666667,1.695,1,1.03752364033236,0.206725663716814,1.5
356,ASDEX,19830729,9807,1.21,0.0506170183194627,0.3744,2.194,4.259,1.03856666666667,1.695,1,1.03288303831059,0.207551622418879,1.5
357,ASDEX,19830729,9807,1.25,0.0446302403183857,0.3737,2.194,4.748,1.3157,1.696,1,1.02930389406604,0.208254716981132,1.5
362,ASDEX,19830729,9808,1.216,0.0426567976733571,0.3734,2.193,4.409,1.2356,1.69,1,1.03248034046451,0.208284023668639,1.5
363,ASDEX,19830729,9808,1.25,0.0429971524382644,0.3733,2.192,4.399,1.27722,1.69,1,1.03068903134923,0.208698224852071,1.5
364,ASDEX,19830729,9808,1.284,0.0415470838474271,0.3734,2.194,4.487,1.3895,1.69,1,1.02988698647415,0.208934911242604,1.5
369,ASDEX,19830729,9809,1.206,0.0472241268293316,0.3741,2.193,4.091,1.11756666666667,1.692,1,1.03215070770733,0.208096926713948,1.5
370,ASDEX,19830729,9809,1.243,0.0441142433154249,0.373,2.192,4.182,1.29113666666667,1.689,1,1.0302878852807,0.208940201302546,1.5
371,ASDEX,19830729,9809,1.279,0.0407919132256355,0.3732,2.191,4.143,1.3965,1.689,1,1.02988698647415,0.209058614564831,1.5
376,ASDEX,19830729,9811,1.227,0.0433658766900095,0.3736,2.193,4.479,1.2652,1.691,1,1.03076168400272,0.208515671200473,1.5
377,ASDEX,19830729,9811,1.237,0.0503060514814815,0.3733,2.193,4.532,1.1151,1.691,1,1.02970423544945,0.208752217622708,1.5
378,ASDEX,19830729,9811,1.248,0.0420950694821729,0.3734,2.194,4.782,1.3659,1.691,1,1.02897630942911,0.208929627439385,1.5
383,ASDEX,19830729,9812,1.187,0.0500829952234458,0.3752,2.194,4.268,0.861633333333333,1.689,1,1.04119882239442,0.206808762581409,1.5
384,ASDEX,19830729,9812,1.22,0.0460651767886323,0.3729,2.194,4.163,0.993813333333333,1.687,1,1.03952510213862,0.207350326022525,1.5
385,ASDEX,19830729,9812,1.254,0.0417726587594988,0.3727,2.194,4.075,1.1054,1.687,1,1.03878311452713,0.207528156490812,1.5
390,ASDEX,19830729,9813,1.2,0.0467344481405243,0.374,2.194,3.909,0.937643333333333,1.688,1,1.04019395204783,0.207109004739337,1.5
391,ASDEX,19830729,9813,1.235,0.0424427975208226,0.3728,2.195,3.858,1.05790333333333,1.687,1,1.03885710128207,0.20746887966805,1.5
392,ASDEX,19830729,9813,1.27,0.0402121198729959,0.3726,2.194,3.8,1.1152,1.687,1,1.03885710128207,0.20746887966805,1.5
397,ASDEX,19830729,9817,1.197,0.0405387616632498,0.3749,2.195,4.629,1.69259,1.698,1,1.01614850502327,0.210541813898704,1.5
398,ASDEX,19830729,9817,1.225,0.041309005775324,0.3742,2.194,4.821,1.86861666666667,1.696,1,1.01120726362685,0.212028301886792,1.5
399,ASDEX,19830729,9817,1.254,0.0362919405557919,0.3735,2.195,4.971,2.25705,1.694,1,1.00808998568512,0.213046044864227,1.5
404,ASDEX,19830729,9818,1.179,0.0468560508884007,0.3763,2.195,4.405,1.28827,1.699,1,1.02067244206071,0.209358446144791,1.5
405,ASDEX,19830729,9818,1.217,0.0461059874328906,0.3746,2.195,4.739,1.70095333333333,1.699,1,1.00920699368412,0.211889346674514,1.5
406,ASDEX,19830729,9818,1.255,0.0380149755302166,0.3737,2.195,4.992,2.25389,1.696,1,1.00471391652021,0.213384433962264,1.5
411,ASDEX,19830802,9858,1.172,0.0395653998815968,0.3766,2.193,4.042,1.45336666666667,1.7,1,1.02318012275776,0.207764705882353,1.5
412,ASDEX,19830802,9858,1.238,0.0394706623667614,0.3729,2.192,4.048,1.95138666666667,1.694,1,1.01001578121793,0.211393152302243,1.5
413,ASDEX,19830802,9858,1.304,0.0354596587097122,0.373,2.192,4.003,2.22803,1.695,1,1.00942896572873,0.211563421828909,1.5
419,ASDEX,19830802,9859,1.22,0.045790609034718,0.3743,2.192,4.899,1.58630666666667,1.695,1,1.01593902185405,0.210029498525074,1.5
420,ASDEX,19830802,9859,1.27,0.0376182903528254,0.3729,2.191,4.69,1.94062,1.694,1,1.01566462091899,0.21038961038961,1.5
425,ASDEX,19830802,9861,1.174,0.0421788677116816,0.3752,2.192,3.964,1.28093333333333,1.697,1,1.02766926448364,0.20736593989393,1.5
426,ASDEX,19830802,9861,1.216,0.0443305142202175,0.374,2.191,4.108,1.52399333333333,1.695,1,1.01857099785994,0.209498525073746,1.5
427,ASDEX,19830802,9861,1.258,0.0388200877083344,0.3729,2.191,4.075,1.91075,1.693,1,1.01491283363481,0.210513880685174,1.5
432,ASDEX,19830802,9862,1.198,0.0457998530984352,0.3746,2.191,3.884,1.2206,1.694,1,1.02694572836556,0.207910271546635,1.5
433,ASDEX,19830802,9862,1.219,0.0413228678381726,0.3738,2.191,3.855,1.4534,1.691,1,1.02445590844698,0.208870490833826,1.5
434,ASDEX,19830802,9862,1.239,0.0381914355224167,0.3732,2.191,3.944,1.6394,1.692,1,1.02406129918411,0.20886524822695,1.5
439,ASDEX,19830802,9863,1.209,0.0439817368125225,0.3746,2.192,3.848,1.35925666666667,1.693,1,1.02380643076719,0.208741878322504,1.5
440,ASDEX,19830802,9863,1.247,0.0442139539924893,0.3737,2.192,3.936,1.47745333333333,1.693,1,1.02223151373446,0.209214412285883,1.5
441,ASDEX,19830802,9863,1.284,0.0413340721603286,0.3737,2.191,4.007,1.6067,1.692,1,1.02119232729897,0.209574468085106,1.5
446,ASDEX,19830802,9864,1.202,0.0441202482209681,0.3741,2.19,3.642,1.17063666666667,1.691,1,1.03299899813914,0.207096392667061,1.5
447,ASDEX,19830802,9864,1.226,0.0453476026846219,0.3735,2.191,3.546,1.17266666666667,1.69,1,1.0307376924602,0.207810650887574,1.5
448,ASDEX,19830802,9864,1.25,0.0416661851284087,0.373,2.191,3.759,1.3605,1.691,1,1.02916622979552,0.207924305144885,1.5
453,ASDEX,19830804,9883,1.171,0.0360653180185633,0.3776,2.19,4.015,1.65703,1.674,1,1.01724068337741,0.212186379928315,1.5
454,ASDEX,19830804,9883,1.212,0.0392529655206599,0.3746,2.189,4.164,1.97048,1.672,1,1.00567941548777,0.214952153110048,1.5
455,ASDEX,19830804,9883,1.253,0.0334747193106858,0.3738,2.191,4.337,2.56864,1.67,1,0.998859111648988,0.216946107784431,1.5
460,ASDEX,19830804,9887,1.193,0.0393438347476631,0.3751,2.189,4.468,1.54086333333333,1.649,1,1.02202235184876,0.214311704063069,1.5
461,ASDEX,19830804,9887,1.225,0.0385161836494812,0.3741,2.189,4.495,1.73143333333333,1.647,1,1.01788204055495,0.215543412264724,1.5
462,ASDEX,19830804,9887,1.258,0.0355353353273809,0.3734,2.189,4.59,1.9824,1.646,1,1.0160074139402,0.216221142162819,1.5
468,ASDEX,19830804,9888,1.239,0.0374095946681984,0.3737,2.191,4.087,1.915,1.649,1,1.01363865668603,0.216373559733172,1.5
469,ASDEX,19830804,9888,1.3,0.0381111942280994,0.3734,2.191,4.141,1.952,1.649,1,1.012549046015,0.216676773802304,1.5
474,ASDEX,19830804,9890,1.275,0.0408245223660988,0.3736,2.188,4.684,1.76591666666667,1.649,1,1.0151634293962,0.216130988477865,1.5
475,ASDEX,19830804,9890,1.289,0.0394751625924014,0.3736,2.191,4.762,1.84656333333333,1.65,1,1.01413872509091,0.216242424242424,1.5
476,ASDEX,19830804,9890,1.304,0.0371385671459274,0.3734,2.189,4.782,1.9705,1.651,1,1.01350226175243,0.216232586311326,1.5
481,ASDEX,19830804,9891,1.182,0.0513153751968379,0.3757,2.189,4.189,1.08744333333333,1.65,1,1.02324914273386,0.214,1.5
482,ASDEX,19830804,9891,1.24,0.0353805364034431,0.3738,2.188,4.31,1.9372,1.647,1,1.01587054633615,0.216211293260474,1.5
483,ASDEX,19830804,9891,1.299,0.0364563433065667,0.3735,2.188,4.391,1.9614,1.649,1,1.01432018289768,0.216434202546998,1.5
488,ASDEX,19830804,9892,1.209,0.0377579197981702,0.3749,2.189,4.036,1.7106,1.649,1,1.01664711322832,0.215706488781079,1.5
489,ASDEX,19830804,9892,1.257,0.0395288705503388,0.3735,2.189,4.021,1.77845,1.647,1,1.013184326119,0.216818457802064,1.5
490,ASDEX,19830804,9892,1.304,0.0370890893933618,0.373,2.191,4.001,1.93608,1.65,1,1.01128084538314,0.216787878787879,1.5
495,ASDEX,19830804,9893,1.187,0.025528256776952,0.3759,2.191,4.479,2.60899,1.652,1,1.01365985482786,0.215738498789346,1.5
496,ASDEX,19830804,9893,1.226,0.0245180256825967,0.3735,2.188,4.191,2.67691,1.646,1,1.01593902185405,0.216281895504253,1.5
497,ASDEX,19830804,9893,1.265,0.0284495454048507,0.3741,2.189,4.38,2.60664,1.653,1,1.00605952507802,0.2173018753781,1.5
503,ASDEX,19830804,9894,1.204,0.044551369620595,0.3752,2.188,4.748,1.81920833333333,1.655,1,1.00051403670179,0.218066465256798,1.5
504,ASDEX,19830804,9894,1.235,0.0350671022206337,0.3738,2.191,4.83,2.55999,1.651,1,0.995911086100992,0.21992731677771,1.5
510,ASDEX,19830804,9897,1.206,0.0399273843349157,0.3745,2.189,4.231,1.90925666666667,1.652,1,1.00536629802633,0.217615012106538,1.5
511,ASDEX,19830804,9897,1.253,0.032903467392677,0.3737,2.191,4.317,2.56562,1.65,1,0.997141094942269,0.219818181818182,1.5
516,ASDEX,19830804,9902,1.188,0.0383929016339125,0.4451,2.189,4.551,1.84573333333333,1.653,1,1.0202104221231,0.231094978826376,1.5
517,ASDEX,19830804,9902,1.228,0.044530217512096,0.4441,2.189,4.867,2.05233,1.654,1,1.01191126593922,0.232889963724305,1.5
518,ASDEX,19830804,9902,1.268,0.0379453395633534,0.4434,2.189,4.977,2.5705,1.654,1,1.00964388596271,0.233373639661427,1.5
523,ASDEX,19830804,9905,1.204,0.0453551590986101,0.4454,2.188,4.508,1.82503333333333,1.694,1,1.01700671438654,0.226387249114522,1.5
524,ASDEX,19830804,9905,1.239,0.03969537557463,0.4437,2.188,4.699,2.3449,1.691,1,1.01452255143188,0.227380248373743,1.5
525,ASDEX,19830804,9905,1.274,0.0383347385450021,0.4436,2.189,5.013,2.5621,1.692,1,1.01317762266439,0.227541371158392,1.5
530,ASDEX,19830804,9906,1.197,0.043898632973638,0.4453,2.19,4.672,1.76453333333333,1.693,1,1.01972058459382,0.225930301240402,1.5
531,ASDEX,19830804,9906,1.211,0.0515134906053347,0.4444,2.19,4.888,1.66018333333333,1.693,1,1.01669285779607,0.226580035440047,1.5
532,ASDEX,19830804,9906,1.224,0.0368728579350638,0.444,2.189,5.063,2.54003,1.693,1,1.01317762266439,0.22740696987596,1.5
537,ASDEX,19830804,9910,1.192,0.0362196000426578,0.3762,2.19,3.46,1.59408,1.691,1,1.00895823411743,0.235363690124187,1.5
538,ASDEX,19830804,9910,1.248,0.0481252402732611,0.3739,2.189,4.428,1.84298666666667,1.693,1,0.990371035527855,0.239515652687537,1.5
544,ASDEX,19830804,9913,1.196,0.0522738418765193,0.3759,2.191,3.8,1.22723666666667,1.692,1,1.00487207693225,0.23628841607565,1.5
545,ASDEX,19830804,9913,1.235,0.0490431777971758,0.3745,2.191,4.389,1.71094,1.692,1,0.994330645609412,0.23871158392435,1.5
546,ASDEX,19830804,9913,1.274,0.0422334382230317,0.3737,2.191,4.805,2.26062,1.692,1,0.989284946030546,0.239952718676123,1.5
551,ASDEX,19830804,9915,1.199,0.0354627408967024,0.3754,2.192,3.487,1.61733333333333,1.688,1,1.01223972296621,0.235071090047393,1.5
552,ASDEX,19830804,9915,1.247,0.0407540189615111,0.3742,2.191,3.634,1.63397666666667,1.687,1,1.00670632041075,0.236514522821577,1.5
553,ASDEX,19830804,9915,1.294,0.0387602893684613,0.374,2.191,3.782,1.90883,1.691,1,1.00193991590836,0.237078651685393,1.5
558,ASDEX,19830804,9916,1.186,0.0451901473618215,0.3766,2.191,3.675,1.34246666666667,1.692,1,1.00528018151524,0.236170212765957,1.5
559,ASDEX,19830804,9916,1.222,0.0446970910120936,0.375,2.192,4.202,1.83155,1.694,1,0.991551944428291,0.23913813459268,1.5
560,ASDEX,19830804,9916,1.258,0.0365526190226527,0.3733,2.192,4.438,2.55554,1.689,1,0.986250769150316,0.241030195381883,1.5
565,ASDEX,19830804,9917,1.211,0.0455119587047662,0.4454,2.379,4.963,1.89985,1.695,1,1.01467261757951,0.227787610619469,1.5
566,ASDEX,19830804,9917,1.255,0.0457215529100809,0.4436,2.379,5.49,2.27723333333333,1.697,1,1.00952497491082,0.228697701826753,1.5
567,ASDEX,19830804,9917,1.299,0.0416949829186891,0.4438,2.377,5.878,2.6165,1.692,1,1.0063799256037,0.230260047281324,1.5
572,ASDEX,19830804,9918,1.21,0.0443526620209252,0.4451,2.567,4.526,1.85677333333333,1.694,1,1.01509966834449,0.227922077922078,1.5
573,ASDEX,19830804,9918,1.26,0.0609918509663094,0.4441,2.567,5.398,1.78566,1.701,1,1.00636435782839,0.228924162257496,1.5
579,ASDEX,19830804,9919,1.213,0.0421495524447757,0.4456,2.567,4.374,2.02145333333333,1.694,1,1.01470431288536,0.228158205430933,1.5
580,ASDEX,19830804,9919,1.259,0.0526774969372535,0.4431,2.567,4.932,1.95410666666667,1.695,1,1.00811189434995,0.229439528023599,1.5
586,ASDEX,19830804,9920,1.125,0.0319734068502187,0.4446,2.568,3.702,2.24783333333333,1.699,1,1.01874547728773,0.226486168334314,1.5
587,ASDEX,19830804,9920,1.192,0.0558591244347712,0.4443,2.567,4.559,1.80030333333333,1.694,1,1.00975197552742,0.229220779220779,1.5
601,ASDEX,19830804,9922,1.253,0.047586222737443,0.4444,2.567,3.669,1.87743333333333,1.698,1,1.00921615776205,0.228621908127208,1.5
607,ASDEX,19840517,12190,1.183,0.0288971208019976,0.3154,2.213,3.454,1.61494666666667,1.632,1,0.984749213665512,0.248713235294118,1.5
609,ASDEX,19840517,12190,1.223,0.0266723639295618,0.3138,2.213,3.931,2.52079,1.627,1,0.962268515547013,0.255255070682237,1.5
614,ASDEX,19840517,12195,1.181,0.0358796871179797,0.3163,2.212,3.519,1.31214666666667,1.634,1,0.981641223199078,0.249143206854345,1.5
616,ASDEX,19840517,12195,1.219,0.0269575473220025,0.3148,2.211,3.919,2.5138,1.629,1,0.96385779037218,0.25438919582566,1.5
622,ASDEX,19840517,12200,1.202,0.0326553332857171,0.316,2.21,3.798,1.86397666666667,1.63,1,0.966196459657124,0.253680981595092,1.5
623,ASDEX,19840517,12200,1.225,0.0265330253374403,0.314,2.21,3.896,2.5972,1.626,1,0.961899406028199,0.255412054120541,1.5
629,ASDEX,19840517,12212,1.228,0.0399825078573771,0.3147,2.21,3.681,1.42286666666667,1.626,1,0.982901752832939,0.250061500615006,1.5
630,ASDEX,19840517,12212,1.258,0.0312368851906247,0.3132,2.21,3.714,1.9242,1.632,1,0.979516287937766,0.249938725490196,1.5
636,ASDEX,19840517,12213,1.212,0.0405743883057964,0.3152,2.211,3.797,1.47902333333333,1.628,1,0.973952165809369,0.252027027027027,1.5
637,ASDEX,19840517,12213,1.233,0.0307308363336727,0.3143,2.211,3.95,2.2591,1.63,1,0.969207374187438,0.252944785276074,1.5
642,ASDEX,19850719,16725,1.202,0.019915656695403,0.3129,2.191,2.485,2.01796666666667,1.652,1,0.980222717790248,0.2409200968523,1.5
643,ASDEX,19850719,16725,1.214,0.0192625856799695,0.3129,2.192,2.566,2.35129713333333,1.648,1,0.975219633307869,0.242718446601942,1.5
644,ASDEX,19850719,16725,1.225,0.0180290001074027,0.3109,2.191,2.584,2.6666,1.647,1,0.974661937266941,0.243108682452945,1.5
650,ASDEX,19850719,16732,1.217,0.0203651680634006,0.3131,2.194,2.502,2.24393333333333,1.649,1,0.976285626159144,0.242389326864767,1.5
651,ASDEX,19850719,16732,1.231,0.0181106397517276,0.3118,2.192,2.455,2.5903,1.643,1,0.975617519735167,0.243457090687766,1.5
657,ASDEX,19850719,16735,1.218,0.0212762666662849,0.3124,2.194,2.435,2.03706666666667,1.649,1,0.976465612329278,0.242268041237113,1.5
658,ASDEX,19850719,16735,1.23,0.0180346860917358,0.3119,2.194,2.508,2.65,1.65,1,0.975328737621959,0.242484848484848,1.5
664,ASDEX,19850719,16737,1.208,0.0213748613030184,0.3127,2.194,2.405,1.90452666666667,1.651,1,0.979639803129743,0.241187159297396,1.5
665,ASDEX,19850719,16737,1.223,0.0178326740878604,0.3114,2.194,2.49,2.636,1.648,1,0.975508383316604,0.242657766990291,1.5
671,ASDEX,19850719,16741,1.217,0.0225809253842545,0.3121,2.194,3.078,2.44577466666667,1.65,1,0.974155738165316,0.242606060606061,1.5
672,ASDEX,19850719,16741,1.235,0.0203106385194559,0.3113,2.192,3.008,2.7421,1.644,1,0.973688978069005,0.24367396593674,1.5
677,ASDEX,19850719,16743,1.345,0.0376135815384524,0.3717,2.379,3.739,1.96593666666667,1.673,1,0.991716444173469,0.241004184100418,1.5
678,ASDEX,19850719,16743,1.364,0.0361866336693336,0.3716,2.379,3.894,2.25729,1.672,1,0.986112207775389,0.242523923444976,1.5
679,ASDEX,19850719,16743,1.383,0.0306526167562067,0.371,2.379,3.956,2.84249,1.67,1,0.983188227175853,0.243532934131737,1.5
684,ASDEX,19850723,16783,1.15,0.0360734806453129,0.3126,2.181,3.029,1.06356666666667,1.652,1,1.01621794524423,0.226452784503632,1.5
685,ASDEX,19850723,16783,1.177,0.0350763298144519,0.312,2.178,3.214,1.21801333333333,1.653,1,1.01146486481932,0.227404718693285,1.5
686,ASDEX,19850723,16783,1.204,0.0318837857406628,0.3113,2.179,3.197,1.40273,1.649,1,1.01004006637624,0.228320194057004,1.5
692,ASDEX,19851105,17838,1.387,0.0201480400327714,0.3014,2.197,2.25,1.99360666666667,1.684,1,0.991562697466488,0.227969121140143,1.5
693,ASDEX,19851105,17838,1.406,0.0193934123461764,0.3008,2.197,2.362,2.2217,1.68,1,0.990492794813051,0.228809523809524,1.5
699,ASDEX,19851105,17844,1.418,0.0379973852116115,0.381,2.198,5.254,2.17474,1.658,1,0.994888415773455,0.242460796139928,1.5
700,ASDEX,19851105,17844,1.445,0.0319711808873337,0.381,2.197,5.295,2.81495,1.655,1,0.991124537671704,0.243746223564955,1.5
706,ASDEX,19851105,17845,1.425,0.0385841634147781,0.3812,2.195,5.332,2.20244666666667,1.64,1,0.992012655006333,0.245792682926829,1.5
707,ASDEX,19851105,17845,1.458,0.0336874271641318,0.381,2.197,5.387,2.79306,1.641,1,0.987284702100939,0.246861669713589,1.5
712,ASDEX,19851105,17846,1.393,0.0367660399976067,0.3812,2.195,4.961,1.78273333333333,1.631,1,1.00331855317462,0.244389944819129,1.5
713,ASDEX,19851105,17846,1.424,0.0379013480187384,0.3812,2.195,5.191,2.13180666666667,1.631,1,0.992706132607424,0.246965052115267,1.5
714,ASDEX,19851105,17846,1.454,0.0326615811502033,0.3809,2.195,5.428,2.82111,1.631,1,0.987379064379109,0.248436541998774,1.5
720,ASDEX,19851105,17849,1.549,0.0317320367915186,0.3812,2.195,5.143,2.14494,1.649,1,1.01127656179096,0.239781685870224,1.5
721,ASDEX,19851105,17849,1.589,0.0360176980698874,0.3809,2.195,5.219,2.04014,1.652,1,1.00697387180823,0.24043583535109,1.5
726,ASDEX,19851112,17994,1.257,0.025046032670164,0.3193,1.883,3.348,2.20963333333333,1.675,1,0.983759975026443,0.242925373134328,1.5
727,ASDEX,19851112,17994,1.274,0.0260081161284247,0.3208,1.882,3.552,2.38583333333333,1.675,1,0.980369425740628,0.243701492537313,1.5
728,ASDEX,19851112,17994,1.29,0.0243656281587343,0.3202,1.882,3.72,2.727754,1.677,1,0.978729085019005,0.243828264758497,1.5
734,ASDEX,19851114,18023,1.213,0.0256417976117927,0.32,2.197,3.333,2.31917333333333,1.657,1,0.977777199116438,0.246771273385637,1.5
735,ASDEX,19851114,18023,1.23,0.0237849243438676,0.3197,2.197,3.361,2.694921,1.652,1,0.973280323599081,0.248668280871671,1.5
741,ASDEX,19851114,18025,1.282,0.0255678196990387,0.3207,1.883,3.529,2.42716666666667,1.676,1,0.980472846812705,0.243377088305489,1.5
742,ASDEX,19851114,18025,1.299,0.0251735629197748,0.3207,1.883,3.702,2.682063,1.674,1,0.978739249200283,0.244026284348865,1.5
748,ASDEX,19851114,18026,1.273,0.02633061424311,0.3206,1.884,3.361,2.40603,1.67,1,0.979316453063746,0.244491017964072,1.5
749,ASDEX,19851114,18026,1.29,0.0248996982577483,0.3203,1.885,3.451,2.684572,1.667,1,0.978641551872921,0.245110977804439,1.5
755,ASDEX,19851114,18027,1.269,0.0262140783634278,0.3208,1.883,3.439,2.43950533333333,1.671,1,0.979316453063746,0.244344703770197,1.5
756,ASDEX,19851114,18027,1.285,0.024609263644027,0.3204,1.883,3.509,2.70057,1.667,1,0.977777199116438,0.245290941811638,1.5
762,ASDEX,19851114,18036,1.264,0.0269456622815468,0.3206,1.886,3.396,2.36801333333333,1.671,1,0.977289464499979,0.245002992220227,1.5
763,ASDEX,19851114,18036,1.276,0.0247262491108212,0.3195,1.885,3.437,2.6827,1.668,1,0.976043400795086,0.245743405275779,1.5
769,ASDEX,19851114,18049,1.241,0.026509060866324,0.3202,2.198,3.324,2.35908666666667,1.674,1,0.977289464499979,0.244563918757467,1.5
770,ASDEX,19851114,18049,1.259,0.0244903401892695,0.3204,2.198,3.388,2.682894,1.669,1,0.973846184252337,0.246135410425404,1.5
776,ASDEX,19851114,18053,1.228,0.0258151425907104,0.3204,2.198,3.407,2.45506666666667,1.675,1,0.97633026812493,0.24465671641791,1.5
777,ASDEX,19851114,18053,1.243,0.0244196992020607,0.3201,2.198,3.474,2.72621,1.669,1,0.974703421238136,0.245955662073098,1.5
783,ASDEX,19851114,18054,1.252,0.035777966001637,0.3211,2.198,3.255,1.59645333333333,1.671,1,0.990227819232876,0.241831238779174,1.5
784,ASDEX,19851114,18054,1.268,0.0330882710102139,0.3207,2.198,3.41,1.84847,1.668,1,0.988554357844453,0.242685851318945,1.5
790,ASDEX,19851114,18056,1.236,0.0290777822780913,0.3204,2.198,3.37,2.17356666666667,1.676,1,0.977864818854471,0.244152744630072,1.5
791,ASDEX,19851114,18056,1.253,0.0258935587631911,0.3207,2.198,3.46,2.62108666666667,1.67,1,0.972893730543354,0.24622754491018,1.5
797,ASDEX,19851114,18059,1.23,0.0282333673683483,0.3198,2.198,3.34,2.1705,1.673,1,0.977191853542394,0.244769874476987,1.5
798,ASDEX,19851114,18059,1.245,0.0242925688424211,0.3199,2.197,3.437,2.6996,1.671,1,0.974417512767942,0.245721125074806,1.5
804,ASDEX,19851114,18060,1.228,0.0298808556361892,0.3199,2.198,3.423,2.0846,1.675,1,0.974606316781267,0.245134328358209,1.5
805,ASDEX,19851114,18060,1.244,0.0259492734120931,0.3215,2.198,3.579,2.69427,1.675,1,0.97241558576753,0.245671641791045,1.5
811,ASDEX,19851114,18061,1.239,0.0266610276993346,0.3203,2.198,3.495,2.5397,1.677,1,0.974034804470088,0.244961240310078,1.5
812,ASDEX,19851114,18061,1.263,0.0259990156753938,0.3199,2.197,3.449,2.6851,1.666,1,0.973463942753102,0.246698679471789,1.5
817,ASDEX,19851121,18170,1.21,0.0361969144455562,0.3203,2.293,3.351,1.16104333333333,1.68,1,1.01885044428631,0.222440476190476,1.5
818,ASDEX,19851121,18170,1.25,0.0338766456037241,0.3192,2.291,3.663,1.35012,1.676,1,1.01668266312356,0.223508353221957,1.5
819,ASDEX,19851121,18170,1.27,0.0328599090863591,0.3197,2.291,3.669,1.4046,1.676,1,1.01677177433674,0.223448687350835,1.5
825,ASDEX,19851122,18192,1.366,0.0266630582977248,0.3002,2.198,2.24,1.543405,1.68,1,0.99591238128613,0.227440476190476,1.5
826,ASDEX,19851122,18192,1.384,0.0245310591131991,0.3007,2.198,2.3,1.76088,1.678,1,0.994530721167105,0.228069129916567,1.5
832,ASDEX,19851128,18302,1.211,0.0286984227970228,0.3217,2.201,4.077,2.40091,1.681,1,0.981007459545996,0.236644854253421,1.5
833,ASDEX,19851128,18302,1.229,0.0274798049654489,0.3198,2.201,4.093,2.6251,1.676,1,0.977353722575122,0.238305489260143,1.5
839,ASDEX,19851128,18307,1.229,0.0244631075708358,0.3204,2.202,3.613,2.601932,1.667,1,0.982762919170089,0.238272345530894,1.5
840,ASDEX,19851128,18307,1.268,0.0248862824590638,0.3195,2.201,3.515,2.5955,1.67,1,0.981208609322405,0.238203592814371,1.5
845,ASDEX,19851128,18308,1.188,0.0377373982994152,0.3833,2.611,3.673,1.46594666666667,1.684,1,1.00875912503791,0.229631828978622,1.5
846,ASDEX,19851128,18308,1.211,0.0307192399854534,0.3816,2.611,3.868,2.21723966666667,1.682,1,1.00346126317573,0.231093935790725,1.5
847,ASDEX,19851128,18308,1.234,0.0273211725551227,0.3809,2.611,3.849,2.67721,1.677,1,0.999335777209298,0.232796660703637,1.5
853,ASDEX,19851128,18310,1.211,0.0327215806349363,0.3813,2.2,3.82,2.15790666666667,1.671,1,1.00195600331975,0.233034111310592,1.5
854,ASDEX,19851128,18310,1.234,0.0280603835801105,0.3811,2.2,3.702,2.63274,1.667,1,0.999753472413983,0.234193161367726,1.5
859,ASDEX,19851129,18351,1.242,0.0467147409942368,0.382,2.262,4.723,1.77100666666667,1.684,1,0.996978677654006,0.238301662707838,1.5
860,ASDEX,19851129,18351,1.258,0.0406189116862607,0.3821,2.262,4.723,2.12961333333333,1.679,1,0.99329469355561,0.239904705181656,1.5
861,ASDEX,19851129,18351,1.274,0.0355559837311277,0.3817,2.262,4.805,2.54738,1.679,1,0.992309037755664,0.240023823704586,1.5
866,ASDEX,19851129,18355,1.252,0.0414987987467149,0.3816,2.263,4.588,2.02680666666667,1.673,1,0.993692672802567,0.240645546921698,1.5
867,ASDEX,19851129,18355,1.266,0.0363497712579652,0.3806,2.261,4.573,2.424924,1.672,1,0.990623368869502,0.241566985645933,1.5
868,ASDEX,19851129,18355,1.28,0.0355262117900438,0.3821,2.261,4.596,2.57368,1.671,1,0.989443099395872,0.24195092758827,1.5
873,ASDEX,19851129,18365,1.212,0.0263265024115608,0.3817,2.263,4.326,2.59151666666667,1.678,1,1.01004006637624,0.224374255065554,1.5
874,ASDEX,19851129,18365,1.276,0.0288064609598291,0.3818,2.262,4.213,2.55608,1.675,1,1.00951456406442,0.225134328358209,1.5
875,ASDEX,19851129,18365,1.339,0.0285775735448638,0.3807,2.262,4.204,2.62673,1.676,1,1.00635934214313,0.225477326968974,1.5
880,ASDEX,19860108,18561,1.323,0.0247257183023377,0.3209,2.204,3.401,2.35696666666667,1.669,1,0.992409502960646,0.241402037147993,1.5
881,ASDEX,19860108,18561,1.34,0.0259802515619913,0.3212,2.204,3.767,2.52266666666667,1.665,1,0.989448112288598,0.242702702702703,1.5
882,ASDEX,19860108,18561,1.356,0.0246615491664442,0.3208,2.204,3.989,2.84708,1.664,1,0.987483650906724,0.243329326923077,1.5
887,ASDEX,19860108,18562,1.334,0.0250857408537183,0.3215,2.204,3.464,2.50961,1.67,1,0.988365243084025,0.242275449101796,1.5
888,ASDEX,19860108,18562,1.355,0.0262336797851093,0.3204,2.204,3.765,2.64134333333333,1.665,1,0.986797454877217,0.243363363363363,1.5
889,ASDEX,19860108,18562,1.375,0.0257243130020917,0.3204,2.204,3.929,2.82543,1.663,1,0.985234610682747,0.244016837041491,1.5
894,ASDEX,19860108,18564,1.317,0.0263824520651271,0.3214,2.205,3.296,2.1911,1.673,1,0.990728727086466,0.241243275552899,1.5
895,ASDEX,19860108,18564,1.337,0.0256422664422738,0.3206,2.204,3.591,2.56160333333333,1.666,1,0.986603585043253,0.243217286914766,1.5
896,ASDEX,19860108,18564,1.357,0.0248810414720244,0.3209,2.204,3.804,2.82621,1.663,1,0.986504342444157,0.24371617558629,1.5
902,ASDEX,19860108,18565,1.349,0.0264242527509055,0.3215,2.202,3.511,2.5677,1.667,1,0.984551541054122,0.243611277744451,1.5
903,ASDEX,19860108,18565,1.365,0.0251080748842375,0.321,2.202,3.671,2.81827,1.664,1,0.983968137329395,0.244170673076923,1.5
909,ASDEX,19860108,18566,1.359,0.0268837960165735,0.3208,2.202,3.4,2.50842666666667,1.667,1,0.983188227175853,0.243971205758848,1.5
910,ASDEX,19860108,18566,1.392,0.0259297549573605,0.3206,2.202,3.651,2.80139,1.663,1,0.982606455415312,0.244678292242934,1.5
916,ASDEX,19860108,18571,1.382,0.0278354893000996,0.3214,2.077,3.008,2.29151666666667,1.67,1,0.983671901121153,0.243473053892216,1.5
917,ASDEX,19860108,18571,1.398,0.0247403977886844,0.3203,2.077,3.179,2.74859,1.666,1,0.980570954204988,0.244777911164466,1.5
923,ASDEX,19860115,18773,1.168,0.0442020953727478,0.3823,2.328,4.571,1.9037,1.679,1,1.01278842390854,0.23222156045265,1.5
924,ASDEX,19860115,18773,1.194,0.0427566194364383,0.3817,2.328,4.883,2.10048,1.68,1,1.00908833998942,0.232916666666667,1.5
930,ASDEX,19860124,18929,1.254,0.0282606630273192,0.3198,2.205,3.263,2.12524666666667,1.661,1,0.996855119392896,0.238531005418423,1.5
931,ASDEX,19860124,18929,1.274,0.0293402715967586,0.3199,2.205,3.435,2.15831,1.657,1,0.996554777172168,0.239167169583585,1.5
937,ASDEX,19860124,18930,1.249,0.0288806780299239,0.321,2.205,3.236,2.0619,1.667,1,0.997155637916856,0.237612477504499,1.5
938,ASDEX,19860124,18930,1.259,0.0273903402659404,0.3204,2.205,3.337,2.22155,1.661,1,0.995954621032296,0.238711619506321,1.5
943,ASDEX,19860124,18951,1.236,0.0319118551819827,0.3822,2.393,3.886,2.28758,1.653,1,1.00210766194611,0.241379310344828,1.5
944,ASDEX,19860124,18951,1.273,0.0329305075110344,0.3817,2.392,4.171,2.65834666666667,1.651,1,0.997186692349993,0.24282253179891,1.5
945,ASDEX,19860124,18951,1.31,0.0316737436647382,0.3802,2.39,4.188,2.83993,1.649,1,0.996289208510208,0.243298969072165,1.5
950,ASDEX,19860228,19729,0.886,0.0339745764642401,0.3784,2.398,3.451,1.7226,1.671,1,0.99908308582751,0.239616995810892,1.5
951,ASDEX,19860228,19729,0.903,0.0383809303274321,0.3782,2.398,3.656,1.77553333333333,1.671,1,0.992997771782792,0.241113105924596,1.5
952,ASDEX,19860228,19729,0.92,0.0290568530633249,0.3777,2.398,3.778,2.6593,1.671,1,0.987478667661274,0.242429682824656,1.5
957,ASDEX,19860228,19731,0.877,0.0365499195103762,0.3773,2.208,3.415,1.29575666666667,1.663,1,1.0138507238109,0.237221888153939,1.5
958,ASDEX,19860228,19731,0.913,0.0475537323901612,0.3777,2.209,3.796,1.37299666666667,1.666,1,1.00210250448544,0.239615846338535,1.5
959,ASDEX,19860228,19731,0.948,0.0369798318285462,0.3776,2.21,3.839,2.01477,1.662,1,0.996578049536641,0.241576413959085,1.5
964,ASDEX,19860318,20061,1.209,0.040692730208655,0.3796,2.207,4.428,1.91033,1.667,1,0.995985671064557,0.240851829634073,1.5
965,ASDEX,19860318,20061,1.232,0.0379686438109591,0.3794,2.206,4.606,2.29252,1.665,1,0.990918863646091,0.242522522522523,1.5
966,ASDEX,19860318,20061,1.254,0.0335238399504542,0.3796,2.207,4.62,2.73686,1.663,1,0.988554357844453,0.243415514131088,1.5
971,ASDEX,19860318,20070,1.172,0.041080496522788,0.3807,2.206,4.455,1.78939333333333,1.667,1,0.997577462992718,0.240611877624475,1.5
972,ASDEX,19860318,20070,1.193,0.0425501510427863,0.3801,2.207,4.635,1.99027666666667,1.668,1,0.990918863646091,0.242086330935252,1.5
973,ASDEX,19860318,20070,1.213,0.0339240365543561,0.3788,2.207,4.653,2.70411,1.665,1,0.986886540094019,0.243543543543544,1.5
978,ASDEX,19860320,20158,1.256,0.0296818788553076,0.319,2.206,3.86,2.47900666666667,1.67,1,0.968441530921256,0.247365269461078,1.5
979,ASDEX,19860320,20158,1.265,0.0282919986514025,0.3184,2.207,3.923,2.67438333333333,1.669,1,0.96806351634858,0.247633313361294,1.5
980,ASDEX,19860320,20158,1.274,0.0274519717079193,0.3177,2.207,3.933,2.76629,1.665,1,0.967595230702341,0.248288288288288,1.5
985,ASDEX,19860320,20159,1.171,0.03457173777765,0.308,2.207,3.723,1.6528,1.676,1,0.979115523614437,0.243854415274463,1.5
986,ASDEX,19860320,20159,1.193,0.0251656715715755,0.3091,2.206,3.959,2.76156,1.673,1,0.968532142030378,0.246981470412433,1.5
987,ASDEX,19860320,20159,1.214,0.0255536015647996,0.3088,2.207,3.935,2.80349,1.664,1,0.965902046874529,0.248918269230769,1.5
992,ASDEX,19860320,20161,1.224,0.0307162530948928,0.3196,2.205,3.559,1.9306,1.673,1,0.980467691482099,0.243933054393305,1.5
993,ASDEX,19860320,20161,1.247,0.0339583073696591,0.3186,2.205,3.837,2.1064,1.672,1,0.970518126045884,0.246590909090909,1.5
994,ASDEX,19860320,20161,1.269,0.028226707564593,0.319,2.205,3.966,2.76578,1.67,1,0.965621268444649,0.248083832335329,1.5
1001,ASDEX,19860324,20227,1.129,0.0220912926290224,0.3188,2.204,3.938,3.2816,1.67,1,0.969322224213064,0.240958083832335,1.5
1006,ASDEX,19860324,20233,1.069,0.0326926005144046,0.3812,2.08,3.263,1.78381,1.654,1,1.00081214457817,0.235489721886336,1.5
1007,ASDEX,19860324,20233,1.099,0.0282885828608131,0.3794,2.079,3.494,2.57543333333333,1.649,1,0.993908763110755,0.237841115827774,1.5
1008,ASDEX,19860324,20233,1.128,0.0278465465967947,0.3784,2.079,3.636,2.88337,1.657,1,0.992112520727995,0.237054918527459,1.5
1013,ASDEX,19860324,20235,1.07,0.031254094095564,0.381,2.205,3.739,2.0311,1.65,1,1.00151506529492,0.235878787878788,1.5
1014,ASDEX,19860324,20235,1.082,0.0274705515665219,0.3794,2.204,3.778,2.51436,1.647,1,0.999200062192147,0.23685488767456,1.5
1015,ASDEX,19860324,20235,1.094,0.0238466958232123,0.3793,2.205,3.72,2.9312,1.64,1,0.998594200973957,0.237987804878049,1.5
1020,ASDEX,19860324,20236,1.062,0.028161586766219,0.3512,2.205,3.808,2.13623,1.675,1,0.997405853415258,0.233373134328358,1.5
1021,ASDEX,19860324,20236,1.073,0.0227225550274476,0.35,2.205,3.845,2.85270666666667,1.669,1,0.993815778184714,0.23505092869982,1.5
1022,ASDEX,19860324,20236,1.084,0.0215733680117102,0.349,2.204,3.689,2.9376,1.661,1,0.993030679382614,0.236423841059603,1.5
1027,ASDEX,19860324,20237,1.055,0.0297389498277377,0.3508,2.175,3.711,1.82096333333333,1.674,1,1.00263988824283,0.23231780167264,1.5
1028,ASDEX,19860324,20237,1.07,0.0300546073809723,0.3505,2.173,3.901,2.14866,1.671,1,0.995317146490978,0.234470377019749,1.5
1029,ASDEX,19860324,20237,1.084,0.0224717387419183,0.3486,2.173,3.823,2.93872,1.662,1,0.992638556061876,0.236401925391095,1.5
1034,ASDEX,19860324,20238,1.059,0.0294092307084405,0.351,2.141,3.883,2.04562,1.676,1,0.996313650431038,0.233532219570406,1.5
1035,ASDEX,19860324,20238,1.087,0.02476173873465,0.3495,2.14,3.846,2.83957,1.666,1,0.989881876094246,0.23655462184874,1.5
1036,ASDEX,19860324,20238,1.114,0.0252792357581115,0.3481,2.141,3.646,2.83672,1.662,1,0.985643712121015,0.238026474127557,1.5
1042,ASDEX,19860324,20239,1.071,0.0335054222510866,0.3499,2.204,3.878,1.84900333333333,1.668,1,0.996594111766682,0.23447242206235,1.5
1043,ASDEX,19860324,20239,1.088,0.0260646898428405,0.3492,2.202,3.817,2.53405,1.664,1,0.993536617817604,0.2359375,1.5
1048,ASDEX,19860324,20240,1.059,0.0458970299477714,0.3506,2.204,3.671,1.0971,1.67,1,1.00954800839982,0.231197604790419,1.5
1049,ASDEX,19860324,20240,1.077,0.0382454797046835,0.3499,2.204,3.799,1.52841666666667,1.666,1,1.00212445841547,0.233493397358944,1.5
1050,ASDEX,19860324,20240,1.094,0.0288668197751496,0.3486,2.204,3.81,2.17389,1.663,1,0.999106103670139,0.234636199639206,1.5
1055,ASDEX,19860324,20241,1.071,0.0424140093735919,0.3508,2.204,3.696,1.29604,1.668,1,1.00577493121893,0.232374100719424,1.5
1056,ASDEX,19860324,20241,1.093,0.0324187098066997,0.3494,2.204,3.718,1.86695666666667,1.663,1,1.00041393967239,0.234335538184005,1.5
1057,ASDEX,19860324,20241,1.114,0.0276557727767472,0.3481,2.204,3.531,2.1778,1.656,1,0.999712538174077,0.235507246376812,1.5
1063,ASDEX,19860324,20243,1.189,0.0322441024450741,0.3188,1.946,3.755,2.1265,1.686,1,0.972893730543354,0.243890865954923,1.5
1064,ASDEX,19860324,20243,1.209,0.027388082546756,0.3175,1.946,4.065,2.836,1.68,1,0.967695428046894,0.245892857142857,1.5
1069,ASDEX,19860324,20247,1.257,0.0179302153708971,0.3196,1.714,3.234,2.785436,1.674,1,0.993782130212321,0.240681003584229,1.5
1070,ASDEX,19860324,20247,1.273,0.0195131538442933,0.3177,1.713,3.47,2.77412933333333,1.673,1,0.990718091694351,0.24148236700538,1.5
1071,ASDEX,19860324,20247,1.297,0.0203795989325519,0.318,1.713,3.671,2.8155,1.67,1,0.992398909260998,0.241497005988024,1.5
1076,ASDEX,19900220,31138,1.263,0.0319754796448294,0.3419,2.629,2.908,1.26577666666667,1.685,1,1.01060467129874,0.226290801186944,2
1083,ASDEX,19900220,31140,1.27,0.024620484572729,0.3206,2.628,2.954,1.55373666666667,1.685,1,1.00621007076562,0.227299703264095,2
1085,ASDEX,19900220,31140,1.325,0.0289861029665683,0.3185,2.629,3.858,2.20659,1.68,1,0.989216666716016,0.23202380952381,2
1104,ASDEX,19900220,31148,1.286,0.0346021370636082,0.4219,2.436,3.017,1.7089,1.688,1,1.0215077143992,0.22345971563981,2
1106,ASDEX,19900220,31148,1.35,0.0452706857551796,0.4198,2.436,4.268,2.1044,1.69,1,1.00899354216117,0.226094674556213,2
1111,ASDEX,19900220,31151,1.248,0.0334371709410463,0.3847,2.189,3.044,1.3553,1.685,1,1.02036685656072,0.224154302670623,2
1113,ASDEX,19900220,31151,1.338,0.0437458848720646,0.3788,2.189,4.348,2.15773,1.685,1,0.997780489594392,0.229436201780415,2
1118,ASDEX,19900220,31152,1.24,0.0275312252015377,0.3442,1.942,2.964,1.3397,1.683,1,1.01614231250669,0.225549613784908,2
1127,ASDEX,19900220,31153,1.323,0.0439376321731364,0.4216,2.006,3.65,1.76335,1.678,1,1.01638816774261,0.225923718712753,2
1167,ASDEX,19900518,31779,1.243,0.0310148555113866,0.282,1.751,2.617,0.88964,1.677,1,1.01722296011554,0.229338103756708,1.5
1183,ASDEX,19900605,32027,1.31,0.0332429605050716,0.2783,1.623,3.531,1.57641,1.669,1,0.987855782886068,0.237567405632115,2
1211,ASDEX,19900605,32032,1.269,0.018331312188075,0.2799,1.498,3.283,2.37316666666667,1.664,1,0.988715316231903,0.23515625,2
1239,ASDEX,19900605,32038,1.38,0.031042650067328,0.2776,2.492,4.389,2.29028,1.676,1,0.965067131451381,0.241646778042959,2
1244,ASDEX,19900605,32040,1.253,0.0341358749928355,0.4233,2.614,2.763,1.33993333333333,1.673,1,1.02256894005871,0.228093245666467,2
1245,ASDEX,19900605,32040,1.32,0.0537309036868928,0.4204,2.613,3.361,1.59134,1.675,1,1.00401764064169,0.232238805970149,2
1246,ASDEX,19900605,32040,1.384,0.0509948457627051,0.4187,2.613,3.8,2.07463333333333,1.684,1,0.998353186541078,0.232185273159145,2
1253,ASDEX,19900605,32045,1.403,0.0515279440510112,0.4183,2.618,3.704,1.96296666666667,1.68,1,0.9985613936707,0.232738095238095,2
1258,ASDEX,19900605,32046,1.249,0.0367257974271964,0.4237,2.494,2.867,1.25543333333333,1.673,1,1.0259510421366,0.227375971309026,2
1260,ASDEX,19900605,32046,1.369,0.0516649114381329,0.4182,2.492,4.003,2.10666666666667,1.683,1,0.998580602215311,0.232442067736185,2
1265,ASDEX,19900605,32047,1.253,0.0330808204407583,0.424,2.363,2.772,1.3926,1.671,1,1.02521323831694,0.227827648114901,2
1266,ASDEX,19900605,32047,1.345,0.0620254321822049,0.4211,2.366,3.845,1.63099866666667,1.677,1,1.00270046937926,0.232259988073942,2
1267,ASDEX,19900605,32047,1.39,0.053719449235787,0.4183,2.363,4.267,2.1164585,1.685,1,0.999469897298122,0.23186943620178,2
1272,ASDEX,19900605,32048,1.253,0.0319359486048336,0.4246,2.18,2.811,1.4213,1.672,1,1.02607141855366,0.227571770334928,2
1274,ASDEX,19900605,32048,1.38,0.0486771037913219,0.4193,2.181,4.024,2.194538,1.677,1,1.0006837473246,0.232737030411449,2
1280,ASDEX,19900605,32050,1.38,0.0535062245052222,0.4208,2.803,3.318,1.66360866666667,1.674,1,1.00338657989962,0.232377538829152,2
1281,ASDEX,19900605,32050,1.459,0.0474023084011513,0.4182,2.803,3.858,2.19927,1.675,1,0.999753472413983,0.233074626865672,2
1293,ASDEX,19900605,32053,1.31,0.0460966212360736,0.4211,2.179,2.984,1.32063333333333,1.683,1,1.01903326711922,0.227688651218063,2
1300,ASDEX,19900605,32054,1.27,0.0370020702711069,0.4235,2.178,2.874,1.44936666666667,1.682,1,1.02195549019601,0.227110582639715,2
1307,ASDEX,19900605,32055,1.288,0.054738059720119,0.4626,2.803,2.801,1.08653333333333,1.677,1,1.02423583575344,0.227072152653548,2
1314,ASDEX,19900605,32056,1.32,0.0459777838420418,0.4615,2.493,3.007,1.55857666666667,1.677,1,1.02078779601698,0.227966607036374,2
1321,ASDEX,19900605,32057,1.254,0.0359823533803101,0.4646,2.363,2.87,1.3865,1.677,1,1.03148956028477,0.225641025641026,2
1322,ASDEX,19900605,32057,1.333,0.0580570084594177,0.4614,2.366,3.238,1.46176333333333,1.679,1,1.0177944493381,0.228588445503276,2
1328,ASDEX,19900605,32058,1.265,0.0352954334045999,0.3829,2.366,2.873,1.38915,1.684,1,1.01581438829703,0.22832541567696,2
1335,ASDEX,19900605,32060,1.341,0.0348211794031079,0.3815,2.425,2.635,1.37713333333333,1.685,1,1.01427103357232,0.228605341246291,2
1342,ASDEX,19900605,32061,1.3,0.0426264816591909,0.3812,2.396,3.048,1.38595666666667,1.686,1,1.00870330754266,0.229655990510083,2
1349,ASDEX,19900605,32065,1.249,0.0328089067685105,0.3834,2.272,2.893,1.31006666666667,1.683,1,1.02039373598767,0.22739156268568,2
1356,ASDEX,19900605,32068,1.249,0.0318025008956954,0.3832,2.427,2.829,1.359,1.684,1,1.01871827708804,0.227612826603325,2
1433,ASDEX,19900619,32298,1.274,0.0315443155099102,0.2807,1.75,2.737,1.02067,1.681,1,1.01329415180396,0.227067221891731,2
1440,ASDEX,19900619,32299,1.265,0.03232553444593,0.2806,1.751,2.676,0.932433333333333,1.681,1,1.01567492756776,0.226531826293873,2
1447,ASDEX,19900619,32300,1.256,0.0310746994281459,0.2809,1.747,2.698,0.9568,1.682,1,1.01558048535244,0.226456599286564,2
1454,ASDEX,19900619,32305,1.393,0.0398812229747191,0.4614,2.8,2.955,1.5486,1.676,1,1.02813088736462,0.223866348448687,2
1461,ASDEX,19900619,32306,1.394,0.0366019710454509,0.4611,2.801,2.918,1.64573333333333,1.676,1,1.02845291823225,0.223806682577566,2
1468,ASDEX,19900619,32307,1.368,0.0402938251452904,0.4611,2.801,2.693,1.4619,1.676,1,1.0287404110702,0.2236276849642,2
1515,AUG,19950518,6483,4,0.0947539467585728,1.002,-2.09,9.923,4.55247,1.649,1.1208,1.634869158,0.300363856882959,2
1516,AUG,19960221,7439,3,0.129479290382066,0.9974,-2.499,4.502,2.574794,1.657,1.09435,1.614722996,0.299456849728425,2
1517,AUG,19960221,7440,3,0.12712590795035,0.9968,-2.499,4.773,2.605181,1.658,1.09369,1.615374028,0.299215922798552,2
1518,AUG,19960221,7441,3,0.129379800328897,0.9967,-2.499,5.165,2.65737,1.659,1.09393,1.61995304,0.298493068113321,2
1519,AUG,19960221,7444,2.4,0.104824915795344,0.9985,-2.497,6.596,4.55438,1.647,1.113,1.62198405,0.299635701275046,2
1520,AUG,19960221,7444,3,0.0978998573794772,0.9979,-2.497,6.948,4.736345,1.651,1.1106,1.631226106,0.298061780738946,2
1521,AUG,19960221,7446,2.4,0.102875988182093,0.9976,-2.497,5.923,4.59303,1.648,1.1145,1.625292769,0.298907766990291,2
1522,AUG,19960221,7446,3,0.100624734445159,0.9974,-2.497,6.019,4.68359,1.651,1.1143,1.634558591,0.297637795275591,2
1523,AUG,19960221,7468,3,0.103260429013042,0.997,-2.497,5.969,4.56443,1.651,1.1141,1.633893528,0.297698364627498,2
1524,AUG,19960221,7469,2.4,0.107322613003151,0.9975,-2.497,6.333,4.52598,1.646,1.1146,1.622649279,0.299635479951397,2
1525,AUG,19960221,7469,3,0.104032614541757,0.997,-2.496,5.99,4.59243,1.65,1.1147,1.633916612,0.297636363636364,2
1526,AUG,19960221,7470,2.8,0.103002854884335,0.9979,-2.497,5.979,4.59213,1.651,1.1137,1.633916612,0.297456087219867,2
1527,AUG,19960221,7471,2.4,0.107871937972046,0.9982,-2.497,6.265,4.48314,1.647,1.1137,1.625292769,0.299089253187614,2
1528,AUG,19960221,7471,3,0.103647566100508,0.9972,-2.497,5.831,4.5688,1.651,1.1139,1.637248754,0.297153240460327,2
1529,AUG,19960223,7555,2.498,0.106692611150256,0.9977,-2.499,6.717,4.59828,1.648,1.115,1.629949144,0.298118932038835,2
1530,AUG,19960223,7557,2.409,0.136007204871866,0.7964,-2.017,6.047,2.09858,1.649,1.1078,1.632120452,0.303820497271073,2
1531,AUG,19960223,7558,2.399,0.122176279204655,0.796,-2.016,5.804,2.20684,1.659,1.1061,1.62552575,0.30295358649789,2
1532,AUG,19960301,7634,3.499,0.0800882394696895,0.7961,-2.115,6.266,4.57845,1.647,1.1322,1.616566341,0.305768063145112,2
1533,AUG,19960301,7639,3.5,0.0849186272487433,0.7975,-2.016,6.375,4.60535,1.649,1.1365,1.624361345,0.304426925409339,2
1534,AUG,19960301,7640,3.501,0.082798180162247,0.796,-2.017,6.382,4.73229,1.649,1.1389,1.622421616,0.304608853850819,2
1535,AUG,19960301,7641,3.5,0.0884005107705974,0.7956,-2.017,6.395,4.503,1.647,1.1398,1.618581115,0.305221615057681,2
1536,AUG,19960301,7643,3.5,0.0870634647081958,0.7963,-2.017,6.423,4.52598,1.649,1.1385,1.622481465,0.304366282595512,2
1537,AUG,19960305,7654,3.81,0.106743007745267,0.9967,-2.506,9.137,4.648,1.647,1.1107,1.626564171,0.299574984820886,2
1538,AUG,19960307,7691,1.45,0.0922737096139388,0.8001,-2.025,5.025,4.24311,1.639,1.1405,1.613078084,0.305796217205613,2
1539,AUG,19960307,7691,1.8,0.0751561437446769,0.8,-2.022,4.995,6.05852,1.641,1.164,1.640163206,0.301340645947593,2
1540,AUG,19960307,7696,1.75,0.112417335708534,1.001,-2.507,7.12,4.50769,1.648,1.1151,1.612829747,0.298847087378641,2
1541,AUG,19960307,7707,1.75,0.105760175839462,0.9996,-2.508,7.376,4.520487,1.647,1.1106,1.609566314,0.299574984820886,2
1542,AUG,19960307,7707,2.5,0.132503715937242,0.998,-2.508,8.024,2.72475,1.647,1.09065,1.62069935,0.299149969641773,2
1543,AUG,19960424,7933,2.003,0.098646618604364,0.9975,-2.511,7.256,4.37349,1.654,1.1076,1.605671485,0.300120918984281,2
1544,AUG,19960424,7933,2.803,0.0878967360444853,0.9965,-2.511,7.096,4.59657,1.662,1.1031,1.63457067,0.295547533092659,2
1545,AUG,19960424,7933,3.503,0.0876312036191028,0.9963,-2.511,6.996,4.4873,1.662,1.1011,1.636556218,0.295487364620939,2
1546,AUG,19960424,7934,2.002,0.0953874537927905,0.9979,-2.512,7.21,4.513906,1.655,1.1061,1.6069716,0.299456193353474,2
1547,AUG,19960424,7934,3.002,0.0877732029838219,0.9965,-2.51,7.124,4.67052,1.663,1.1026,1.635937318,0.294888755261575,2
1548,AUG,19960502,8006,3.4,0.0937016386997623,0.9971,-2.508,7.12,4.47672,1.665,1.1149,1.608,0.299159159159159,2
1549,AUG,19960502,8007,2.25,0.103251461588637,0.9981,-2.507,6.989,4.623736,1.663,1.1244,1.601,0.299579073962718,2
1550,AUG,19960502,8007,3.2,0.0842374953363022,0.9976,-2.507,6.614,6.29865,1.665,1.1364,1.607,0.298318318318318,2
1551,AUG,19960502,8014,2.42,0.0819494584837545,0.7974,-1.518,6.326,4.7644,1.68,1.1331,1.661,0.290416666666667,2
1552,AUG,19960502,8014,2.7,0.0660289927345427,0.7978,-1.517,6.156,6.65753,1.683,1.1509,1.671,0.288235294117647,2
1553,AUG,19960503,8023,2.5,0.107698424885925,0.9972,-2.506,5.695,4.5584,1.663,1.1303,1.603,0.299218280216476,2
1554,AUG,19960503,8023,3.4,0.0932909352924374,0.9976,-2.505,6.121,6.23142,1.665,1.1452,1.608,0.297717717717718,2
1555,AUG,19960503,8025,2,0.0923439733727903,0.9988,-2.505,6.191,6.39346,1.665,1.1458,1.602,0.298258258258258,2
1557,AUG,19960503,8030,2.55,0.0607738416058312,0.7961,-1.923,7.492,6.1227,1.664,1.1203,1.625,0.297415865384615,1.5
1558,AUG,19960507,8039,1.498,0.0553031818723004,0.5993,-2.502,3.732,4.073545,1.666,1.1882,1.608,0.293517406962785,2
1559,AUG,19960507,8040,1.55,0.0717078108745987,0.8001,-1.515,5.788,6.25807,1.665,1.1573,1.66,0.291651651651652,2
1560,AUG,19960507,8041,1.6,0.0735461410296057,0.7992,-1.515,7.697,6.33796,1.662,1.1504,1.635,0.294645006016847,2
1561,AUG,19960507,8041,2.1,0.0477681316693796,0.7981,-1.514,6.344,8.2935,1.668,1.148,1.673,0.289868105515588,2
1562,AUG,19960507,8042,1.6,0.0750343889705193,0.7993,-1.515,8.087,6.3974,1.662,1.1525,1.639,0.294223826714801,2
1563,AUG,19960507,8042,2.102,0.0492879015175109,0.7992,-1.514,6.904,8.41246,1.669,1.1485,1.674,0.289634511683643,2
1564,AUG,19960507,8044,2.6,0.0864895295638177,1,-2.506,6.604,6.30585,1.656,1.1348,1.607,0.298369565217391,2
1565,AUG,19960507,8044,3,0.086236606378187,0.9993,-2.506,6.479,6.30524,1.657,1.136,1.606,0.2985515992758,2
1566,AUG,19960507,8044,3.1,0.0868369078968241,0.9994,-2.506,6.527,6.3038,1.657,1.1363,1.604,0.2987929993965,2
1567,AUG,19960507,8045,2,0.0963661633955182,0.9988,-2.507,7.04,4.38531,1.657,1.1138,1.61,0.29843089921545,2
1568,AUG,19960507,8045,2.85,0.0794465396845653,0.9996,-2.505,6.389,7.867303,1.659,1.1531,1.606,0.297588908981314,2
1569,AUG,19960509,8087,1.6,0.0752980810780532,0.8001,-1.514,7.574,6.2483,1.662,1.1501,1.64,0.29410348977136,2
1570,AUG,19960509,8087,2.1,0.0486691226067556,0.7991,-1.514,6.423,8.28739,1.669,1.1473,1.674,0.289334931096465,2
1571,AUG,19960509,8087,2.13,0.0484655555408081,0.7994,-1.513,6.427,8.28769,1.669,1.1466,1.674,0.289215098861594,2
1572,AUG,19960509,8087,2.98,0.143057773871843,0.7988,-1.517,8.754,2.6171,1.661,1.1212,1.637,0.295484647802529,2
1573,AUG,19960509,8090,1.9,0.0772186792812739,0.7993,-1.514,8.005,6.4104308,1.665,1.1567,1.643,0.293213213213213,2
1574,AUG,19960509,8090,3.1,0.153232044725996,0.7982,-1.517,9.499,2.6204,1.661,1.1292,1.63,0.296508127633955,2
1575,AUG,19960509,8090,3.412,0.133497126537478,0.7975,-1.517,9.267,2.8537,1.662,1.126,1.64,0.295667870036101,2
1576,AUG,19960509,8092,1.8,0.116697510094213,1.199,-2.974,8.741,4.7552,1.661,1.1284,1.62,0.296026490066225,2
1577,AUG,19960509,8092,1.958,0.111421533837098,1.198,-2.974,9.2,4.7906,1.664,1.1218,1.626,0.294050480769231,2
1578,AUG,19960509,8092,2.25,0.126940679802126,1.197,-2.974,9.431,3.32332,1.67,1.1061,1.629,0.291916167664671,2
1579,AUG,19960509,8092,3.35,0.125579974559387,1.197,-2.974,9.741,3.290015,1.668,1.1036,1.619,0.293285371702638,2
1580,AUG,19960509,8093,1.8,0.108543978741933,0.9999,-2.508,8.019,4.4783,1.65,1.1224,1.57,0.304363636363636,2
1581,AUG,19960509,8093,3.2,0.131664269013022,0.9979,-2.509,7.867,2.69013,1.654,1.1015,1.597,0.301692865779927,2
1582,AUG,19960509,8095,1.8,0.101283565253408,0.7997,-2.022,6.155,3.40419,1.653,1.1225,1.597,0.301996370235935,2
1583,AUG,19960509,8095,2.494,0.129659156900312,0.7986,-2.022,6.072,2.18693,1.657,1.1062,1.621,0.2992757996379,2
1584,AUG,19960509,8095,3,0.129994069862157,0.7983,-2.022,5.829,2.220859,1.658,1.107,1.626,0.298552472858866,2
1585,AUG,19960509,8096,1.734,0.102257222180536,0.7999,-2.022,6.233,3.33175,1.652,1.1212,1.593,0.302663438256659,2
1586,AUG,19960509,8096,1.8,0.100421855518885,0.7993,-2.022,6.18,3.40875,1.653,1.1217,1.598,0.301754385964912,2
1587,AUG,19960509,8096,2.734,0.126971051906648,0.7984,-2.022,5.868,2.228886,1.658,1.1055,1.627,0.298311218335344,2
1588,AUG,19960509,8096,3,0.128641826544789,0.7981,-2.022,5.787,2.22409,1.658,1.1062,1.628,0.298250904704463,2
1595,AUG,19960514,8116,1.85,0.0805787148311559,1,-2.502,8.235,6.53206,1.653,1.1288,1.59,0.301088929219601,2
1598,AUG,19960514,8120,1.909,0.105991174371923,0.7994,-2.018,5.604,3.329848,1.655,1.1243,1.61,0.299818731117825,2
1599,AUG,19960514,8120,2.5,0.10194162310886,0.7993,-2.017,5.44,3.393192,1.659,1.1231,1.628,0.297227245328511,2
1600,AUG,19960514,8120,2.509,0.101304642224945,0.7991,-2.017,5.429,3.399706,1.659,1.1229,1.628,0.297227245328511,2
1601,AUG,19960514,8120,3.1,0.102124041799515,0.7989,-2.017,5.357,3.39047,1.66,1.1232,1.632,0.296566265060241,2
1602,AUG,19960514,8121,1.85,0.108805624463595,0.9999,-2.504,7.696,4.25285,1.65,1.1187,1.579,0.30369696969697,2
1603,AUG,19960514,8121,2.35,0.103456196923753,0.9987,-2.503,7.619,4.36636,1.653,1.1176,1.592,0.301996370235935,2
1604,AUG,19960514,8121,2.5,0.10263718760839,0.9987,-2.503,7.593,4.38232,1.653,1.1174,1.593,0.301875378100423,2
1605,AUG,19960514,8121,3,0.103222816497195,0.9987,-2.504,7.582,4.36947,1.654,1.1175,1.596,0.301451027811366,2
1606,AUG,19960514,8123,2.248,0.108405145938835,1.198,-2.969,9.438,5.095902,1.667,1.1194,1.636,0.291361727654469,2
1607,AUG,19960514,8123,2.5,0.109827021954528,1.198,-2.97,9.475,5.09371,1.668,1.1195,1.637,0.290887290167866,2
1608,AUG,19960514,8123,2.698,0.110439721495389,1.198,-2.97,9.425,5.11733,1.668,1.1198,1.637,0.290827338129496,2
1609,AUG,19960514,8125,2.5,0.0974573934990627,1.199,-2.969,9.443,6.52952,1.669,1.1284,1.635,0.290653085680048,2
1610,AUG,19960514,8125,3.3,0.143417261787469,1.198,-2.971,8.482,2.94338,1.667,1.1056,1.63,0.292321535692861,2
1611,AUG,19960514,8126,2.652,0.0961834506596973,0.9988,-2.505,7.493,4.7446,1.654,1.1176,1.597,0.300906892382104,2
1612,AUG,19960514,8127,2.25,0.0963526539902399,0.9988,-2.505,7.483,4.72741,1.655,1.1185,1.593,0.301208459214502,2
1613,AUG,19960515,8132,3,0.131855294705889,0.7977,-1.515,7.568,2.773969,1.663,1.1226,1.649,0.294046903187011,2
1615,AUG,19960515,8135,2.05,0.0755304268698762,0.7996,-1.511,5.994,6.332117,1.67,1.1645,1.672,0.289161676646707,2
1616,AUG,19960515,8135,2.9,0.136243504781987,0.7982,-1.514,7.011,2.6558,1.664,1.1243,1.645,0.29453125,2
1617,AUG,19960515,8153,3.6,0.0693121239111072,0.7974,-1.717,8.668,4.6033,1.652,1.1114,1.608,0.301997578692494,2
1618,AUG,19960515,8153,3.885,0.0564390186616561,0.7962,-1.718,8.715,4.6834,1.648,1.1006,1.592,0.305157766990291,2
1619,AUG,19960521,8168,2.95,0.0646983378043698,0.7986,-1.92,8.198,6.21407,1.656,1.1363,1.605,0.30018115942029,2
1620,AUG,19960521,8169,1.8,0.0656654561472043,0.799,-1.919,7.719,6.22047,1.656,1.138,1.603,0.3,2
1621,AUG,19960521,8170,2.2,0.0658926176928931,0.7977,-2.313,8.098,4.41488,1.65,1.1108,1.587,0.304181818181818,2
1622,AUG,19960521,8170,3.2,0.0739125167584681,0.7985,-2.312,6.656,4.33363,1.653,1.1187,1.607,0.301754385964912,2
1623,AUG,19960521,8173,2.4,0.0834995558491619,0.9993,-2.506,8.618,6.23662,1.654,1.1273,1.592,0.301088270858525,2
1626,AUG,19960521,8174,1.603,0.104256763089364,1.001,-2.313,6.443,5.97508,1.654,1.1451,1.608,0.297944377267231,2
1627,AUG,19960521,8174,2.5,0.0856278547960574,0.9994,-2.313,8.551,6.2395,1.655,1.1298,1.595,0.300845921450151,2
1629,AUG,19960521,8175,2.6,0.0793746092500943,0.9987,-2.506,9.051,6.28599,1.655,1.1248,1.591,0.301208459214502,2
1630,AUG,19960521,8175,3.6,0.0778844694686874,0.9987,-2.506,9.537,6.214063,1.654,1.1225,1.588,0.30223700120919,2
1631,AUG,19960521,8176,1.75,0.0822939571462964,0.9982,-2.505,7.788,6.2305,1.654,1.1271,1.607,0.298851269649335,2
1633,AUG,19960521,8176,3.75,0.0941166798765578,0.9993,-2.506,8.003,5.9299,1.654,1.1345,1.598,0.300967351874244,2
1636,AUG,19960521,8177,3.75,0.0933496593199727,0.9994,-2.505,8.395,6.0027,1.654,1.1347,1.592,0.301813784764208,2
1637,AUG,19960521,8178,1.9,0.081376801000601,0.9979,-2.506,8.069,6.1563,1.656,1.1256,1.602,0.299275362318841,2
1639,AUG,19960521,8179,1.85,0.0817358012007577,0.9987,-2.506,8.177,6.2294,1.655,1.1257,1.601,0.299456193353474,2
1642,AUG,19960521,8180,1.9,0.0941724537969483,0.9986,-2.021,9.395,6.2063,1.656,1.1333,1.603,0.298913043478261,2
1645,AUG,19960522,8185,1.9,0.0830832332853284,0.9982,-2.502,8.146,6.261161,1.655,1.1283,1.601,0.299516616314199,2
1646,AUG,19960522,8186,1.85,0.0952141948815769,0.9998,-1.919,9.552,6.291,1.658,1.1354,1.609,0.297768395657419,2
1647,AUG,19960522,8189,1.9,0.0812117315939257,0.9992,-2.503,8.338,6.37765,1.655,1.1279,1.596,0.3002416918429,2
1650,AUG,19960522,8190,1.9,0.0836385171091169,0.9994,-2.503,8.19,6.28583,1.656,1.1289,1.599,0.29969806763285,2
1653,AUG,19960522,8191,2.2,0.124632294657484,0.9992,-2.118,7.945,4.54168,1.633,1.1901,1.537,0.324249846907532,2
1654,AUG,19960522,8191,3.5,0.0920589426712276,0.9988,-2.118,8.077,6.22096,1.636,1.1934,1.545,0.322799511002445,2
1655,AUG,19960522,8193,2,0.141326227208976,1,-2.119,7.249,4.45625,1.638,1.2,1.57,0.318253968253968,2
1656,AUG,19960522,8193,2.6,0.13055233763658,0.9992,-2.119,7.858,4.43696,1.644,1.1947,1.589,0.31551094890511,2
1657,AUG,19960522,8193,2.8,0.127428679248654,0.999,-2.119,7.895,4.47836,1.644,1.1936,1.592,0.31514598540146,2
1658,AUG,19960522,8193,3.4,0.0990709259685364,0.9994,-2.118,7.79,6.21479,1.645,1.2023,1.595,0.314285714285714,2
1659,AUG,19960522,8193,3.55,0.09631443216145,0.9997,-2.118,7.765,6.2236,1.645,1.1998,1.594,0.314468085106383,2
1660,AUG,19960522,8195,2.001,0.135533940306017,0.9997,-2.119,7.429,4.53178,1.645,1.2003,1.598,0.313252279635258,2
1661,AUG,19960522,8195,2.7,0.129176189038851,0.9996,-2.119,7.914,4.6382,1.652,1.2002,1.623,0.30956416464891,2
1662,AUG,19960522,8195,3.001,0.126540486846181,0.9988,-2.119,8.017,4.68115,1.653,1.1996,1.625,0.309195402298851,2
1663,AUG,19960522,8196,1.753,0.148363329079934,1.002,-2.121,6.877,4.13003,1.638,1.2017,1.569,0.318315018315018,2
1664,AUG,19960522,8196,2.503,0.132510415624883,1,-2.119,7.916,4.529493,1.646,1.2049,1.612,0.312758201701094,2
1665,AUG,19960522,8196,3.003,0.133998081598965,1,-2.119,8.016,4.4829,1.648,1.2054,1.618,0.311953883495146,2
1666,AUG,19960522,8196,3.5,0.125548676482689,0.9995,-2.119,8.129,4.49673,1.649,1.1998,1.62,0.3116434202547,2
1667,AUG,19960522,8197,1.751,0.132174386673626,1.001,-2.315,6.537,4.4063,1.637,1.1985,1.567,0.318631643249847,2
1668,AUG,19960522,8197,2.501,0.113325090355716,0.9984,-2.314,7.169,4.83644,1.646,1.1994,1.602,0.314094775212637,2
1669,AUG,19960522,8197,3.001,0.119134429715129,0.9992,-2.314,7.221,4.6091,1.648,1.1993,1.609,0.312985436893204,2
1670,AUG,19960523,8217,1.897,0.0642941858626324,0.799,-1.512,5.195,5.6913,1.626,1.1389,1.68,0.29680196801968,2
1671,AUG,19960524,8227,1.748,0.0899395841113337,0.9984,-1.921,9.182,6.386565,1.655,1.1327,1.609,0.298429003021148,2
1672,AUG,19960524,8230,2.45,0.0935214192916997,0.7996,-2.118,5.457,4.027981,1.651,1.1326,1.614,0.300181708055724,2
1673,AUG,19960524,8231,2.504,0.0923604921998457,0.7985,-2.119,5.392,4.00569,1.652,1.1317,1.616,0.299939467312349,2
1674,AUG,19960524,8231,3.504,0.0903014318749739,0.7982,-2.119,5.224,4.07787,1.654,1.1327,1.624,0.299032648125756,2
1675,AUG,19960611,8248,3.302,0.157152375562433,0.9989,-2.505,6.14,2.49141,1.657,1.1073,1.615,0.298974049487025,2
1676,AUG,19960611,8253,1.598,0.144114989962079,0.7988,-2.022,6.813,1.7932,1.648,1.1007,1.598,0.303580097087379,2
1677,AUG,19960611,8253,1.998,0.13881234174588,0.7983,-2.021,6.584,1.92728,1.652,1.1012,1.622,0.300060532687651,2
1678,AUG,19960611,8253,3.248,0.140365073391043,0.7985,-2.021,6.135,1.99275,1.653,1.1033,1.633,0.299153055051422,2
1679,AUG,19960611,8254,2.25,0.103494958148083,0.7985,-2.02,6.167,3.343216,1.652,1.1217,1.617,0.300121065375303,2
1681,AUG,19960611,8255,1.751,0.111231311838697,0.8001,-2.021,6.254,3.2039,1.65,1.1231,1.599,0.302242424242424,2
1683,AUG,19960611,8255,2.251,0.104375424271616,0.7998,-2.02,5.838,3.3918425,1.653,1.1232,1.623,0.29903206291591,2
1684,AUG,19960611,8256,1.751,0.0992226884064895,1.201,-2.972,7.58,6.90714,1.66,1.1468,1.637,0.294036144578313,2
1685,AUG,19960614,8287,1.998,0.122298223105237,0.9982,-2.503,7.525,3.21122,1.653,1.1076,1.591,0.301996370235935,2
1686,AUG,19960614,8287,2.498,0.118712246073013,0.9984,-2.503,7.497,3.284261,1.655,1.107,1.6,0.300966767371601,2
1687,AUG,19960704,8374,1.7,0.0857213607765067,1.001,-2.502,6.141,6.13826,1.656,1.1332,1.591,0.29987922705314,2
1688,AUG,19960704,8374,3,0.0641640391867705,0.9984,-2.502,7.776,6.63183,1.657,1.1146,1.604,0.299456849728425,2
1689,AUG,19960704,8376,1.6,0.0867575703913582,1.002,-2.504,6.753,5.647,1.656,1.1247,1.584,0.300966183574879,2
1690,AUG,19960704,8379,1.4,0.132633341914729,0.799,-1.517,6.68,2.50542,1.652,1.1143,1.624,0.299757869249395,2
1691,AUG,19960704,8381,1.6,0.122928632732554,0.7985,-1.515,7.308,2.72646,1.655,1.116,1.636,0.297099697885196,2
1692,AUG,19960704,8383,1.7,0.0652404465769165,0.7999,-2.017,6.751,6.4401,1.652,1.1436,1.61,0.299334140435835,2
1693,AUG,19960704,8384,1.4,0.108198782993149,0.7994,-2.019,6.408,2.56038,1.648,1.106,1.597,0.303640776699029,2
1694,AUG,19960709,8422,3,0.114455318214611,0.7985,-2.014,6.063,2.55048,1.652,1.1367,1.629,0.299394673123487,2
1695,AUG,19960712,8453,2.3,0.111464230050041,0.9989,-2.114,8.299,4.69011,1.668,1.1575,1.603,0.291486810551559,2
1696,AUG,19960712,8454,2.25,0.085896777377241,0.9998,-2.113,8.175,6.44413,1.67,1.165,1.609,0.290059880239521,2
1697,AUG,19960712,8455,2.2,0.0716359157650696,0.9994,-2.112,7.596,8.2816,1.675,1.1611,1.618,0.286985074626866,2
1698,AUG,19960718,8494,3.3,0.0856353166385144,0.7988,-2.959,5.136,3.446738,1.654,1.1184,1.63,0.297521160822249,2
1699,AUG,19960718,8495,2.8,0.13414009461131,0.7978,-2.015,6.443,2.11814,1.658,1.1049,1.658,0.294149577804584,2
1700,AUG,19960718,8503,2.35,0.0865723125551123,0.9984,-2.498,7.283,6.3127862,1.682,1.1693,1.576,0.287514863258026,2
1701,AUG,19960718,8504,2.15,0.0922940985315504,0.9998,-2.497,6.744,6.21608,1.681,1.1744,1.578,0.287447947650208,2
1702,AUG,19960718,8504,4,0.0801081698724053,0.9986,-2.498,7.224,6.56375,1.677,1.1666,1.565,0.291234347048301,2
1703,AUG,19960718,8505,2.6,0.0695461562460748,0.7987,-1.914,7.166,6.170075,1.664,1.1863,1.573,0.289963942307692,2
1704,AUG,19960718,8506,2.55,0.0711541618648379,0.7988,-1.914,6.993,6.15217,1.665,1.1896,1.576,0.28954954954955,2
1705,AUG,19960718,8516,3.735,0.0956232557450653,0.9987,-2.5,6.846,4.72623,1.679,1.1587,1.591,0.289517569982132,2
1708,AUG,19960719,8524,1.7,0.0854929936687971,0.9985,-2.113,8,6.6654,1.68,1.1722,1.586,0.287380952380952,2
1709,AUG,19960719,8524,3.28,0.0914415293494269,0.9983,-2.112,10.91,6.6480242,1.68,1.1701,1.585,0.2875,2
1711,AUG,19960719,8526,1.7,0.0832376663679388,0.9991,-2.113,8.194,6.75085,1.682,1.1723,1.586,0.287812128418549,2
1713,AUG,19960719,8529,1.6,0.0877367843970163,0.9992,-2.113,7.791,6.66693,1.679,1.1785,1.596,0.290232281119714,2
1714,AUG,19960719,8529,1.775,0.0844626411945281,0.9986,-2.112,8.601,6.7106,1.684,1.1735,1.601,0.286520190023753,2
1715,AUG,19960719,8531,1.6,0.0885758573154957,0.9989,-2.114,7.756,6.58684,1.68,1.1791,1.596,0.289821428571429,2
1716,AUG,19960719,8532,1.6,0.0882727463280981,0.9974,-2.113,7.607,6.6791,1.675,1.1784,1.596,0.290567164179104,2
1717,AUG,19960719,8533,1.6,0.0879480071920887,0.9982,-2.113,7.522,6.674,1.679,1.1776,1.598,0.28856462179869,2
1721,AUG,19960730,8604,3.6,0.119305632628877,1,-2.499,7.257,4.52311,1.671,1.1707,1.578,0.295511669658887,2
1722,AUG,19960730,8605,3.55,0.118928863358471,0.9997,-2.499,7.182,4.44089,1.672,1.1707,1.581,0.295095693779904,2
1723,AUG,19960730,8607,2,0.09619047250972,0.9988,-2.498,7.685,6.46865,1.682,1.1823,1.586,0.289298454221165,2
1724,AUG,19960730,8607,3.05,0.0949006526396335,0.9983,-2.498,7.883,6.435098,1.68,1.1793,1.591,0.290595238095238,2
1725,AUG,19960730,8607,3.5,0.0906976831596831,0.998,-2.498,8.257,6.6513,1.679,1.1774,1.59,0.291006551518761,2
1726,AUG,19960730,8609,2,0.106553892161631,0.999,-2.498,6.841,5.5509,1.68,1.1799,1.587,0.290178571428571,2
1727,AUG,19960730,8609,3,0.102936096281916,0.9985,-2.498,7.311,5.93424,1.681,1.1806,1.599,0.289589530041642,2
1728,AUG,19980123,9861,2,0.108461266151395,0.8005,-2.108,5.965,4.23725,1.638,1.1464,1.57,0.308547008547009,2
1729,AUG,19980123,9862,2,0.100717797776124,0.8003,-2.108,5.838,4.4337,1.636,1.1441,1.57,0.309352078239609,2
1730,AUG,19980123,9863,3,0.0863054161952549,0.7996,-2.105,5.976,6.206534,1.653,1.1689,1.589,0.297096188747731,2
1731,AUG,19980123,9865,1.9,0.116717655583286,0.8025,-2.109,6.026,3.97472,1.634,1.1479,1.559,0.312239902080783,2
1732,AUG,19980127,9891,2.1,0.13337990765789,1.201,-2.324,7.214,5.04212,1.657,1.1355,1.629,0.29891369945685,2
1733,AUG,19980127,9892,2.1,0.159406422901131,1.202,-2.324,7.46,4.157,1.657,1.1358,1.629,0.29891369945685,2
1734,AUG,19980203,9937,3.5,0.127591449868111,1.201,-3.025,7.375,4.61373,1.648,1.1226,1.6,0.303944174757282,2
1735,AUG,19980205,9954,1.9,0.0810425961201063,1.002,-2.524,7.6,7.9796,1.642,1.1424,1.595,0.30462850182704,2
1736,AUG,19980227,10008,1.7,0.122046477358716,0.8046,-2.011,5.61,2.5109,1.638,1.1215,1.595,0.307753357753358,2
1737,AUG,19980227,10008,1.9,0.104893968229308,0.7989,-2.012,5.555,2.5747,1.64,1.1166,1.599,0.306341463414634,2
1738,AUG,19980227,10008,2.15,0.095282179167466,0.7988,-2.011,6.075,2.6065,1.642,1.1158,1.599,0.305542021924482,2
1739,AUG,19980227,10008,2.6,0.082723082049763,0.7977,-2.011,7.283,2.7008,1.64,1.1111,1.592,0.307073170731707,2
1742,AUG,19980227,10009,1.635,0.0705304267945898,0.8066,-2.021,5.677,6.676303,1.641,1.1538,1.575,0.305606337599025,2
1743,AUG,19980227,10009,1.85,0.0621778795981073,0.801,-2.021,5.566,6.87049,1.644,1.1472,1.592,0.302858880778589,2
1744,AUG,19980227,10009,2.15,0.0550834559198357,0.7995,-2.022,6.278,6.8659,1.638,1.1347,1.59,0.308302808302808,2
1745,AUG,19980227,10009,2.45,0.0494802158273381,0.7994,-2.022,6.774,6.95,1.642,1.1325,1.596,0.305724725943971,2
1746,AUG,19980227,10009,2.85,0.0456412595988204,0.799,-2.022,7.885,6.8498,1.64,1.1257,1.586,0.307439024390244,2
1747,AUG,19980227,10009,3.15,0.0422318395081702,0.7985,-2.022,8.328,6.7991,1.637,1.1211,1.58,0.309468540012218,2
1748,AUG,19980227,10009,3.3,0.0387403522082318,0.7979,-2.022,8.319,6.8539,1.636,1.1172,1.574,0.310696821515892,2
1749,AUG,19980227,10009,3.675,0.0365088681750423,0.7972,-2.022,8.86,6.773998,1.631,1.1138,1.559,0.314224402207235,2
1750,AUG,19980227,10010,1.635,0.0625493195909494,0.8067,-2.023,5.654,6.83045,1.638,1.1456,1.578,0.307326007326007,2
1751,AUG,19980227,10010,1.85,0.0546076789960184,0.8008,-2.024,5.826,7.1077,1.638,1.137,1.59,0.307020757020757,2
1752,AUG,19980227,10010,2.05,0.0506471120559633,0.7983,-2.024,6.536,6.9617,1.637,1.1297,1.586,0.309040928527795,2
1753,AUG,19980227,10010,2.45,0.0446629990427878,0.8001,-2.024,7.745,6.90547,1.64,1.1255,1.588,0.307256097560976,2
1754,AUG,19980227,10010,2.85,0.0407267966640309,0.7982,-2.024,8.399,6.7027,1.636,1.1189,1.578,0.309963325183374,2
1755,AUG,19980227,10010,3.15,0.0373680067723108,0.7978,-2.024,8.565,6.7333,1.633,1.1153,1.567,0.312492345376607,2
1756,AUG,19980227,10010,3.45,0.0358294505559939,0.7976,-2.024,8.953,6.7177,1.63,1.1129,1.556,0.315092024539877,2
1757,AUG,19980227,10010,3.85,0.0324936878821933,0.7967,-2.024,10.41,6.8519,1.623,1.1085,1.53,0.320948860135551,2
1758,AUG,19980303,10024,2.8,0.0476521283219189,0.9993,-2.521,7.89,9.1551,1.655,1.1369,1.623,0.299093655589124,2
1759,AUG,19980305,10042,2.35,0.103180510911859,1.201,-3.03,5.073,4.7288,1.656,1.1279,1.629,0.298550724637681,2
1760,AUG,19980305,10042,3.35,0.0959571882182259,1.2,-3.026,5.592,6.79626,1.657,1.141,1.629,0.297706698853349,2
1761,AUG,19980305,10045,3.35,0.133964956338109,1.201,-3.029,5.455,4.38025,1.653,1.1327,1.61,0.302117362371446,2
1762,AUG,19980305,10050,3.4,0.0981086734299434,1.203,-3.029,6.779,6.98478,1.652,1.1392,1.618,0.300363196125908,2
1763,AUG,19980305,10053,1.9,0.143444031830239,0.7997,-2.178,5.755,2.35625,1.623,1.1154,1.594,0.31996303142329,2
1764,AUG,19980305,10053,2.15,0.0949698801851483,0.7998,-2.175,5.865,4.5153,1.635,1.1404,1.6,0.311070336391437,2
1765,AUG,19980305,10053,2.48,0.0763791838578345,0.8001,-2.174,5.474,6.59738,1.649,1.165,1.598,0.300363856882959,2
1766,AUG,19980305,10056,1.9,0.129757052811945,0.7997,-2.146,5.56,2.45115,1.636,1.1232,1.584,0.309168704156479,2
1767,AUG,19980305,10056,2.2,0.0794550995743786,0.8006,-2.145,5.081,4.75775,1.641,1.1402,1.599,0.304692260816575,2
1768,AUG,19980306,10077,1.9,0.125291177346853,0.7995,-2.147,5.404,2.443528,1.637,1.121,1.586,0.308796579108125,2
1769,AUG,19980306,10077,2.2,0.0800425680162869,0.8001,-2.146,4.942,4.59265,1.644,1.1393,1.601,0.303649635036496,2
1770,AUG,19980324,10190,2.05,0.0801547161758429,1.001,-2.529,6.666,7.029,1.652,1.1476,1.607,0.30272397094431,2
1771,AUG,19980326,10224,2.075,0.124954286609895,1.199,-2.528,9.659,4.97666,1.652,1.1299,1.64,0.297518159806295,2
1772,AUG,19980327,10238,2,0.0713367993094592,0.9998,-2.511,6.933,7.03217,1.648,1.1379,1.625,0.300667475728155,2
1773,AUG,19980407,10321,2.57,0.0779834735200719,1.001,-2.523,5.925,8.7859,1.653,1.1643,1.632,0.296672716273442,2
1774,AUG,19980409,10342,2.5,0.0897626011887315,1.2,-3.014,5.983,6.61882,1.653,1.1339,1.64,0.296914700544465,2
1775,AUG,19980409,10346,1.85,0.0714954769106394,1,-2.006,7.214,7.1743,1.654,1.1396,1.647,0.29546553808948,2
1776,AUG,19980409,10346,2.35,0.0604074498136566,0.9999,-2.006,7.504,9.17929,1.656,1.1471,1.648,0.294444444444444,2
1777,AUG,19980409,10346,3,0.0543488834942791,1,-2.004,7.871,11.2046,1.655,1.1528,1.647,0.294682779456193,2
1778,AUG,19980409,10347,2.35,0.05956374269392,0.9999,-2.006,8.565,9.08661,1.652,1.1419,1.641,0.297215496368039,2
1779,AUG,19980409,10347,2.9,0.0511773909794336,1.001,-2.005,9.095,12.8462,1.655,1.1571,1.64,0.295649546827795,2
1780,AUG,19980409,10347,3.25,0.0501353281393503,1.001,-2.005,9.262,13.14213,1.654,1.1563,1.64,0.295828295042322,2
1781,AUG,19980409,10348,2.35,0.0571316124301827,0.9991,-2.006,8.225,9.2742,1.653,1.1412,1.645,0.296309739866909,2
1782,AUG,19980409,10348,2.9,0.0522196901723823,1.001,-2.003,9.057,12.5941,1.656,1.1577,1.641,0.295108695652174,2
1783,AUG,19980409,10348,3.25,0.0514342532293735,1,-2.003,9.224,13.07684,1.654,1.1569,1.64,0.295828295042322,2
1784,AUG,19980414,10363,2.8,0.059646682729619,0.7998,-2.223,6.121,8.86512,1.652,1.1798,1.604,0.297215496368039,2
1785,AUG,19980416,10387,1.7,0.133954679830657,1.205,-2.313,7.885,4.97924,1.661,1.1371,1.674,0.289825406381698,2
1786,AUG,19980416,10387,2.62,0.0978759439779696,1.2,-2.313,7.651,7.10292,1.659,1.1411,1.658,0.292585895117541,2
1787,AUG,19980416,10387,2.75,0.0973009342107117,1.2,-2.313,7.664,7.0969,1.658,1.1403,1.658,0.29270205066345,2
1789,AUG,19980416,10390,3.55,0.10277583968927,1.199,-2.659,10.66,5.03073,1.649,1.1216,1.626,0.300242571255306,2
1790,AUG,19980416,10394,2.35,0.061085529538552,1,-1.979,7.697,9.1863,1.654,1.148,1.646,0.29552599758162,2
1791,AUG,19980416,10395,2.375,0.0619786710469101,0.9999,-1.966,7.815,9.056422,1.654,1.1471,1.646,0.29540507859734,2
1792,AUG,19980416,10396,2.35,0.0712169057677025,1,-1.966,7.786,7.1727,1.654,1.1407,1.647,0.295646916565901,2
1793,AUG,19980416,10397,2.15,0.0633291305018003,1.001,-1.966,7.782,9.01773,1.657,1.1494,1.644,0.294447797223899,2
1794,AUG,19980416,10397,2.3,0.0603466169662457,1.001,-1.966,7.775,9.2018,1.655,1.1455,1.646,0.295105740181269,2
1795,AUG,19980416,10397,2.85,0.0514879413264807,1,-1.966,7.979,11.25414,1.655,1.1486,1.643,0.295226586102719,2
1796,AUG,19980417,10402,4,0.10187902288575,0.8003,-1.966,5.807,4.4744,1.647,1.1551,1.613,0.301457194899818,2
1797,AUG,19980417,10403,2.2,0.0624139544308626,0.8,-1.98,6.576,6.71156,1.647,1.15,1.614,0.301821493624772,2
1798,AUG,19980417,10403,4.75,0.107332285110685,0.8006,-1.975,5.2,4.538476,1.651,1.1618,1.623,0.298728043609933,2
1799,AUG,19980417,10412,1.45,0.0652878343030537,0.6063,-1.734,4.801,4.471392,1.638,1.1604,1.565,0.302564102564103,2
1800,AUG,19980417,10412,3.95,0.0469990876638684,0.6,-1.729,5.11,6.53268,1.659,1.1772,1.588,0.294876431585292,2
1801,AUG,19980417,10413,1.45,0.0646078863493906,0.6054,-1.803,4.803,4.51489,1.639,1.1589,1.561,0.301403294691885,2
1802,AUG,19980417,10413,3.95,0.0475982935386294,0.6006,-1.798,5.144,6.45312,1.66,1.1741,1.583,0.294879518072289,2
1803,AUG,19980423,10456,1.8,0.118348024812276,1.002,-2.478,6.965,4.71702,1.644,1.1382,1.614,0.30316301703163,2
1804,AUG,19980423,10456,3.5,0.111670376884319,0.9997,-2.473,6.42,4.87842,1.653,1.1433,1.634,0.297338173018754,2
1805,AUG,19980423,10457,1.8,0.102842566832239,1.002,-2.466,7.554,4.72302,1.644,1.1294,1.61,0.303953771289538,2
1806,AUG,19980423,10457,2.7,0.104731815982076,0.9996,-2.465,7.565,4.820813,1.648,1.1346,1.62,0.300970873786408,2
1807,AUG,19980423,10460,3.15,0.102042637860048,1,-2.464,7.567,4.78964,1.649,1.1343,1.621,0.300606428138266,2
1808,AUG,19980429,10516,3.25,0.118400069684543,1.001,-2.371,3.756,4.47732,1.651,1.1493,1.63,0.29854633555421,2
1811,AUG,19980505,10551,2.8,0.093917017905074,0.6,-1.475,4.278,2.319175,1.65,1.1379,1.606,0.301818181818182,2
1812,AUG,19980505,10551,3.2,0.0748781771731309,0.6025,-1.472,4.597,4.14126,1.656,1.1721,1.608,0.297463768115942,2
1813,AUG,19980505,10552,2.9,0.0832324273867929,0.5987,-1.486,6.502,2.3033,1.641,1.1236,1.572,0.310176721511274,2
1814,AUG,19980505,10552,3.2,0.0671207168074402,0.6002,-1.485,5.976,4.43857,1.648,1.1567,1.584,0.304186893203883,2
1815,AUG,19980505,10552,4,0.0476765564454023,0.6,-1.483,5.845,6.57042,1.657,1.1686,1.597,0.297887748943874,2
1816,AUG,19980505,10552,5.2,0.0480769974132159,0.5999,-1.482,5.847,6.46749,1.658,1.1677,1.604,0.297104945717732,2
1817,AUG,19980507,10560,2.9,0.0904450933393935,1,-2.069,6.259,6.99651,1.658,1.1555,1.65,0.293486127864897,2
1818,AUG,19980507,10569,2.8,0.0742713807931199,0.5989,-2.471,3.685,2.3023,1.641,1.1246,1.58,0.309079829372334,2
1819,AUG,19980507,10569,3.5,0.0532513967814335,0.5996,-2.473,3.639,4.1882,1.646,1.1513,1.587,0.30498177399757,2
1820,AUG,19980512,10584,1.85,0.0888242438149999,0.8011,-1.486,7.648,4.61924,1.648,1.147,1.631,0.299635922330097,2
1821,AUG,19980512,10584,3.15,0.0516460459042518,0.7988,-1.485,10.55,6.77715,1.643,1.1374,1.606,0.304564820450396,2
1822,AUG,19980519,10676,2.1,0.156836911974341,1,-2.069,8.665,4.4896,1.652,1.1542,1.634,0.297336561743341,2
1823,AUG,19980519,10677,3.1,0.120684021569491,0.9993,-2.067,7.415,4.92733,1.658,1.1491,1.652,0.293244873341375,2
1824,AUG,19980526,10729,1.85,0.109420815646498,1.001,-2.467,7.341,3.95539,1.651,1.1296,1.637,0.297758933979406,2
1825,AUG,19980526,10729,2.495,0.0790673696872353,0.9997,-2.465,8.631,5.70301,1.647,1.131,1.619,0.301821493624772,2
1826,AUG,19980526,10729,3.195,0.0584839502846172,0.9992,-2.465,10.27,7.42225,1.644,1.1277,1.61,0.304136253041363,2
1827,AUG,19980528,10763,1.925,0.120143974441425,1.001,-1.97,8.131,4.8203,1.659,1.1415,1.665,0.291681735985533,2
1828,AUG,19980528,10763,2.75,0.112509403920788,0.9989,-1.968,9.37,5.0245,1.66,1.1409,1.67,0.291204819277108,2
1829,AUG,19980528,10763,3.85,0.109494781582798,0.9984,-1.966,9.276,5.07721,1.661,1.1419,1.668,0.290728476821192,2
1830,AUG,19980528,10763,4.65,0.0999184883290107,0.9985,-1.966,8.334,4.99315,1.66,1.1383,1.662,0.291927710843373,2
1831,AUG,19980528,10764,1.925,0.119644416072512,0.9997,-2.07,7.831,4.73081,1.656,1.1403,1.656,0.293599033816425,2
1832,AUG,19980528,10764,4.65,0.12606586694661,0.9998,-2.068,7.658,4.82002,1.662,1.1479,1.672,0.289590854392298,2
1833,AUG,19980528,10765,1.9,0.0949650431696428,1,-2.469,7.838,4.77303,1.648,1.1282,1.63,0.299817961165049,2
1834,AUG,19980528,10765,4.5,0.106872127803792,0.9998,-2.466,7.679,4.82427,1.651,1.1363,1.633,0.29824348879467,2
1835,AUG,19980528,10769,1.9,0.0725742750713432,1.2,-2.467,10.27,9.08986,1.656,1.1355,1.65,0.293417874396135,2
1836,AUG,19980528,10769,2.15,0.0673372272523238,1.199,-2.466,11.12,9.1339,1.652,1.1298,1.638,0.297033898305085,2
1837,AUG,19980528,10769,2.4,0.0652083333333333,1.199,-2.468,12.16,9.012,1.65,1.1276,1.629,0.299151515151515,2
1838,AUG,19980528,10769,2.75,0.0486061879812313,1.199,-2.466,13.02,12.82777,1.65,1.1315,1.628,0.299272727272727,2
1839,AUG,19980528,10769,3.2,0.0388611568775883,1.198,-2.467,14.07,13.4742,1.645,1.1221,1.615,0.302553191489362,2
1840,AUG,19980528,10769,3.325,0.034217946318272,1.197,-2.468,13.99,13.3565,1.643,1.1171,1.605,0.304747413268411,2
1848,AUG,19980714,11012,1.905,0.0831960401763133,1.001,-2.465,6.056,6.9195,1.673,1.1686,1.561,0.289240884638374,2
1849,AUG,19980716,11058,3.15,0.0963396271851152,1,-2.465,7.397,4.7746967,1.651,1.1327,1.636,0.298182919442762,2
1850,AUG,19980724,11126,2.75,0.105968342274158,1,-2.47,5.391,4.829532,1.653,1.1415,1.638,0.29697519661222,2
1851,AUG,19980724,11126,4.775,0.0925377940725888,0.9994,-2.469,8.044,4.79771,1.647,1.1303,1.618,0.301578627808136,2
1852,AUG,19980724,11127,2.75,0.105397466684531,0.9999,-2.469,5.316,4.85135,1.654,1.1416,1.642,0.296070133010883,2
1853,AUG,19980724,11127,4.775,0.0924904249975218,0.999,-2.469,8.254,4.781722,1.647,1.1297,1.618,0.301457194899818,2
1854,AUG,19980728,11149,3.15,0.090404559985977,0.9993,-2.465,7.699,4.79212,1.651,1.1301,1.634,0.298304058146578,2
1855,AUG,19980728,11151,2.5,0.0654220521494276,0.7993,-1.48,7.231,4.875298,1.662,1.1418,1.673,0.289771359807461,2
1856,AUG,19980730,11158,1.773,0.0634236292570097,0.6026,-1.477,4.746,4.60006,1.663,1.1545,1.685,0.28749248346362,2
1857,AUG,19980730,11171,3,0.125526396807845,1.001,-2.464,4.249,4.787738,1.65,1.1538,1.626,0.299090909090909,2
1858,AUG,19980730,11175,3.25,0.125367523523766,1.001,-2.463,4.009,4.645621,1.649,1.1528,1.623,0.299939357186173,2
1859,AUG,19980804,11190,3,0.126849349476221,1,-2.461,4.05,4.753631,1.65,1.1553,1.625,0.299212121212121,2
1860,AUG,19980804,11190,5,0.125736788403646,1,-2.461,3.969,4.74356,1.649,1.1547,1.623,0.299696785930867,2
1861,AUG,19980804,11190,6,0.124050242491279,1.001,-2.461,3.973,4.7012,1.649,1.1532,1.622,0.299757428744694,2
1862,AUG,19980804,11197,1.925,0.128891593570319,1,-2.462,4.078,4.7654,1.648,1.154,1.621,0.300485436893204,2
1863,AUG,19980804,11197,2.225,0.12930611557371,1,-2.462,4.107,4.74935,1.649,1.1556,1.623,0.299757428744694,2
1864,AUG,19980804,11197,2.45,0.124280092640036,1.001,-2.462,4.109,4.8791,1.65,1.1548,1.624,0.299636363636364,2
1865,AUG,19980804,11197,2.65,0.126938870021612,0.9999,-2.462,4.26,4.8585,1.65,1.1557,1.625,0.299393939393939,2
1866,AUG,19980804,11197,2.85,0.124359507108815,1,-2.462,4.305,4.803332,1.65,1.1531,1.625,0.299454545454545,2
1867,AUG,19980804,11197,3.05,0.124893190196243,1,-2.462,4.45,4.88017,1.65,1.154,1.623,0.299575757575758,2
1868,AUG,19980804,11197,3.25,0.121973918801895,1,-2.462,4.588,4.90775,1.649,1.1519,1.623,0.299939357186173,2
1869,AUG,19980804,11197,3.45,0.119894674534548,1,-2.462,4.693,4.91619,1.649,1.1506,1.622,0.300060642813827,2
1870,AUG,19980804,11197,3.65,0.121073838289869,1.002,-2.462,4.9,4.93389,1.649,1.1505,1.622,0.300242571255306,2
1871,AUG,19980804,11197,3.825,0.115321958456973,1,-2.462,4.948,5.055,1.648,1.1486,1.621,0.300485436893204,2
1872,AUG,19980804,11197,3.975,0.112591526295956,0.9998,-2.461,4.995,4.93574,1.648,1.1459,1.623,0.300485436893204,2
1873,AUG,19980804,11197,4.15,0.110654313839027,0.9991,-2.462,5.086,4.8356,1.649,1.1442,1.624,0.29981807155852,2
1874,AUG,19980804,11197,4.35,0.106390544911468,1,-2.462,5.258,4.92814,1.649,1.143,1.625,0.299878714372347,2
1875,AUG,19980804,11197,4.675,0.101701687750174,0.9998,-2.462,5.468,4.98652,1.649,1.1409,1.624,0.299939357186173,2
1876,AUG,19980804,11197,5.05,0.102643231730963,0.9996,-2.462,5.778,4.92541,1.649,1.1398,1.623,0.30018192844148,2
1877,AUG,19980804,11198,4.6,0.128969094496381,1.001,-2.461,3.871,4.685735,1.649,1.1557,1.623,0.299636143117041,2
1878,AUG,19980806,11207,2,0.130648682597123,1.001,-2.469,4.272,4.68118,1.649,1.1546,1.625,0.299757428744694,2
1879,AUG,19980806,11207,2.68,0.118371521068085,1.002,-2.466,4.808,6.37552,1.653,1.1719,1.631,0.29697519661222,2
1880,AUG,19980806,11208,2,0.126703769225442,1,-2.469,4.143,4.76517,1.656,1.1521,1.65,0.294806763285024,2
1881,AUG,19980806,11208,2.975,0.117574702497712,1,-2.466,4.504,6.1176,1.66,1.165,1.663,0.291204819277108,2
1882,AUG,19980806,11209,2,0.12454625042131,1.001,-2.468,4.323,5.571906,1.658,1.1601,1.661,0.292521109770808,2
1883,AUG,19980806,11212,3.05,0.112412307110651,1.001,-2.467,4.286,5.71312,1.66,1.1582,1.664,0.291566265060241,2
1884,AUG,19980806,11213,2,0.127671706736131,1.001,-2.469,4.098,4.75258,1.656,1.1527,1.65,0.294806763285024,2
1885,AUG,19980806,11222,2.75,0.0983473952536531,1.2,-2.768,7.757,6.96325,1.656,1.1383,1.648,0.294806763285024,2
1886,AUG,19980806,11224,2.25,0.0805944875306464,1.2,-2.779,7.853,8.49202,1.658,1.1398,1.655,0.293124246079614,2
1887,AUG,19990211,11555,3.1,0.0895020812619722,1,-2.553,6.035,4.79757,1.654,1.1358,1.621,0.296130592503023,2
1888,AUG,19990211,11557,3.5,0.0893859105443112,1,-2.559,5.991,4.87258,1.656,1.1385,1.619,0.296135265700483,2
1889,AUG,19990211,11568,3.7,0.109663491450516,1.001,-2.553,7.407,4.6611,1.619,1.3099,1.542,0.346016059295862,2
1890,AUG,19990218,11598,3.5,0.109858539200726,1.001,-2.564,8.18,4.8494,1.641,1.3016,1.562,0.333211456429007,2
1891,AUG,19990218,11600,3.4,0.120205198506077,1.002,-2.564,7.538,4.6321,1.636,1.3041,1.578,0.331051344743276,2
1892,AUG,19990218,11600,3.925,0.0828900133927955,1,-2.563,7.796,7.2427,1.634,1.3137,1.581,0.332558139534884,2
1893,AUG,19990219,11609,2.96,0.131682447195921,1.001,-1.952,9.004,4.8055,1.64,1.2992,1.579,0.328170731707317,2
1895,AUG,19990219,11611,3.77,0.0887789261693962,0.9993,-1.849,9.303,5.2634,1.644,1.2876,1.649,0.325,2
1896,AUG,19990223,11623,3.85,0.121548211589317,1,-1.847,10.01,5.00668,1.65,1.3025,1.621,0.32,2
1897,AUG,19990223,11626,3.735,0.112019687307547,1,-2.563,8.132,5.0337,1.653,1.2931,1.602,0.317120387174834,2
1898,AUG,19990223,11626,4.725,0.109700961836178,1,-2.562,8.651,5.00605,1.649,1.2971,1.611,0.320739842328684,2
1899,AUG,19990223,11627,4.3,0.0765587465465608,0.9998,-2.56,7.514,7.15591,1.649,1.2982,1.607,0.320436628259551,2
1900,AUG,19990225,11642,4.48,0.10780538033696,1,-2.563,7.359,4.93352,1.651,1.2893,1.58,0.319624470018171,2
1901,AUG,19990225,11652,3.35,0.0514831450999526,0.8007,-2.206,5.687,9.05879,1.656,1.1702,1.657,0.293538647342995,2
1902,AUG,19990225,11653,3.15,0.0521299328198742,0.8002,-2.205,5.671,9.10686,1.654,1.1711,1.65,0.294498186215236,2
1903,AUG,19990225,11654,2.125,0.0579685689714265,0.7996,-2.209,5.464,4.75581,1.65,1.139,1.617,0.298242424242424,2
1904,AUG,19990225,11661,3.35,0.117155870445344,1,-2.561,7.585,5.0882,1.648,1.3019,1.602,0.321116504854369,2
1905,AUG,19990225,11661,4,0.116122683902484,1,-2.56,8.222,5.062017,1.64,1.3,1.612,0.327378048780488,2
1906,AUG,19990302,11674,4.1,0.118070619688308,0.9999,-2.556,7,4.6007,1.653,1.2975,1.593,0.317604355716878,2
1907,AUG,19990309,11731,3.45,0.114962172531154,1,-2.053,5.411,4.602079,1.67,1.1489,1.641,0.284730538922156,2
1908,AUG,19990309,11731,4.5,0.0895358268084974,0.9999,-2.053,7.351,4.80855,1.663,1.1361,1.619,0.28959711365003,2
1909,AUG,19990309,11731,4.85,0.0904322648283087,0.9998,-2.053,7.891,4.765412,1.662,1.1344,1.617,0.290252707581227,2
1910,AUG,19990309,11733,2.575,0.141842874162224,1.002,-1.952,4.666,4.50747,1.647,1.2926,1.601,0.315968427443837,2
1911,AUG,19990309,11734,2.725,0.121082120738721,0.9995,-1.95,9.123,4.84567,1.646,1.2945,1.603,0.316767922235723,2
1912,AUG,19990309,11734,3.7,0.125949972800355,1,-1.948,9.585,4.9633,1.642,1.3073,1.601,0.319671132764921,2
1913,AUG,19990309,11735,2.7,0.121432972797592,0.9995,-1.952,9.375,3.66769,1.642,1.2788,1.589,0.319549330085262,2
1914,AUG,19990309,11736,2.7,0.163234220501229,1.001,-1.951,6.73,3.42438,1.645,1.2924,1.603,0.317811550151976,2
1915,AUG,19990309,11738,2.5,0.0885058042705511,1,-2.562,7.151,4.82748,1.656,1.137,1.604,0.293417874396135,2
1916,AUG,19990309,11740,3.65,0.0850255111714073,0.9992,-2.56,7.893,4.74694,1.656,1.1332,1.599,0.295954106280193,2
1917,AUG,19990309,11740,4.05,0.0967144592634026,1,-2.56,7.06,4.57672,1.658,1.137,1.608,0.294330518697226,2
1918,AUG,19990309,11746,3.75,0.0771353523979656,0.9985,-2.561,8.895,4.72463,1.652,1.126,1.588,0.298365617433414,2
1919,AUG,19990318,11780,4.4,0.128882068277628,1,-2.055,7.546,5.00281,1.644,1.3097,1.609,0.319403892944039,2
1920,AUG,19990318,11781,3.65,0.142070816775612,1.002,-2.056,8.684,4.93979,1.642,1.3107,1.599,0.319914738124239,2
1922,AUG,19990318,11781,4.75,0.105336176935229,0.9995,-2.056,8.527,4.7475,1.641,1.2998,1.602,0.32114564290067,2
1923,AUG,19990318,11781,5.2,0.128432055378062,1,-2.055,8.751,4.695,1.642,1.2946,1.612,0.320584652862363,2
1924,AUG,19990318,11782,3.704,0.131252699571995,1.001,-2.056,8.414,5.0934,1.641,1.3069,1.599,0.319987812309567,2
1925,AUG,19990318,11782,4.35,0.100741717913112,1,-2.057,8.095,5.041,1.642,1.3012,1.601,0.320341047503045,2
1926,AUG,19990318,11782,4.85,0.113330838160949,1,-2.056,8.613,4.6089,1.641,1.3007,1.608,0.320840950639854,2
1927,AUG,19990318,11782,5.8,0.0985197620797429,0.9996,-2.056,8.305,4.95292,1.639,1.2362,1.564,0.323123856009762,2
1928,AUG,19990318,11783,3.672,0.133960071654659,1.001,-2.054,8.486,4.86221,1.642,1.309,1.602,0.31979293544458,2
1929,AUG,19990318,11783,4.35,0.113932492754236,1,-2.055,8.286,4.7269,1.643,1.3063,1.604,0.319841752891053,2
1930,AUG,19990318,11783,4.85,0.145328880659525,1.001,-2.052,8.813,4.5366,1.64,1.3084,1.607,0.321280487804878,2
1931,AUG,19990318,11783,5.175,0.149015638433697,1,-2.051,8.748,4.772281,1.641,1.2942,1.61,0.321023765996344,2
1933,AUG,19990318,11784,3.692,0.142648986889154,1.001,-2.049,8.67,5.034,1.641,1.3094,1.598,0.320170627666057,2
1934,AUG,19990318,11784,4.21,0.11560701713433,1,-2.05,8.047,4.79797,1.644,1.303,1.606,0.319099756690998,2
1935,AUG,19990318,11788,4.475,0.10153626424615,0.9994,-2.056,11.27,4.82762,1.641,1.2937,1.588,0.32114564290067,2
1936,AUG,19990318,11788,5.9,0.112340213850834,0.9998,-2.055,11.5,4.7638907,1.642,1.3009,1.598,0.320401948842875,2
1937,AUG,19990318,11789,4.95,0.0988852069825022,0.9991,-2.056,11.34,4.81031,1.641,1.2918,1.586,0.321084704448507,2
1938,AUG,19990318,11790,5.4,0.142839428198488,1,-2.053,8.661,4.7499,1.643,1.3132,1.601,0.319537431527693,2
1940,AUG,19990318,11794,4.24,0.122211279599736,0.9999,-2.049,8.035,4.80283,1.644,1.3054,1.605,0.319099756690998,2
1941,AUG,19990318,11794,4.911,0.141909857397888,1,-2.047,8.656,4.6493,1.643,1.3091,1.598,0.320085209981741,2
1942,AUG,19990318,11795,2.875,0.139256901338349,1,-2.052,9.674,4.90231,1.652,1.3424,1.576,0.317978208232446,2
1943,AUG,19990319,11799,3,0.109182440970244,1,-2.053,11.57,4.84332,1.643,1.2934,1.591,0.319050517346318,2
1944,AUG,19990319,11799,3.9,0.0991958407230145,0.999,-2.052,11.46,4.93932,1.643,1.2935,1.589,0.320085209981741,2
1945,AUG,19990319,11799,4.2,0.0919143634798967,0.9989,-2.052,11.73,4.9967,1.641,1.29,1.583,0.321450335161487,2
1946,AUG,19990319,11799,4.5,0.0830655351342787,0.9984,-2.052,12.09,5.0492,1.64,1.2843,1.577,0.322439024390244,2
1947,AUG,19990319,11799,4.75,0.0749263319532723,0.998,-2.052,12.26,5.1447,1.639,1.2792,1.571,0.323123856009762,2
1948,AUG,19990319,11800,3.1,0.110550037264326,1,-2.059,11.6,4.807547,1.643,1.2949,1.592,0.318989653073646,2
1949,AUG,19990319,11800,4.6,0.0732346703997339,0.9991,-2.055,11.35,7.2148,1.643,1.2954,1.589,0.319841752891053,2
1950,AUG,19990319,11801,3.3,0.10974371753019,0.9991,-2.059,11.58,4.77559,1.643,1.2942,1.586,0.319476567255021,2
1952,AUG,19990319,11803,3.05,0.110673279798457,0.9998,-2.059,11.56,4.76325,1.643,1.293,1.588,0.319233110164334,2
1953,AUG,19990319,11803,4.525,0.0774722181252978,0.9995,-2.056,11.04,7.05136,1.643,1.2926,1.584,0.319963481436397,2
1954,AUG,19990319,11804,3.25,0.0949013157894737,0.9994,-2.058,11.49,5.35952,1.643,1.2919,1.585,0.319233110164334,2
1955,AUG,19990319,11804,4.85,0.0653244168457925,0.999,-2.056,11.5,7.5366,1.643,1.2908,1.581,0.319659160073037,2
1956,AUG,19990319,11805,3.3,0.109426480383633,0.9998,-2.057,11.49,4.81919,1.643,1.2963,1.592,0.319415702982349,2
1957,AUG,19990319,11805,4.65,0.0812587041292389,0.9998,-2.055,11.32,6.89328,1.643,1.2998,1.589,0.320024345709069,2
1958,AUG,19990319,11807,2.477,0.0937162717916825,0.9992,-2.055,10.91,4.9847,1.646,1.2582,1.577,0.317496962332928,2
1959,AUG,19990319,11807,3.452,0.0718027591349739,1,-2.051,11.05,9.387,1.642,1.2948,1.584,0.320097442143727,2
1960,AUG,19990319,11807,3.832,0.0663957445330879,1.001,-2.049,10.37,11.5193,1.643,1.3014,1.594,0.319537431527693,2
1962,AUG,19990319,11808,2.32,0.113626739069614,1.001,-2.062,9.276,4.71804,1.644,1.2552,1.581,0.318369829683698,2
1963,AUG,19990319,11808,3.45,0.0657270952298167,0.9999,-2.058,12.04,8.97324,1.643,1.2958,1.581,0.319780888618381,2
1964,AUG,19990319,11808,4.49,0.0535800978476033,1,-2.055,11.78,12.77088,1.643,1.2943,1.584,0.320085209981741,2
1965,AUG,19990319,11809,3.45,0.0823234478007512,0.9991,-2.055,12.82,5.383861,1.651,1.3475,1.551,0.318110236220472,2
1966,AUG,19990319,11810,3.325,0.0598423333909594,1,-2.056,11.74,11.22178,1.643,1.2953,1.586,0.319720024345709,2
1968,AUG,19990323,11815,3.9,0.0996138559120967,1,-2.563,5.502,4.59414,1.656,1.1395,1.609,0.295471014492754,2
1969,AUG,19990323,11817,3.6,0.0621434158397768,1.001,-2.561,7.585,9.03889,1.653,1.1418,1.616,0.292014519056261,2
1970,AUG,19990323,11817,4.15,0.0548314172456877,1.001,-2.56,7.6,11.1251,1.656,1.1479,1.622,0.291243961352657,2
1971,AUG,19990407,11910,3.27,0.121191086823136,1.001,-2.055,5.365,4.53082,1.667,1.149,1.634,0.287282543491302,2
1972,AUG,19990407,11910,4.9,0.0907091956723801,0.9997,-2.055,7.801,4.80911,1.661,1.1331,1.618,0.290608067429259,2
1973,AUG,19990408,11939,3.5,0.105220422584246,1.001,-2.655,3.509,4.45213,1.652,1.155,1.624,0.297154963680387,2
1974,AUG,19990408,11943,2.45,0.111836314933512,1.001,-2.272,3.461,4.1812,1.652,1.1557,1.625,0.297457627118644,2
1975,AUG,19990408,11944,2.4,0.0996852288017841,1.001,-2.331,3.496,4.55569,1.652,1.1541,1.626,0.296912832929782,2
1976,AUG,19990408,11945,2.35,0.0977359453343391,1.001,-2.559,3.397,4.5074,1.654,1.1553,1.63,0.295888754534462,2
1977,AUG,19990408,11947,2.35,0.0974378683633504,1.001,-2.559,3.45,4.50133,1.655,1.1539,1.632,0.295166163141994,2
1978,AUG,19990408,11947,3.15,0.0914267787200061,1.001,-2.557,3.778,5.2594,1.655,1.1575,1.629,0.295407854984894,2
1979,AUG,19990408,11947,3.85,0.0963984352599025,1.001,-2.556,4.967,6.83564,1.658,1.1658,1.651,0.292279855247286,2
1980,AUG,19990408,11947,4.2,0.0924357802097323,1.001,-2.556,5.041,6.9994,1.659,1.1641,1.655,0.291621458710066,2
1981,AUG,19990408,11948,2.35,0.133071395141688,1.001,-2.543,4.792,4.63659,1.645,1.2678,1.594,0.317811550151976,2
1982,AUG,19990408,11948,3.3,0.132203015994903,1.001,-2.543,5.33,4.89656,1.639,1.2997,1.594,0.322208663819402,2
1983,AUG,19990408,11952,2.45,0.128379123267109,1.001,-2.052,5.377,4.71683,1.647,1.2739,1.602,0.316393442622951,2
1984,AUG,19990408,11952,3.6,0.11035704258306,0.999,-2.05,8.686,5.3425,1.64,1.3021,1.609,0.32140243902439,2
1985,AUG,19990408,11954,2.75,0.0853325693153418,1,-2.559,6.582,6.99809,1.649,1.1574,1.636,0.299151000606428,2
1986,AUG,19990415,11989,3.35,0.11806141260143,1.001,-2.046,5.538,4.65963,1.667,1.1489,1.64,0.286742651469706,2
1987,AUG,19990415,11990,1.837,0.124997004373615,1.002,-2.049,6.215,5.0073,1.642,1.2377,1.573,0.318087697929354,2
1989,AUG,19990415,11991,1.857,0.126998564346716,1.001,-2.049,7.125,4.88976,1.643,1.237,1.573,0.317894096165551,2
1990,AUG,19990415,11991,2.375,0.148046273318501,1.001,-2.048,7.678,4.6744,1.645,1.264,1.593,0.317507598784195,2
1992,AUG,19990415,11991,3.685,0.127063146699574,1,-2.047,7.696,4.92694,1.62,1.2955,1.672,0.311728395061728,2
1993,AUG,19990415,11992,1.9,0.120149650181425,1,-2.047,7.195,4.9883,1.645,1.2349,1.572,0.317386018237082,2
1994,AUG,19990415,11992,2.8,0.113414572661638,0.9997,-2.047,8.621,4.9586,1.643,1.2925,1.598,0.318746195982958,2
1995,AUG,19990415,11992,3.25,0.132350860646074,1.002,-2.043,8.933,6.3615,1.626,1.3127,1.616,0.321586715867159,2
1996,AUG,19990415,11992,3.8,0.0893399963154016,1.001,-2.043,8.308,8.6848,1.638,1.3113,1.621,0.31953601953602,2
1997,AUG,19990415,11994,2.4,0.0625513646120822,0.8018,-2.25,5.886,8.96775,1.654,1.1799,1.659,0.294135429262394,2
1998,AUG,19990415,11995,3.3,0.054577024261385,0.8004,-2.25,5.931,8.880202,1.656,1.1709,1.653,0.294202898550725,2
1999,AUG,19990415,11995,5.2,0.0730196112479786,0.8004,-2.25,5.812,4.60705,1.651,1.1442,1.618,0.298001211387038,2
2000,AUG,19990415,11996,2,0.12493405377808,1,-2.051,7.527,4.7008,1.648,1.2355,1.578,0.316444174757282,2
2001,AUG,19990415,11996,3,0.114422730186714,0.9997,-2.049,9.465,4.9916,1.641,1.2958,1.594,0.320292504570384,2
2002,AUG,19990415,11996,4.3,0.110158810387877,0.9997,-2.047,10.21,4.94615,1.644,1.2972,1.602,0.319221411192214,2
2003,AUG,19990415,11997,2.7,0.125068612761666,0.9998,-2.049,8.611,4.87883,1.646,1.2917,1.606,0.316464155528554,2
2004,AUG,19990415,12000,3.5,0.113863708936403,1.001,-2.559,4.03,4.60353,1.654,1.1571,1.633,0.295284159613059,2
2005,AUG,19990420,12021,3.35,0.122481176444611,1.001,-2.044,5.423,4.5289,1.67,1.1502,1.648,0.284850299401198,2
2006,AUG,19990420,12021,4.85,0.112475805745314,0.9997,-2.043,10.45,4.5672,1.661,1.136,1.616,0.291270319084889,2
2007,AUG,19990420,12022,3.8,0.117867643863791,0.9996,-2.046,12.36,4.83287,1.642,1.2991,1.593,0.319671132764921,2
2008,AUG,19990420,12023,2.675,0.134487810328631,0.9999,-2.047,8.121,4.83278,1.647,1.2895,1.604,0.316332726168792,2
2009,AUG,19990420,12025,2.8,0.137126198808815,1,-2.046,8.928,4.82041,1.645,1.3,1.606,0.31726443768997,2
2010,AUG,19990422,12030,2.45,0.110379342177243,1.002,-2.555,4.082,4.67968,1.657,1.1568,1.639,0.293421846710923,2
2011,AUG,19990422,12030,3.5,0.0971158277933583,1.001,-2.552,4.622,6.40045,1.657,1.1639,1.644,0.293361496680748,2
2012,AUG,19990422,12032,2.2,0.103253064684967,1.001,-2.555,3.688,4.62364,1.656,1.1547,1.638,0.294021739130435,2
2013,AUG,19990422,12032,3.85,0.100634720674451,1.001,-2.553,5.062,6.81087,1.659,1.167,1.652,0.292103676913803,2
2014,AUG,19990422,12035,2.05,0.0989846953012643,1,-2.559,3.517,4.6587,1.656,1.1532,1.639,0.294082125603865,2
2015,AUG,19990422,12035,2.925,0.108463975439284,1.002,-2.557,4.97,6.1236,1.66,1.1656,1.657,0.290903614457831,2
2016,AUG,19990422,12035,3.4,0.105216283495134,1.001,-2.557,5.599,6.82114,1.661,1.1673,1.661,0.290367248645394,2
2017,AUG,19990422,12039,2,0.101316932849909,1.001,-2.554,3.808,4.67222,1.656,1.1538,1.639,0.293961352657005,2
2018,AUG,19990422,12039,2.925,0.106614746026881,1.001,-2.552,4.966,6.13372,1.659,1.166,1.652,0.291742013261001,2
2019,AUG,19990423,12055,2.9,0.0857611406321854,0.9995,-2.554,7.738,4.93621,1.671,1.1467,1.592,0.294733692399761,2
2020,AUG,19990423,12055,3.9,0.0883707151754372,0.9995,-2.553,7.505,4.94536,1.631,1.1195,1.615,0.298283261802575,2
2021,AUG,19990423,12055,4.89,0.087732252174847,0.9993,-2.553,7.754,4.84172,1.656,1.1316,1.609,0.295108695652174,2
2022,AUG,19990427,12068,3.515,0.139602329943726,1.199,-2.349,9.648,5.0645,1.658,1.1376,1.642,0.292219541616405,2
2023,AUG,19990427,12069,2.525,0.139003097384205,1.199,-2.559,10.39,2.94442,1.651,1.1233,1.608,0.298304058146578,2
2024,AUG,19990427,12069,3.19,0.0986201311373039,1.199,-2.559,9.416,5.1244,1.653,1.1285,1.618,0.296188747731397,2
2025,AUG,19990427,12069,3.54,0.091301296103996,1.199,-2.559,9.683,5.2002,1.652,1.1254,1.612,0.297457627118644,2
2026,AUG,19990427,12069,4.185,0.0833482848295459,1.2,-2.557,9.977,7.05615,1.653,1.1304,1.618,0.296733212341198,2
2027,AUG,19990427,12080,2.25,0.114703299252655,1,-2.558,6.528,4.82776,1.646,1.248,1.578,0.317436208991495,2
2028,AUG,19990427,12080,3.85,0.0893633948224139,1.001,-2.554,7.515,9.21356,1.618,1.2817,1.673,0.309332509270704,2
2029,AUG,19990427,12082,1.85,0.12967072912251,1.002,-1.534,10.26,4.718,1.645,1.2497,1.605,0.316595744680851,2
2030,AUG,19990427,12083,2.375,0.096585581664917,0.9995,-2.559,9.079,4.84841,1.646,1.248,1.576,0.317253948967193,2
2031,AUG,19990427,12085,1.788,0.0850702745033386,1.003,-3.067,7.027,4.8524,1.642,1.2274,1.567,0.318209500609013,2
2032,AUG,19990427,12085,2.1,0.0783841237876048,0.9991,-3.067,8.208,4.8664,1.646,1.2297,1.569,0.317436208991495,2
2033,AUG,19990427,12086,3,0.177834610634898,0.9994,-2.048,9.888,2.7532,1.659,1.2687,1.618,0.307172995780591,2
2034,AUG,19990427,12086,3.475,0.157364334866474,0.9982,-2.047,11.33,2.8047,1.653,1.2623,1.609,0.310586811857229,2
2035,AUG,19990427,12086,3.7,0.137131278697649,0.9973,-2.047,12.96,2.8748,1.652,1.2576,1.616,0.311440677966102,2
2036,AUG,19990429,12092,3,0.114487303404578,1.001,-2.404,3.922,4.631911,1.649,1.1585,1.615,0.299151000606428,2
2037,AUG,19990429,12094,1.95,0.110959625055769,1.002,-2.41,3.827,4.61722,1.65,1.1561,1.626,0.297151515151515,2
2038,AUG,19990429,12095,2.25,0.112797293156391,1.001,-2.404,3.96,4.66669,1.65,1.157,1.623,0.297454545454545,2
2039,AUG,19990429,12095,3.75,0.112427608083559,1.001,-2.404,3.916,4.68457,1.648,1.1573,1.608,0.300182038834951,2
2040,AUG,19990429,12097,2.2,0.113612409396031,1,-2.405,3.82,4.63004,1.649,1.1577,1.62,0.298483929654336,2
2041,AUG,19990430,12113,1.753,0.130623358318919,1.005,-2.156,6.594,4.6827,1.642,1.2402,1.57,0.318453105968331,2
2042,AUG,19990430,12113,3.175,0.121056356498462,1,-2.154,8.266,4.80406,1.63,1.292,1.636,0.314049079754601,2
2043,AUG,19990430,12113,3.9,0.132148321866281,1,-2.153,8.673,4.69897,1.615,1.2867,1.666,0.310897832817337,2
2044,AUG,19990430,12113,4.45,0.138786378872842,1,-2.152,8.687,4.78815,1.619,1.2853,1.676,0.309264978381717,2
2045,AUG,19990430,12114,1.85,0.136035606621259,1.003,-2.16,6.939,4.78338,1.643,1.24,1.573,0.318198417528911,2
2046,AUG,19990430,12114,2.365,0.125971930381745,1,-2.161,7.893,4.798569,1.647,1.2548,1.592,0.316636308439587,2
2047,AUG,19990430,12114,3.125,0.159110156900036,1.001,-2.158,8.794,4.71128,1.629,1.2947,1.631,0.314732965009208,2
2048,AUG,19990430,12114,4.085,0.147398876427465,1,-2.156,8.572,4.89154,1.619,1.2789,1.673,0.308709079678814,2
2049,AUG,19990430,12115,2.4,0.105367535457937,1,-2.154,9.397,4.81627,1.646,1.2534,1.585,0.317071688942892,2
2050,AUG,19990430,12115,3.112,0.144199825449031,1.001,-2.152,10.16,4.80089,1.629,1.2922,1.629,0.314487415592388,2
2051,AUG,19990430,12115,4.2,0.140617701424378,1,-2.15,10.23,4.5985,1.617,1.2812,1.67,0.309461966604824,2
2052,AUG,19990504,12145,2.2,0.122549277554869,1.001,-2.565,4.466,4.5609,1.648,1.2002,1.608,0.301152912621359,2
2053,AUG,19990504,12145,2.25,0.129576858605536,1.002,-2.565,4.474,4.4146,1.647,1.204,1.61,0.302307225258045,2
2054,AUG,19990504,12145,2.8,0.132564382660335,1.002,-2.564,4.124,4.74196,1.63,1.2235,1.592,0.31521472392638,2
2055,AUG,19990504,12145,2.85,0.133689571554403,1.001,-2.564,4.105,4.68881,1.63,1.2257,1.593,0.315398773006135,2
2056,AUG,19990504,12145,3.2,0.138208526162453,1.001,-2.563,4.184,4.65438,1.631,1.2436,1.612,0.314530962599632,2
2057,AUG,19990504,12145,3.25,0.135277235508698,1.001,-2.563,4.169,4.71783,1.63,1.2461,1.615,0.314662576687117,2
2058,AUG,19990504,12145,3.85,0.142239465570401,0.9985,-2.562,4.463,4.865,1.63,1.2747,1.649,0.31478527607362,2
2059,AUG,19990504,12145,3.9,0.14553440671571,0.9968,-2.562,4.473,4.69109,1.629,1.2744,1.65,0.315592387968079,2
2060,AUG,19990504,12146,1.975,0.147413478868391,1,-2.564,10.21,4.9381,1.654,1.1959,1.606,0.294498186215236,2
2061,AUG,19990504,12146,2.25,0.123019967850815,1.001,-2.564,4.62,4.86482,1.648,1.2064,1.605,0.301699029126214,2
2062,AUG,19990504,12146,2.975,0.137673773040195,1.001,-2.563,3.996,4.503,1.63,1.2311,1.595,0.315460122699387,2
2063,AUG,19990506,12173,2.45,0.159043480097585,1.001,-2.356,7.711,4.73435,1.682,1.2798,1.671,0.288287752675386,2
2064,AUG,19990506,12181,2.73,0.0540494184061369,0.5985,-1.534,6.724,4.3931,1.641,1.2861,1.579,0.32114564290067,2
2065,AUG,19990506,12184,2.43,0.0742519380342154,0.6002,-1.537,6.685,4.67742,1.639,1.3016,1.585,0.321476510067114,2
2066,AUG,19990506,12184,2.63,0.0633848937943687,0.6018,-1.534,6.975,6.80237,1.639,1.3107,1.596,0.321720561317877,2
2067,AUG,19990511,12198,2.6,0.155898396635283,1,-2.049,8.456,4.6839,1.647,1.2854,1.601,0.316514875531269,2
2068,AUG,19990511,12198,3.35,0.146877829520802,1,-2.047,8.435,4.93679,1.63,1.3009,1.637,0.316073619631902,2
2069,AUG,19990511,12199,4.05,0.114651384297183,0.9998,-2.557,8.274,4.774914,1.626,1.2818,1.634,0.313222632226322,2
2070,AUG,19990511,12200,4.1,0.116669096309285,1,-2.556,8.189,4.767505,1.625,1.2832,1.636,0.313046153846154,2
2071,AUG,19990511,12201,2.9,0.114665016785837,1,-2.558,8.259,4.70337,1.643,1.292,1.595,0.317589774802191,2
2072,AUG,19990511,12201,4.1,0.117334185480518,0.9999,-2.556,8.288,4.736271,1.625,1.282,1.635,0.313230769230769,2
2073,AUG,19990511,12202,2.725,0.0487512527206665,0.599,-2.556,5.109,4.53014,1.64,1.2798,1.564,0.321219512195122,2
2074,AUG,19990511,12202,4.05,0.0527589051341742,0.5994,-2.555,5.433,4.470904,1.624,1.2625,1.605,0.314285714285714,2
2075,AUG,19990511,12204,1.5,0.116544001474616,0.6058,-1.533,4.096,2.27856,1.644,1.2319,1.548,0.320133819951338,2
2076,AUG,19990511,12204,2.375,0.0680472031411731,0.5992,-1.531,6.41,4.67596,1.643,1.2873,1.588,0.319537431527693,2
2077,AUG,19990511,12204,2.995,0.0416697863504087,0.5982,-1.53,6.893,6.8383,1.644,1.2812,1.588,0.319464720194647,2
2078,AUG,19990511,12205,2.95,0.0429188574466828,0.5983,-1.532,6.729,6.7708,1.644,1.2836,1.593,0.319464720194647,2
2079,AUG,19990511,12210,2.3,0.206868290232919,1,-2.154,7.529,2.628165,1.635,1.2484,1.601,0.316391437308868,2
2082,AUG,19990511,12211,2.221,0.170036753057474,1.001,-2.152,6.426,3.94525,1.634,1.2513,1.599,0.317197062423501,2
2083,AUG,19990511,12211,2.871,0.142202687429361,1.001,-2.152,6.212,3.9815,1.625,1.2845,1.661,0.311015384615385,2
2084,AUG,19990520,12247,2.15,0.118700940499194,1.001,-2.541,4.654,4.98884,1.65,1.2027,1.617,0.298666666666667,2
2085,AUG,19990520,12247,2.6,0.137033972444525,1.002,-2.51,4.211,4.64082,1.635,1.2208,1.601,0.310948012232416,2
2086,AUG,19990520,12247,2.8,0.140647667384084,1.002,-2.492,4.236,4.61842,1.63,1.2259,1.595,0.314907975460123,2
2087,AUG,19990520,12249,2.2,0.113831558362623,1.001,-2.544,4.441,4.91933,1.648,1.2025,1.616,0.300364077669903,2
2088,AUG,19990520,12249,2.6,0.12047128443101,1.002,-2.516,4.078,4.6978,1.633,1.2144,1.596,0.312614819350888,2
2089,AUG,19990520,12249,3.025,0.140313117185093,1.001,-2.481,4.605,4.51141,1.63,1.2374,1.605,0.314723926380368,2
2090,AUG,19990520,12249,3.3,0.143078155145426,1.001,-2.454,4.756,4.67007,1.63,1.2524,1.621,0.314662576687117,2
2091,AUG,19990520,12249,3.35,0.150127522732313,1.001,-2.449,4.794,4.509,1.63,1.2557,1.625,0.31478527607362,2
2092,AUG,19990520,12251,2.125,0.117413003653756,1.001,-2.556,4.595,4.95107,1.651,1.2005,1.62,0.297516656571775,2
2093,AUG,19990520,12251,2.7,0.126885203481837,1.002,-2.555,4.042,4.652946,1.631,1.2178,1.592,0.314285714285714,2
2094,AUG,19990520,12251,3.3,0.147972789423643,1.001,-2.555,4.297,4.4174,1.63,1.2525,1.619,0.314662576687117,2
2095,AUG,19990520,12251,3.5,0.152445965098769,1.001,-2.555,4.509,4.5156,1.63,1.2643,1.632,0.314478527607362,2
2096,AUG,19990520,12251,3.875,0.165299687603081,1.003,-2.554,5.255,5.1537,1.631,1.2862,1.656,0.314285714285714,2
2097,AUG,19990520,12253,2.2,0.113401944958138,1,-2.562,4.44,4.85049,1.647,1.2012,1.611,0.301457194899818,2
2098,AUG,19990520,12253,2.8,0.118441642893103,1.001,-2.56,3.986,4.7672,1.63,1.2204,1.59,0.315337423312883,2
2099,AUG,19990520,12253,3.2,0.14387024505162,1.001,-2.56,4.264,4.3297,1.63,1.2464,1.614,0.314539877300614,2
2100,AUG,19990520,12253,3.5,0.156017137345506,1.001,-2.56,4.567,4.4581,1.63,1.2651,1.634,0.31478527607362,2
2101,AUG,19990520,12253,4.05,0.160545037863691,1.002,-2.559,5.015,5.018,1.63,1.2827,1.656,0.315276073619632,2
2102,AUG,19990520,12253,4.375,0.142547069360313,1.001,-2.547,5.095,5.61618,1.63,1.2778,1.656,0.31478527607362,2
2103,AUG,19990520,12255,4.6,0.04968776432055,0.8007,-2.164,5.954,8.89072,1.655,1.161,1.646,0.294622356495468,2
2104,AUG,19990520,12256,2.1,0.120407215080616,1,-2.555,4.731,4.99343,1.652,1.2012,1.614,0.297215496368039,2
2105,AUG,19990520,12256,3.1,0.134586826614342,1.001,-2.555,4.115,4.4848,1.631,1.2389,1.605,0.31471489883507,2
2106,AUG,19990520,12256,3.45,0.153644752527705,1.001,-2.555,4.521,4.5298,1.631,1.261,1.63,0.314285714285714,2
2107,AUG,19990520,12256,3.925,0.133956274333633,1.002,-2.552,5.565,6.678,1.629,1.2854,1.657,0.315346838551258,2
2108,AUG,19990520,12257,4.5,0.0482277211438302,0.8002,-2.152,5.9,9.30243,1.657,1.1638,1.651,0.292999396499698,2
2109,AUG,19990624,12307,4.75,0.1155732644425,0.9997,-1.98,9.681,5.00502,1.634,1.358,1.579,0.327050183598531,2
2110,AUG,19990624,12317,3,0.168667373148109,1.001,-1.98,8.695,4.7654,1.645,1.3433,1.571,0.316474164133739,2
2111,AUG,19990624,12317,4.1,0.11408223023894,0.9993,-1.98,11.63,4.88701,1.643,1.3598,1.592,0.319050517346318,2
2112,AUG,19990625,12325,3.55,0.14620386297225,1,-2.279,6.39,4.8253,1.695,1.2897,1.711,0.279469026548673,2
2113,AUG,19990625,12329,4.8,0.127435429474044,0.9998,-2.474,11.04,4.6848,1.683,1.2638,1.668,0.288294711824124,2
2114,AUG,19990709,12399,5.9,0.0928943895916265,0.9996,-1.983,8.16,4.712206,1.658,1.1336,1.618,0.292641737032569,2
2115,AUG,19990722,12471,4.45,0.0545391736009738,0.8003,-1.979,6.17,6.92571,1.666,1.1834,1.622,0.297719087635054,2
2116,AUG,19990727,12479,4.15,0.145167137187513,0.9997,-1.981,12.25,4.8882,1.642,1.3551,1.579,0.320097442143727,2
2117,AUG,19990727,12481,3.7,0.128845128392283,0.9994,-1.982,11.17,4.93215,1.643,1.353,1.583,0.319415702982349,2
2118,AUG,19990729,12515,3.5,0.0448724348530231,0.7995,-2.139,5.66,9.124867,1.675,1.1584,1.653,0.279701492537313,2
2121,AUG,19990730,12528,3.5,0.0666107344886415,0.8004,-2.09,5.512,5.34576,1.669,1.1453,1.634,0.283223487118035,2
2122,AUG,19990730,12531,3.35,0.0361462701180118,0.8001,-2.175,5.665,9.300683,1.673,1.1465,1.648,0.280633592349073,2
2123,AUG,19990730,12533,2.7,0.0712194579269955,0.8006,-2.477,5.124,4.701138,1.66,1.1434,1.6,0.289277108433735,2
2124,AUG,19990730,12533,2.75,0.0714585724637216,0.8008,-2.477,5.121,4.67841,1.66,1.1438,1.6,0.289277108433735,2
2125,AUG,19990730,12534,2.55,0.041398412109651,0.599,-2.473,4.803,4.52928,1.636,1.1349,1.573,0.309413202933985,2
2126,AUG,19990730,12534,3.55,0.0386812790752001,0.5989,-2.474,4.877,4.49481,1.634,1.1276,1.57,0.31015911872705,2
2127,AUG,19990730,12535,3.385,0.0277421114734131,0.3991,-2.472,3.87,3.94085,1.623,1.1597,1.571,0.316142945163278,2
2128,AUG,19990730,12536,2,0.0919197257564011,0.9998,-2.479,5.968,4.86283,1.67,1.1418,1.596,0.285988023952096,2
2129,AUG,19990730,12536,2.75,0.0914900650474204,1.001,-2.478,5.522,4.77959,1.663,1.1403,1.597,0.286530366806975,2
2130,AUG,19990730,12536,3.55,0.0861245958844358,0.9997,-2.477,5.154,4.87175,1.666,1.1375,1.601,0.28577430972389,2
2131,AUG,19990730,12536,4.1,0.0837731525785145,0.9998,-2.477,5.099,4.843467,1.67,1.1418,1.591,0.286347305389222,2
2132,AUG,19990730,12537,2.5,0.111932332324821,1.2,-2.479,6.5,5.0376195,1.662,1.1371,1.638,0.291636582430806,2
2133,AUG,19990730,12537,2.85,0.113642251767352,1.201,-2.479,6.431,4.9792,1.652,1.1322,1.638,0.292917675544794,2
2134,AUG,19990730,12537,3.55,0.109693333333333,1.2,-2.479,6.612,5.0625,1.658,1.1307,1.641,0.291978287092883,2
2135,AUG,19990730,12538,3.55,0.0356820063077464,0.8003,-2.194,5.87,9.99089,1.673,1.1478,1.646,0.280693365212194,2
2136,AUG,19990730,12538,4.09,0.0442757261219084,0.8,-2.192,6.115,7.79208,1.673,1.1396,1.641,0.281829049611476,2
2137,AUG,19990803,12553,2.85,0.0436694869717496,0.4008,-2.472,3.442,3.59181,1.647,1.1994,1.685,0.296296296296296,2
2138,AUG,19990803,12553,3.3,0.0418657949799311,0.4,-2.471,3.465,3.68481,1.645,1.1916,1.698,0.295075987841945,2
2139,AUG,19990803,12553,3.9,0.039546845739459,0.4002,-2.47,3.408,3.63651,1.658,1.1975,1.677,0.295355850422195,2
2140,AUG,19990803,12557,3.25,0.0946399489414147,1,-2.475,7.104,4.99818,1.66,1.1395,1.625,0.290843373493976,2
2141,AUG,19990803,12557,4.7,0.0693859150650403,1,-2.472,7.814,7.10944,1.657,1.1386,1.615,0.292939046469523,2
2142,AUG,19990805,12580,2.3,0.0576951934568884,0.8003,-2.472,4.23,3.951759,1.652,1.1277,1.575,0.293825665859564,1
2143,AUG,19990805,12580,3.9,0.0494681627195764,0.8007,-2.473,4.871,6.71634,1.655,1.1381,1.602,0.288821752265861,1
2144,AUG,19990805,12581,2.5,0.0571721842067653,0.8003,-2.473,5.299,5.016819,1.648,1.1288,1.592,0.291929611650485,1
2145,AUG,19990805,12581,4,0.0456691621852776,0.8,-2.473,5.201,6.82824,1.652,1.1335,1.599,0.289951573849879,1
2146,AUG,19990805,12583,2.3,0.0606126238223432,0.8002,-1.486,5.304,5.15961,1.668,1.1403,1.636,0.281474820143885,1
2147,AUG,19990805,12583,3.8,0.0535340760038642,0.8005,-1.482,5.277,6.07627,1.669,1.1424,1.636,0.281066506890354,1
2148,AUG,19990806,12591,2.2,0.0521102798179986,0.5996,-1.486,3.91,3.79997,1.639,1.131,1.631,0.297498474679683,1
2149,AUG,19990806,12591,3.2,0.0345419517375948,0.6007,-1.483,4.785,6.07305,1.638,1.1319,1.628,0.297924297924298,1
2150,AUG,19990806,12591,4.25,0.0539122331594563,0.5988,-1.482,4.619,2.80083,1.647,1.117,1.601,0.30066788099575,1
2151,AUG,19990806,12592,2.8,0.0641212331699578,0.9991,-2.472,5.118,4.255634,1.653,1.1176,1.58,0.290865093768905,1
2152,AUG,19990806,12592,3.9,0.0556120326999257,1.001,-2.473,5.526,7.33335,1.656,1.1322,1.599,0.286594202898551,1
2153,AUG,19990806,12594,3.05,0.0696896899561111,1.198,-2.479,6.072,4.6965125,1.657,1.1161,1.618,0.295654797827399,1
2154,AUG,19990806,12594,3.525,0.0603350039206817,1.2,-2.477,6.752,8.04707,1.659,1.1295,1.626,0.293128390596745,1
2155,AUG,19990806,12594,3.6,0.055827190345258,1.2,-2.476,6.828,9.3467,1.655,1.1264,1.628,0.293413897280967,1
2156,AUG,19990806,12596,2.5,0.0575695362689218,1.001,-2.472,5.309,8.97697,1.662,1.1388,1.601,0.285619735258724,1
2157,AUG,19990806,12596,3.3,0.0493407216572278,1.001,-2.472,5.667,7.98828,1.657,1.1341,1.599,0.286059143029571,1
2158,AUG,19990806,12596,4.15,0.0411685872467319,0.9994,-2.472,7.138,8.6519,1.655,1.1236,1.586,0.289123867069486,1
2159,AUG,19990806,12596,4.2,0.041393617021279,0.9991,-2.472,7.124,9.4,1.658,1.1235,1.587,0.288781664656212,1
2163,AUG,19991104,12795,3.6,0.053764506326298,1.001,-2.48,7.487,9.637864,1.663,1.1385,1.579,0.292002405291642,2
2164,AUG,19991104,12796,2.9,0.0496680159752024,1.001,-2.48,7.033,9.60739,1.667,1.1429,1.587,0.288962207558488,2
2165,AUG,19991104,12799,2.3,0.0669523515363841,0.599,-1.491,5.004,2.777886,1.649,1.1305,1.594,0.302546998180716,2
2166,AUG,19991210,12901,1.7,0.0797131919066651,1.004,-2.479,6.812,5.025172,1.665,1.136,1.588,0.288648648648649,2
2167,AUG,19991210,12901,3,0.0648126786291056,1,-2.477,7.25,7.36862,1.668,1.1438,1.594,0.287470023980815,2
2168,AUG,19991221,12966,5.85,0.0928748058489614,0.999,-1.985,10.37,5.03474,1.659,1.1324,1.619,0.292224231464738,2
2169,AUG,19991221,12971,2.85,0.112673245100336,1.2,-2.482,9.149,5.1228,1.665,1.1402,1.632,0.292372372372372,2
2170,AUG,20000128,13169,2.775,0.129476976992168,1.001,-2.475,6.621,4.94223,1.631,1.2732,1.627,0.317719190680564,2
2171,AUG,20000128,13171,3.3,0.0953781512605042,0.9985,-2.481,10.61,5.0813,1.653,1.2703,1.608,0.317362371445856,2
2172,AUG,20000128,13171,3.625,0.0991197664306125,0.9997,-2.481,10.69,4.8294,1.655,1.273,1.61,0.317522658610272,2
2173,AUG,20000128,13172,2.85,0.114007850459784,0.9996,-2.474,8.518,4.9806,1.631,1.2758,1.613,0.321030042918455,2
2174,AUG,20000128,13172,3.7,0.114592884611253,1.001,-2.474,8.864,4.6547,1.651,1.2841,1.618,0.318231374924288,2
2175,AUG,20000128,13173,3.7,0.0767880303056979,0.999,-2.478,11.1,5.11191,1.652,1.2658,1.604,0.317675544794189,2
2176,AUG,20000425,13513,3.35,0.103576972289959,0.9999,-1.991,7.411,4.811108,1.674,1.1472,1.611,0.282616487455197,2
2177,AUG,20000427,13527,6.45,0.108402582677027,0.9997,-1.982,8.655,4.55961,1.66,1.1314,1.633,0.290783132530121,2
2178,AUG,20000427,13540,2.6,0.0887694946335602,0.7993,-1.637,8.685,4.760605,1.693,1.282,1.721,0.279799173065564,2
2179,AUG,20000427,13540,3.45,0.0872241024241477,0.7986,-1.636,10.68,4.697486,1.691,1.2756,1.711,0.28113542282673,2
2180,AUG,20000504,13582,3.8,0.119545376550008,1.001,-2.686,3.838,3.444257,1.673,1.1487,1.567,0.289181111775254,2
2181,AUG,20000509,13588,6,0.105058627817991,0.9992,-1.981,9.993,4.70681,1.659,1.1363,1.619,0.291440626883665,2
2182,AUG,20000509,13603,2.35,0.121429002838679,1.201,-2.482,8.47,4.9671,1.655,1.1358,1.629,0.294320241691843,2
2183,AUG,20000509,13603,2.85,0.118282844992848,1.199,-2.481,8.4,5.13815,1.657,1.1326,1.637,0.292999396499698,2
2184,AUG,20000511,13613,3.1,0.0619079701994499,0.5995,-2.484,4.316,4.48985,1.639,1.2983,1.592,0.318974984746797,2
2185,AUG,20000511,13622,2.4,0.126092575655148,1,-1.989,4.511,2.5147,1.659,1.1321,1.604,0.296323086196504,2
2186,AUG,20000511,13622,2.8,0.115781489809758,0.9989,-1.988,4.566,2.8017,1.663,1.1269,1.622,0.293385447985568,2
2187,AUG,20000511,13622,4.9,0.131456984543599,1,-1.984,5.077,2.57175,1.659,1.1311,1.602,0.29620253164557,2
2188,AUG,20000511,13622,5.3,0.122946211762001,0.9989,-1.984,5.086,2.78388,1.663,1.1256,1.621,0.293205051112447,2
2189,AUG,20000525,13743,2.25,0.0991183170259267,1,-2.58,4.391,5.069169,1.665,1.1494,1.603,0.286726726726727,2
2190,AUG,20000525,13743,5.25,0.104611234242275,1,-2.576,4.259,4.98565,1.664,1.1494,1.599,0.287680288461538,2
2191,AUG,20000525,13744,2.75,0.105862930094229,0.9999,-2.578,4.153,5.03349,1.664,1.15,1.602,0.287560096153846,2
2192,AUG,20000525,13744,4,0.106593187335123,0.9999,-2.576,4.126,4.976819,1.664,1.1495,1.601,0.287620192307692,2
2193,AUG,20000525,13761,3.825,0.0895145425569003,0.9994,-2.081,11.42,7.22844,1.642,1.2858,1.622,0.319975639464068,2
2194,AUG,20000530,13786,3.5,0.0799088343964878,0.7971,-1.986,8.697,4.952087,1.637,1.3945,1.528,0.311728772144166,2
2195,AUG,20000530,13786,5.15,0.0830139716667078,0.7979,-1.984,7.792,5.026172,1.639,1.4015,1.542,0.31012812690665,2
2196,AUG,20000608,13881,2.575,0.120415546929432,1.199,-2.481,6.669,5.0235,1.662,1.1391,1.635,0.29187725631769,2
2197,AUG,20000608,13885,2.25,0.112103758034098,0.9991,-1.589,10.32,4.21018,1.644,1.2567,1.598,0.318369829683698,2
2198,AUG,20000608,13890,2.25,0.108428627037919,0.997,-1.588,10.46,4.3672,1.643,1.252,1.589,0.318989653073646,2
2199,AUG,20000613,13920,6.49,0.107764169871259,0.9976,-1.98,10.28,4.7848,1.66,1.1391,1.615,0.290542168674699,2
2200,AUG,20000613,13929,2.85,0.110772530424296,1.199,-2.975,8.881,7.2968,1.667,1.2306,1.652,0.294541091781644,2
2201,AUG,20000613,13930,2.8,0.108819916073105,1.199,-2.975,9.623,7.2444,1.665,1.227,1.646,0.296036036036036,2
2202,AUG,20000615,13946,5.1,0.0649467687203894,0.9986,-2.479,7.139,7.010164,1.669,1.1413,1.586,0.286578789694428,2
2203,AUG,20000615,13948,3.9,0.0795348488599263,0.9979,-2.479,7.717,4.9872478,1.667,1.1373,1.577,0.288182363527295,2
2204,AUG,20010608,14387,3.915,0.128048868295327,0.998,-1.995,9.456,4.72208,1.665,1.3543,1.654,0.305465465465465,2
2205,AUG,20010608,14393,4.25,0.104107019015899,0.7986,-1.995,8.826,4.67188,1.65,1.4264,1.525,0.304727272727273,2
2206,AUG,20010608,14398,1.8,0.0897285976088664,0.6036,-2.489,3.719,2.2918,1.646,1.1383,1.588,0.306865127582017,2
2207,AUG,20010621,14420,3.95,0.0727642950240464,0.7994,-1.997,9.358,8.80796,1.652,1.4514,1.534,0.301876513317191,2
2209,AUG,20010710,14435,4.3,0.133864542366853,0.9977,-2.196,5.646,2.65512804,1.668,1.1349,1.576,0.292026378896882,2
2210,AUG,20010710,14438,4.1,0.134763634802609,0.9979,-2.2,5.45,2.655594,1.672,1.1364,1.588,0.289533492822967,2
2211,AUG,20010710,14440,3.805,0.136128190162089,0.9983,-2.199,5.073,2.647005,1.668,1.1357,1.576,0.292146282973621,2
2212,AUG,20010710,14441,4.05,0.0964473905603001,0.9998,-2.196,5.43,4.87346,1.676,1.1496,1.6,0.286575178997613,2
2213,AUG,20010710,14441,5.84,0.10586521992133,0.9995,-2.196,5.554,4.86333,1.675,1.1494,1.594,0.287761194029851,2
2214,AUG,20010710,14442,4.4,0.0783030124459824,0.9987,-2.198,5.234,4.78548,1.673,1.141,1.587,0.289181111775254,2
2215,AUG,20010710,14443,2.5,0.0914122610287941,0.9989,-2.49,5.199,4.76208,1.675,1.1548,1.551,0.287402985074627,2
2216,AUG,20010710,14443,4.55,0.128955126153611,0.9982,-2.49,5.069,2.721563,1.662,1.1448,1.539,0.29777376654633,2
2217,AUG,20010712,14460,4.4,0.0755373888865387,0.9966,-2.491,9.21,4.7584581,1.657,1.1412,1.536,0.299818949909475,2
2218,AUG,20010712,14464,3.9,0.0278530129155518,0.4006,-1.993,4.187,3.97273,1.632,1.1609,1.573,0.315073529411765,2
2220,AUG,20010712,14466,5.65,0.0517456587980469,0.3996,-1.992,2.884,1.90673,1.653,1.1621,1.642,0.300786448880823,2
2222,AUG,20010713,14480,2.025,0.153347063252536,1,-2.492,8.269,4.74147,1.659,1.3592,1.63,0.31036769138035,2
2223,AUG,20010713,14481,1.65,0.169880040251205,1.009,-2.492,7.36,4.66073,1.658,1.3482,1.575,0.310675512665863,2
2224,AUG,20010713,14481,2.35,0.152277812107136,0.9994,-2.492,7.104,4.6931,1.666,1.3523,1.6,0.305822328931573,2
2227,AUG,20010713,14484,2.15,0.146056207323934,0.999,-2.492,7.452,4.81681,1.661,1.3468,1.586,0.309090909090909,2
2229,AUG,20010717,14496,2.1,0.139718888770326,0.9997,-2.496,7.884,4.87316,1.658,1.3381,1.577,0.310615199034982,2
2232,AUG,20010717,14506,2.45,0.083716187456664,0.7997,-2.002,7.514,6.947163,1.646,1.4249,1.479,0.307411907654921,2
2233,AUG,20010717,14506,3.15,0.0801583511695134,0.7995,-2.001,7.874,7.03626,1.655,1.4412,1.531,0.300302114803625,2
2234,AUG,20010717,14508,2.85,0.0838617608497012,0.799,-1.998,7.483,7.006322,1.653,1.4406,1.513,0.30205686630369,2
2235,AUG,20010719,14518,2.8,0.0719275846300636,0.7992,-1.999,8.601,9.09724,1.651,1.4411,1.497,0.303210175651121,2
2236,AUG,20010719,14518,3.35,0.0703158505164584,0.7991,-1.998,8.934,9.07043,1.654,1.4457,1.515,0.300483675937122,2
2237,AUG,20010719,14518,4.75,0.0667299288397751,0.7991,-1.995,8.961,9.00222,1.654,1.4401,1.516,0.300725513905683,2
2238,AUG,20010719,14518,5.35,0.0589275058866728,0.7999,-1.995,9.076,11.106019,1.654,1.4487,1.515,0.299879081015719,2
2239,AUG,20010719,14519,3.05,0.0721683521779508,0.7989,-1.998,8.962,8.98046,1.653,1.4428,1.511,0.301209921355112,2
2240,AUG,20010719,14520,3.05,0.071161108410734,0.7988,-1.998,8.487,9.09338,1.654,1.4459,1.518,0.30006045949214,2
2241,AUG,20010719,14521,2.8,0.0680062989234786,0.7996,-1.696,8.626,9.15077,1.652,1.4376,1.512,0.302179176755448,2
2242,AUG,20010719,14521,4.25,0.0662158908596269,0.7997,-1.694,9.09,9.01298,1.654,1.4376,1.522,0.300241837968561,2
2243,AUG,20010719,14526,5,0.107131217578965,0.7987,-1.694,9.169,4.78663,1.653,1.4292,1.542,0.301754385964912,2
2244,AUG,20010720,14536,4.85,0.108404223900819,0.7985,-1.692,9.455,4.777669,1.652,1.4305,1.541,0.301937046004843,2
2245,AUG,20010720,14540,4.2,0.0741069918315866,0.7981,-1.694,8.395,6.006552,1.655,1.4188,1.536,0.299939577039275,2
2246,AUG,20010720,14541,3.1,0.0759261531898357,0.799,-1.695,8.317,6.84471,1.656,1.4291,1.531,0.30018115942029,2
2247,AUG,20010720,14542,2.275,0.113941374310008,0.7995,-1.697,8.143,4.59969,1.643,1.4033,1.475,0.309616555082167,2
2248,AUG,20010724,14560,1.55,0.167767053517988,1.008,-1.504,8.547,2.65649,1.648,1.3217,1.604,0.319660194174757,2
2249,AUG,20010726,14585,4.75,0.0669899750171731,0.4013,-2.342,2.551,1.663943,1.662,1.1816,1.653,0.293441636582431,2
2250,AUG,20011123,14788,3.95,0.0380795425733745,0.7977,-1.494,9.306,11.4379,1.647,1.4148,1.512,0.303157255616272,2
2251,AUG,20011127,14804,4.55,0.0492831096808373,0.7989,-1.691,8.117,8.87165,1.642,1.1847,1.55,0.306516443361754,2
2252,AUG,20011127,14805,2.3,0.0803359743409925,0.7985,-1.696,7.037,4.674226,1.64,1.1762,1.547,0.307134146341463,2
2253,AUG,20011129,14818,2.1,0.134326871838774,0.9967,-1.695,10.34,4.57892,1.656,1.3393,1.633,0.309239130434783,2
2254,AUG,20011129,14827,2.35,0.0814432544207822,0.7983,-1.691,7.372,4.74407,1.64,1.1759,1.544,0.307865853658537,2
2255,AUG,20011129,14827,3.375,0.0684403039264707,0.801,-1.687,7.886,7.95982,1.649,1.2004,1.566,0.301455427531837,2
2256,AUG,20011129,14831,2.35,0.0824514519303812,0.7982,-1.691,7.426,4.76538,1.64,1.177,1.543,0.307743902439024,2
2257,AUG,20011129,14831,4.35,0.0590444238439527,0.7997,-1.686,7.539,8.945849,1.651,1.2002,1.572,0.300121138703816,2
2258,AUG,20011204,14835,5.2,0.0837580947978379,0.598,-1.49,5.532,2.46609,1.632,1.159,1.54,0.313602941176471,2
2259,AUG,20011204,14836,4.8,0.0829857987339224,0.5979,-1.491,5.604,2.43429,1.631,1.1577,1.537,0.314285714285714,2
2260,AUG,20011204,14841,2.965,0.124146989851936,0.7977,-1.596,5.936,2.521072,1.641,1.1749,1.539,0.307251675807434,2
2261,AUG,20011206,14870,3.5,0.0633344250684443,0.8003,-2.428,5.873,6.164499,1.626,1.1818,1.551,0.323370233702337,2
2262,AUG,20011207,14892,2.1,0.122835625676535,0.9956,-1.698,11.42,4.65608,1.655,1.3348,1.632,0.309607250755287,2
2263,AUG,20011207,14893,1.7,0.126704061648501,1.006,-1.699,9.69,4.6976,1.649,1.3316,1.614,0.314493632504548,2
2264,AUG,20011207,14893,2.25,0.122545800373986,0.9955,-1.697,11.82,4.66863,1.656,1.3364,1.64,0.308574879227053,2
2265,AUG,20011211,14907,2.5,0.0975918865194188,0.9982,-2.394,7.197,4.882245,1.663,1.1309,1.599,0.291280817799158,2
2266,AUG,20011211,14908,5.45,0.0860983107291775,0.9985,-2.392,7.35,5.620058,1.661,1.1343,1.579,0.292594822396147,2
2267,AUG,20011218,14963,3.005,0.0748861572809031,0.9995,-2.1,5.116,5.9581105,1.655,1.1417,1.631,0.291540785498489,2
2268,AUG,20011218,14963,4.4,0.0803763569646644,1,-2.099,5.138,6.658519,1.657,1.1497,1.634,0.290102595051298,2
2269,AUG,20011219,14979,4.7,0.0950525888314501,1.001,-2.099,5.981,7.83056,1.664,1.1657,1.661,0.284254807692308,2
2270,AUG,20011219,14985,3.75,0.0756021145428871,0.7993,-2.233,4.564,4.662568,1.64,1.1883,1.594,0.312560975609756,2
2271,AUG,20011219,14985,5.69,0.109061372835155,0.7975,-2.232,4.257,2.54233,1.634,1.1719,1.574,0.317870257037944,2
2272,AUG,20011221,15006,2.1,0.112530590280299,0.9987,-2.001,8.828,7.02429,1.632,1.3152,1.629,0.320833333333333,2
2273,AUG,20011221,15006,2.8,0.10558136877785,0.9976,-2.001,9.372,6.82682,1.629,1.3141,1.643,0.315039901780233,2
2276,AUG,20011221,15009,4.65,0.0621639734948244,0.798,-1.999,9.264,8.06484,1.666,1.3945,1.573,0.288715486194478,2
2277,AUG,20020110,15021,1.875,0.105869905077483,1.004,-2.1,5.868,6.42208,1.661,1.1578,1.652,0.287658037326911,2
2279,AUG,20020110,15024,2.65,0.0890410776739052,1.001,-2.099,5.371,7.5199,1.664,1.1643,1.66,0.284435096153846,2
2280,AUG,20020110,15024,4.5,0.0859619414103377,1.001,-2.097,5.374,7.379254,1.665,1.163,1.661,0.283783783783784,2
2281,AUG,20020110,15025,2.6,0.101382782177792,1.001,-2.099,5.543,6.9823,1.663,1.1659,1.66,0.284305472038485,2
2282,AUG,20020111,15041,2.275,0.148770859961955,0.7232,-1.76,5.427,2.063882,1.603,1.3675,1.397,0.331877729257642,2
2283,AUG,20020111,15041,3.65,0.171499205141792,0.7237,-1.758,6.352,2.106036,1.621,1.4137,1.459,0.317458359037631,2
2284,AUG,20020115,15062,3.1,0.110218376596621,0.9973,-2.102,8.566,5.14524,1.628,1.2977,1.604,0.33022113022113,2
2285,AUG,20020115,15062,5.45,0.175319491876727,0.9959,-2.101,10.38,2.6764765,1.627,1.2934,1.6,0.331284572833436,2
2286,AUG,20020117,15086,3,0.089524588153538,0.7983,-1.998,7.804,6.11575,1.65,1.4259,1.519,0.301151515151515,2
2287,AUG,20020117,15086,4.6,0.0739255519051507,0.7982,-1.998,7.777,6.182267,1.65,1.4141,1.524,0.300909090909091,2
2288,AUG,20020117,15087,5,0.0732592352729112,0.7967,-1.998,9.081,5.286958,1.652,1.3986,1.489,0.305811138014528,2
2289,AUG,20020117,15087,5.35,0.0735296580446088,0.7967,-1.998,9.061,5.254662,1.652,1.3986,1.49,0.305871670702179,2
2290,AUG,20020117,15088,5.15,0.0720453533966242,0.7969,-1.997,9.035,5.4788752,1.652,1.3994,1.49,0.305629539951574,2
2291,AUG,20020117,15090,3.35,0.0772833352982308,0.7985,-1.999,7.889,6.760319,1.66,1.4271,1.525,0.299457831325301,2
2292,AUG,20020117,15090,4.625,0.0713344463421444,0.7985,-1.998,7.785,6.819952,1.662,1.4225,1.534,0.298194945848375,2
2293,AUG,20020117,15093,4,0.0658147919829656,0.7992,-1.997,8.199,8.902444,1.664,1.4336,1.514,0.299519230769231,2
2294,AUG,20020117,15094,3.65,0.0636001210049112,0.7982,-1.695,8.715,7.292266,1.662,1.4174,1.516,0.301203369434416,2
2295,AUG,20020122,15110,2.9,0.153591071357699,0.9979,-2.199,8.483,3.829832,1.633,1.305,1.617,0.326576852418861,2
2296,AUG,20020122,15110,5.6,0.0673754920433769,0.9949,-2.199,9.03,5.290184,1.638,1.2919,1.63,0.322954822954823,2
2297,AUG,20020122,15113,3,0.0786709544739355,0.7995,-2.374,4.929,4.578564,1.628,1.1827,1.561,0.320515970515971,2
2298,AUG,20020122,15113,5.69,0.114714124237299,0.7986,-2.404,4.795,2.520483,1.626,1.1708,1.552,0.322693726937269,2
2299,AUG,20020122,15125,4.05,0.072696846585413,0.7997,-2.657,4.311,5.169,1.629,1.197,1.548,0.319828115408226,2
2300,AUG,20020122,15129,1.7,0.11033231153406,0.8078,-1.898,3.745,2.49886,1.633,1.1636,1.538,0.312492345376607,2
2301,AUG,20020122,15129,3.15,0.0838380928653732,0.7995,-1.854,3.556,3.2111,1.64,1.1735,1.535,0.308231707317073,2
2302,AUG,20020124,15142,2.8,0.0706267267347641,1.001,-2.49,6.657,10.611068,1.631,1.1991,1.639,0.31361128142244,2
2304,AUG,20020125,15155,4.7,0.125684638315002,0.7972,-2.345,5.264,1.93898,1.635,1.1655,1.521,0.312354740061162,2
2305,AUG,20020125,15155,5.7,0.0976589892774499,0.7976,-2.345,5.216,2.709428,1.637,1.1693,1.527,0.310751374465486,2
2306,AUG,20020125,15166,4,0.0693695279654785,0.7996,-1.993,4.495,4.612544,1.649,1.1899,1.558,0.301334141904184,2
2307,AUG,20020125,15167,4.7,0.07839949333531,0.7998,-1.994,4.417,4.58686,1.65,1.1932,1.564,0.300121212121212,2
2308,AUG,20020131,15196,1.65,0.127187038572787,1.011,-2.099,7.513,4.9439,1.657,1.1415,1.65,0.291128545564273,2
2309,AUG,20020131,15196,2.9,0.0984982422827231,1.001,-2.096,7.021,7.7942,1.663,1.164,1.66,0.284966927239928,2
2311,AUG,20020131,15198,1.6,0.13556002433419,1.013,-2.096,7.008,5.9176,1.653,1.3356,1.573,0.306352087114338,2
2312,AUG,20020131,15198,2.65,0.0761330644358482,0.999,-2.097,8.265,8.53857,1.657,1.3322,1.611,0.304465902232951,2
2313,AUG,20020131,15198,3.85,0.0671575931740372,1,-2.095,8.323,11.2746,1.662,1.3446,1.618,0.300300842358604,2
2315,AUG,20020131,15202,4.55,0.0871662210013186,0.5993,-2.345,3.677,2.313769,1.65,1.1321,1.618,0.299878787878788,2
2317,AUG,20020207,15247,2.7,0.147152588555858,1.198,-1.994,9.53,4.8077,1.648,1.2822,1.646,0.308980582524272,2
2318,AUG,20020207,15247,4.2,0.172459443763585,1.198,-1.993,10.35,4.68362,1.644,1.2839,1.643,0.312287104622871,2
2319,AUG,20020207,15251,2.95,0.127927791560833,0.9986,-2.485,7.045,4.06296,1.598,1.1639,1.613,0.328222778473091,2
2320,AUG,20020207,15251,5.55,0.120909969061458,0.9966,-2.486,5.65,2.755786,1.592,1.1487,1.594,0.333103015075377,2
2321,AUG,20020207,15255,3.35,0.0691914307048946,0.7994,-2.464,5.432,5.478677,1.626,1.1871,1.548,0.322570725707257,2
2323,AUG,20020208,15273,4.75,0.0494464202772384,0.5995,-2.336,3.554,4.023901,1.653,1.1545,1.615,0.298427102238355,2
2324,AUG,20020208,15276,2,0.145032870853452,0.7987,-1.495,7.731,2.52047,1.648,1.3478,1.492,0.30879854368932,2
2325,AUG,20020208,15280,1.9,0.121991731174392,1.002,-2.091,8.241,6.30803,1.655,1.338,1.582,0.30773413897281,2
2326,AUG,20020208,15280,2.5,0.100918929166334,1,-2.088,8.469,8.65083,1.664,1.351,1.594,0.299819711538462,2
2327,AUG,20020208,15280,4.55,0.0686657534766724,0.9994,-2.085,10.31,12.2093614,1.661,1.3434,1.592,0.30210716435882,2
2328,AUG,20020208,15281,1.9,0.117832856268304,1.001,-2.091,8.021,6.0439,1.653,1.3335,1.588,0.308529945553539,2
2329,AUG,20020208,15281,2.5,0.0983246518406564,0.9997,-2.088,8.109,8.15144,1.663,1.3475,1.61,0.300360793746242,2
2332,AUG,20020222,15354,3.3,0.0810082807801624,0.999,-2.091,10.81,8.37723,1.658,1.3664,1.569,0.303256936067551,2
2333,AUG,20020222,15355,2.55,0.112163015846437,1,-2.093,11.19,6.5693,1.653,1.3341,1.598,0.307441016333938,2
2334,AUG,20020228,15395,1.7,0.0880585062761103,1.007,-2.887,7.344,9.32823,1.662,1.3521,1.628,0.297533092659446,2
2335,AUG,20020228,15395,2.85,0.11547448462964,0.9986,-2.891,4.578,2.61705,1.655,1.3072,1.601,0.30416918429003,2
2336,AUG,20020228,15400,3.4,0.0701933892633613,0.9998,-2.49,6.913,7.05882,1.663,1.1419,1.582,0.290739627179796,2
2337,AUG,20020228,15400,6.4,0.152773998674768,0.9892,-2.49,6.934,2.83724,1.658,1.1341,1.574,0.293425814234017,2
2338,AUG,20020228,15401,6.35,0.170248105811764,0.9982,-2.491,7.567,2.73996,1.661,1.136,1.579,0.29205298013245,2
2339,AUG,20020228,15402,6.225,0.162201476981716,0.9941,-2.49,7.06,2.68656,1.66,1.1339,1.574,0.293072289156627,2
2340,AUG,20020305,15412,2.1,0.107847019574996,0.9983,-2.095,10.03,6.31571,1.649,1.3211,1.573,0.31182534869618,2
2341,AUG,20020305,15412,3.775,0.0696802730465138,0.9991,-2.089,10.69,12.47846,1.661,1.4322,1.551,0.302227573750753,2
2342,AUG,20020305,15413,1.95,0.106127399030746,0.999,-2.096,9.874,6.27493,1.642,1.3148,1.566,0.314311814859927,2
2343,AUG,20020305,15413,4.05,0.0724301953765682,0.9996,-2.09,10.51,12.70009,1.658,1.4399,1.565,0.30102533172497,2
2344,AUG,20020305,15430,5.3,0.144878166834643,0.9989,-1.992,9.052,4.77251,1.633,1.3034,1.654,0.314268218003674,2
2345,AUG,20020307,15446,4.27,0.114061826096837,0.9972,-2.487,7.887,3.575254,1.665,1.1303,1.589,0.28972972972973,2
2347,AUG,20020307,15456,5.4,0.0220958118645081,0.4003,-1.988,4.618,6.175039,1.639,1.3268,1.541,0.295057962172056,2
2348,AUG,20020308,15463,3.985,0.0988587706348423,0.9987,-1.992,6.167,4.76197,1.641,1.1488,1.557,0.305179768433882,2
2349,AUG,20020308,15464,2.65,0.14389142622542,0.9993,-2.486,8.237,4.888547,1.657,1.3373,1.601,0.305491852745926,2
2350,AUG,20020308,15464,5.125,0.133019017276443,0.9991,-2.484,7.619,4.920631,1.666,1.3401,1.633,0.298259303721489,2
2351,AUG,20020308,15468,1.85,0.0763746067521247,0.4536,-1.022,3.486,2.1297,1.66,1.1773,1.648,0.290301204819277,2
2352,AUG,20020308,15468,2.85,0.112440404767619,0.5969,-0.9876,5.168,2.5002,1.646,1.3095,1.682,0.308566221142163,2
2353,AUG,20020308,15472,1.9,0.0742879783713234,0.4571,-1.017,3.422,2.1453,1.662,1.1802,1.665,0.287906137184116,2
2355,AUG,20020308,15474,3.2,0.163829474636609,1.199,-1.992,9.089,4.73044,1.647,1.2858,1.647,0.309957498482089,2
2356,AUG,20020308,15475,3.6,0.16519212103792,1.198,-1.993,10.18,4.80114,1.641,1.2818,1.631,0.314442413162706,2
2357,AUG,20020308,15477,2.15,0.150085798208314,0.9996,-2.487,7.763,4.91269,1.657,1.342,1.597,0.305129752564876,2
2358,AUG,20020308,15477,3.76,0.101473574487543,0.9992,-2.486,7.543,6.10149,1.66,1.3345,1.611,0.302831325301205,2
2359,AUG,20020308,15477,5.17,0.148078488862206,1,-2.486,8.103,4.86362,1.66,1.342,1.614,0.302590361445783,2
2360,AUG,20020308,15480,2.1,0.147051266031971,0.9993,-2.488,7.566,4.96196,1.657,1.3425,1.6,0.305310802655401,2
2361,AUG,20020308,15480,2.95,0.132036052991925,0.9992,-2.487,7.688,5.32383,1.661,1.3426,1.616,0.301806140878989,2
2362,AUG,20020308,15480,5.5,0.128602246426126,0.9989,-2.486,7.792,4.947503,1.667,1.3408,1.638,0.297240551889622,2
2363,AUG,20020312,15485,3.35,0.0991636895592793,0.999,-1.994,5.245,4.90129,1.64,1.1488,1.559,0.304878048780488,2
2364,AUG,20020312,15486,4.05,0.0745887603851158,0.9994,-2.09,10.66,12.30487,1.659,1.4386,1.57,0.300120554550934,2
2365,AUG,20020312,15487,3.85,0.0696031416125097,0.9989,-2.091,11.51,11.83596,1.654,1.4269,1.562,0.304232164449819,2
2366,AUG,20020312,15489,3.4,0.0231016270971625,0.4008,-1.493,4.67,6.28051,1.639,1.327,1.563,0.295790115924344,2
2367,AUG,20020312,15489,5.4,0.0272922305024015,0.3999,-1.49,4.111,4.19744,1.642,1.308,1.58,0.292935444579781,2
2368,AUG,20020312,15496,4.95,0.0432681828888257,0.4005,-1.991,4.35,3.7309748,1.631,1.3225,1.499,0.301226241569589,2
2369,AUG,20020314,15508,4.9,0.133407198166312,1.196,-1.993,11.73,4.89069,1.632,1.2708,1.61,0.321262254901961,2
2370,AUG,20020314,15509,4.75,0.156767074351516,1.197,-1.99,12.74,4.82317,1.633,1.2747,1.615,0.320208205756277,2
2371,AUG,20020314,15510,4.75,0.154322568446062,1.198,-1.988,10.68,4.86551,1.64,1.2796,1.631,0.315060975609756,2
2372,AUG,20020314,15510,5.7,0.151594155262057,1.197,-1.988,11.35,5.0199,1.638,1.2791,1.627,0.316483516483516,2
2374,AUG,20020314,15516,3.6,0.302650954488206,1.198,-1.991,10.68,2.62811,1.641,1.2802,1.633,0.314015843997562,2
2376,AUG,20020314,15517,3.1,0.129116127683717,1.197,-1.993,11.08,5.02335,1.636,1.2727,1.611,0.318765281173594,2
2377,AUG,20020314,15517,4.9,0.157470387633809,1.197,-1.991,12.55,4.78854,1.634,1.2749,1.616,0.319951040391677,2
2378,AUG,20020314,15523,2.2,0.155010347379685,0.9989,-2.485,8.663,4.879013,1.658,1.3426,1.601,0.304644149577805,2
2379,AUG,20020314,15523,4.05,0.120005638773697,0.9994,-2.483,7.522,5.696274,1.663,1.3424,1.619,0.300661455201443,2
2380,AUG,20020314,15523,5.25,0.138700628024715,0.9993,-2.483,7.59,4.92815,1.662,1.3426,1.619,0.301083032490975,2
2381,AUG,20020314,15524,2.1,0.138887401855817,0.9984,-2.485,7.282,5.0436,1.657,1.3411,1.6,0.305612552806276,2
2382,AUG,20020314,15524,4.05,0.112144721762835,0.9998,-2.484,6.35,5.640368,1.662,1.3397,1.613,0.301985559566787,2
2383,AUG,20020314,15524,5.5,0.131763599097512,0.9995,-2.483,6.726,4.93746,1.662,1.3407,1.616,0.301744885679904,2
2384,AUG,20020314,15525,2.1,0.143152044623248,0.999,-2.484,7.303,4.92658,1.657,1.3409,1.599,0.305914302957151,2
2385,AUG,20020314,15525,3.5,0.119932641588866,1,-2.483,6.2,5.24953,1.662,1.339,1.612,0.301985559566787,2
2386,AUG,20020314,15525,5.5,0.131090898625327,0.9998,-2.483,6.504,4.86443,1.662,1.3398,1.616,0.301684717208183,2
2387,AUG,20020315,15536,2.1,0.136814738223539,0.9986,-2.486,7.396,5.0291,1.657,1.3391,1.601,0.304465902232951,2
2388,AUG,20020315,15536,3.75,0.110909200344851,0.9995,-2.484,6.584,5.64881,1.661,1.3379,1.613,0.301384708007225,2
2389,AUG,20020315,15536,5.5,0.124038213570687,0.9992,-2.484,6.608,4.916892,1.661,1.3369,1.615,0.301204093919326,2
2390,AUG,20020416,15594,4.7,0.0390616410980382,0.7987,-1.992,7.128,9.73263,1.631,1.1773,1.528,0.312262415695892,2
2391,AUG,20020416,15594,5.6,0.0402488835902886,0.7991,-1.992,6.879,9.693126,1.632,1.1794,1.532,0.311458333333333,2
2392,AUG,20020418,15605,1.95,0.0942185054565284,1.001,-2.088,5.736,5.64828,1.653,1.142,1.625,0.293587416817907,2
2393,AUG,20020418,15605,3.5,0.083066120906801,1.001,-2.086,6.277,7.94,1.659,1.159,1.64,0.288306208559373,2
2394,AUG,20020418,15605,5.3,0.0886526690470382,1,-2.085,6.397,7.21456,1.658,1.1569,1.638,0.288781664656212,2
2395,AUG,20020418,15606,1.45,0.119844892932596,1.013,-2.091,5.318,4.70965,1.653,1.1417,1.634,0.294494857834241,2
2396,AUG,20020418,15609,1.65,0.0966577329171357,1.01,-2.092,4.86,4.69008,1.653,1.1352,1.638,0.293768905021174,2
2397,AUG,20020418,15609,3.45,0.0729522669575873,1,-2.089,5.276,7.73636,1.662,1.1582,1.651,0.28531889290012,2
2398,AUG,20020418,15609,3.75,0.0727026295805924,1,-2.088,5.256,7.65103,1.662,1.1583,1.651,0.285198555956679,2
2399,AUG,20020418,15609,5.15,0.0707848185893178,0.9994,-2.088,5.289,6.94033,1.658,1.1515,1.642,0.287756332931242,2
2400,AUG,20020418,15610,1.6,0.101787069273344,1.011,-2.094,4.525,4.4808,1.65,1.1353,1.625,0.295939393939394,2
2401,AUG,20020418,15613,3.3,0.0696515469988304,0.9987,-2.089,11.04,12.2269,1.649,1.4075,1.573,0.308004851425106,2
2402,AUG,20020418,15614,4.25,0.149377737134164,1.197,-1.993,11.11,4.596048,1.635,1.2728,1.617,0.319327217125382,2
2403,AUG,20020418,15616,1.95,0.110528738305883,0.9991,-2.093,9.908,5.863846,1.641,1.3106,1.565,0.314259597806216,2
2404,AUG,20020418,15616,3.3,0.0681093097971985,0.9987,-2.089,11.37,12.03936,1.647,1.4041,1.575,0.308743169398907,2
2405,AUG,20020418,15616,4.3,0.0640996712489359,0.9989,-2.089,11.59,11.788555,1.653,1.4219,1.562,0.304839685420448,2
2406,AUG,20020418,15617,4.25,0.153386979938329,1.197,-1.993,11.35,4.56941,1.635,1.2725,1.618,0.318960244648318,2
2407,AUG,20020418,15618,3.3,0.0686816131203111,0.9987,-2.09,11.4,12.0363,1.648,1.4056,1.577,0.308555825242718,2
2408,AUG,20020418,15619,4.25,0.153548857666678,1.198,-1.993,11.37,4.53808,1.636,1.2738,1.618,0.319070904645477,2
2409,AUG,20020419,15632,2.725,0.160743721328046,0.8987,-2.44,7.26,2.5722,1.663,1.3433,1.644,0.298075766686711,2
2410,AUG,20020419,15634,1.85,0.0662733716868708,0.9006,-2.191,6.826,9.734,1.669,1.3588,1.664,0.292630317555422,2
2411,AUG,20020419,15634,2.825,0.131246842807172,0.8963,-2.195,6.557,2.727898,1.663,1.3195,1.638,0.296752856283824,2
2412,AUG,20020423,15650,3.3,0.0714431815691453,0.999,-2.092,10.51,12.32021,1.651,1.4082,1.57,0.30587522713507,2
2414,AUG,20020423,15651,1.9,0.104765921011859,1.002,-2.098,9.767,6.089547,1.641,1.3082,1.561,0.313954905545399,2
2415,AUG,20020423,15651,4.3,0.0726790397172492,1,-2.092,10.83,12.33595,1.657,1.4348,1.563,0.30132770066385,2
2416,AUG,20020423,15653,1.8,0.0626132951869115,0.8029,-1.998,7.092,9.54917,1.678,1.3965,1.609,0.285578069129917,2
2417,AUG,20020423,15653,2.375,0.117298531311366,0.7893,-1.999,6.322,2.67858,1.665,1.3529,1.613,0.293873873873874,2
2418,AUG,20020423,15655,3.6,0.062702700936366,0.9988,-1.893,9.592,12.24094,1.659,1.4243,1.595,0.299457504520796,2
2419,AUG,20020423,15656,1.99,0.0956769579552807,0.9967,-1.898,9.952,6.13561,1.653,1.3101,1.577,0.307743496672716,2
2422,AUG,20020423,15657,3.9,0.0543694527133857,0.998,-1.892,9.484,12.40922,1.666,1.4196,1.584,0.29765906362545,2
2423,AUG,20020425,15674,3.75,0.0375328254301594,0.8,-2.048,5.538,10.17123,1.629,1.1964,1.6,0.314057704112953,2
2424,AUG,20020425,15685,3.5,0.12990563598759,0.999,-1.993,8.672,5.802,1.654,1.3059,1.626,0.309854897218863,2
2425,AUG,20020425,15685,5.6,0.131537380306182,0.9991,-1.989,8.669,5.7373995,1.653,1.3054,1.625,0.310344827586207,2
2426,AUG,20020425,15687,4.5,0.12925501809578,0.9991,-1.992,8.545,5.77759,1.654,1.3065,1.626,0.309733978234583,2
2427,AUG,20020502,15714,4.1,0.101042971940127,0.9985,-1.985,6.157,4.81221,1.64,1.1483,1.557,0.304939024390244,2
2428,AUG,20020502,15716,3,0.144102798564712,0.7968,-1.989,7.43,2.594044,1.674,1.2257,1.563,0.290681003584229,2
2429,AUG,20020502,15716,5.25,0.125760557103646,0.7973,-1.988,6.191,2.679286,1.674,1.2249,1.562,0.290979689366786,2
2430,AUG,20020503,15733,3.45,0.0692695621595708,0.7999,-2.525,5.353,5.408797,1.624,1.1824,1.548,0.323583743842364,2
2431,AUG,20020503,15736,5,0.106075298433572,0.999,-2.19,6.743,4.794283,1.612,1.1541,1.588,0.312841191066997,2
2432,AUG,20020503,15736,7.5,0.10183329334937,0.999,-2.189,6.574,4.947817,1.612,1.1552,1.587,0.31302729528536,2
2434,AUG,20020503,15743,4.5,0.0999574792076993,0.9989,-2.191,7.027,4.908187,1.611,1.1522,1.586,0.313780260707635,2
2435,AUG,20020507,15751,3.1,0.0947700322784273,0.7985,-2.001,8.277,5.055079,1.645,1.4157,1.515,0.304133738601824,2
2436,AUG,20020507,15753,2.945,0.0907811814404075,0.7975,-1.999,7.867,4.64924,1.642,1.399,1.498,0.306699147381242,2
2437,AUG,20020507,15753,5.575,0.103176060638059,0.7987,-1.997,7.523,4.574157,1.647,1.4187,1.54,0.302489374620522,2
2438,AUG,20020507,15756,4.985,0.0934427680095651,0.7981,-1.997,7.578,4.63351,1.646,1.4092,1.52,0.304374240583232,2
2439,AUG,20020507,15759,1.85,0.129403829155709,1.005,-2.492,8.24,7.33112,1.659,1.3665,1.624,0.304400241109102,2
2440,AUG,20020507,15759,3.7,0.104264406688314,0.9996,-2.492,7.537,7.4219,1.669,1.355,1.667,0.297843019772319,2
2441,AUG,20020507,15760,3.85,0.0937749057123248,0.9991,-2.492,8.987,7.59113,1.665,1.3443,1.654,0.301261261261261,2
2442,AUG,20020514,15776,2.3,0.155597739844874,1.198,-2.338,11.37,6.7429,1.654,1.2585,1.708,0.303506650544135,2
2443,AUG,20020514,15778,2.55,0.174137106120265,0.9997,-1.992,7.584,2.82161,1.646,1.1442,1.599,0.302673147023086,2
2444,AUG,20020514,15778,4.05,0.107079608481612,0.9992,-1.988,5.6,4.8189614,1.642,1.1537,1.559,0.303410475030451,2
2445,AUG,20020514,15778,6.7,0.107966003708475,0.9977,-1.987,8.853,4.654743,1.635,1.1433,1.546,0.309480122324159,2
2446,AUG,20020514,15786,7.05,0.11321963491692,0.7982,-2.2,5.203,2.5638,1.615,1.1614,1.557,0.324829721362229,2
2447,AUG,20020514,15787,4.65,0.0632584072797895,0.7997,-2.482,5.746,6.084132,1.624,1.1801,1.552,0.323583743842364,2
2448,AUG,20020514,15787,7.15,0.11277858320008,0.7978,-2.483,5.114,2.532143,1.613,1.1617,1.552,0.326348419094854,2
2449,AUG,20020514,15788,1.6,0.111606177675261,1.213,-2.339,7.561,6.70673,1.652,1.1817,1.592,0.304237288135593,2
2450,AUG,20020514,15788,2.5,0.0995853931527775,1.199,-2.34,7.791,6.7235262,1.667,1.1729,1.572,0.294061187762447,2
2451,AUG,20020514,15788,2.625,0.0995863085034697,1.2,-2.341,7.872,6.76712,1.666,1.1725,1.57,0.294417767106843,2
2452,AUG,20020514,15789,2.7,0.101249943321796,1.2,-2.985,6.31,6.6163,1.649,1.1748,1.573,0.295997574287447,2
2453,AUG,20020514,15791,2.9,0.102494046252265,1.2,-2.983,5.989,6.541258,1.657,1.1764,1.567,0.295353047676524,2
2454,AUG,20020516,15803,4.6,0.0947298543143349,0.9989,-2.391,5.101,4.872408,1.649,1.1392,1.61,0.295087932080049,2
2455,AUG,20020516,15810,3.5,0.154106801024726,0.9987,-1.993,8.388,4.401175,1.646,1.313,1.629,0.316524908869988,2
2456,AUG,20020516,15810,5.7,0.130106452159497,0.9975,-1.993,9.464,4.36722,1.639,1.2964,1.599,0.322513727882855,2
2457,AUG,20020516,15810,6.45,0.133751575073503,0.9973,-1.993,10.02,4.49979,1.637,1.2961,1.595,0.324129505192425,2
2458,AUG,20020516,15811,3,0.169018217886652,0.9991,-1.997,8.696,4.39568,1.645,1.3142,1.618,0.317021276595745,2
2459,AUG,20020516,15811,6,0.133369912475552,0.9979,-1.993,9.63,4.51988,1.636,1.296,1.592,0.324633251833741,2
2460,AUG,20020516,15812,3,0.163454246371721,0.9988,-1.994,8.672,4.617754,1.646,1.3161,1.62,0.316464155528554,2
2461,AUG,20020516,15812,6,0.132553452025395,0.9978,-1.993,9.575,4.55689,1.636,1.2975,1.593,0.324327628361858,2
2462,AUG,20020521,15830,3.5,0.0610758903977321,0.5999,-2.491,4.08,4.432682,1.641,1.3019,1.579,0.318951858622791,2
2463,AUG,20020521,15830,4.85,0.0599932990669926,0.6,-2.491,4.02,4.411326,1.641,1.3042,1.582,0.318951858622791,2
2464,AUG,20020521,15836,3,0.137408773351541,0.9987,-1.996,6.674,4.655849,1.647,1.3097,1.618,0.315604128718883,2
2465,AUG,20020521,15836,5.525,0.137711897189481,0.9979,-1.993,8.112,4.78239,1.649,1.3108,1.629,0.313765918738629,2
2466,AUG,20020521,15837,1.525,0.152760667058302,1.012,-1.998,6.094,4.17055,1.633,1.2931,1.58,0.324556031843233,2
2467,AUG,20020521,15837,3,0.129498917205892,0.9985,-1.993,6.009,4.60383,1.647,1.3059,1.615,0.315907710989678,2
2468,AUG,20020521,15837,4.45,0.131346374783281,0.9981,-1.993,6.976,4.7873,1.65,1.3087,1.629,0.313090909090909,2
2483,AUG,20020523,15857,5.8,0.0705857205057506,0.7981,-1.992,6.869,4.563593,1.625,1.17,1.503,0.3176,2
2484,AUG,20020523,15859,5.9,0.0698440223941716,0.799,-1.991,5.93,5.534833,1.631,1.1799,1.523,0.312201103617413,2
2485,AUG,20020523,15863,4.75,0.0951288294726572,0.7976,-1.988,8.111,4.67362,1.643,1.4096,1.508,0.306695069993914,2
2486,AUG,20020523,15865,4.75,0.0878035724170554,0.7974,-1.993,8.731,4.769208,1.646,1.391,1.468,0.3044957472661,2
2487,AUG,20020604,15873,4.5,0.0974894606268405,0.9991,-2.001,6.138,4.828086,1.658,1.1616,1.527,0.306634499396864,2
2488,AUG,20020604,15875,4.75,0.0973969119061891,0.9988,-2.001,5.819,4.819737,1.668,1.166,1.526,0.305095923261391,2
2489,AUG,20020604,15877,4.4,0.0853217285101186,0.8991,-2.447,4.711,4.69977,1.659,1.3378,1.643,0.29957805907173,2
2490,AUG,20020604,15878,4.435,0.169406492512843,0.8982,-2.449,5.928,2.65321,1.656,1.332,1.629,0.301509661835749,2
2491,AUG,20020604,15880,3,0.112801380832828,0.9003,-2.447,4.677,4.6204,1.659,1.3582,1.629,0.3,2
2492,AUG,20020604,15880,6.5,0.11340059328183,0.9001,-2.447,5.214,4.6858,1.658,1.3639,1.66,0.300180940892642,2
2493,AUG,20020604,15880,7.325,0.111906713795967,0.9001,-2.446,5.22,4.6963,1.658,1.3633,1.664,0.300120627261761,2
2494,AUG,20020604,15882,4.3,0.104287253216217,0.9005,-2.447,4.342,4.8271,1.665,1.366,1.666,0.295255255255255,2
2495,AUG,20020604,15882,4.4,0.104443523316062,0.9005,-2.447,4.326,4.825,1.665,1.3662,1.666,0.295255255255255,2
2496,AUG,20020604,15884,2.2,0.0962958461211219,0.7995,-2.003,4.07,4.27817,1.642,1.1934,1.555,0.303593179049939,2
2497,AUG,20020604,15884,3.15,0.0835365264692925,0.8003,-2.001,3.879,4.24473,1.649,1.1998,1.572,0.298423286840509,2
2498,AUG,20020604,15884,4,0.0771477062260417,0.8,-2.001,3.759,4.26001,1.651,1.2001,1.577,0.296789824348879,2
2499,AUG,20020604,15884,5.05,0.072418589490919,0.8001,-2,3.646,4.221568,1.652,1.1997,1.579,0.295944309927361,2
2501,AUG,20020604,15887,3.6,0.0882370227280613,0.8,-2,4.129,4.236657,1.644,1.1966,1.552,0.30212895377129,2
2502,AUG,20020604,15888,2.2,0.0510736364587347,0.5992,-2.696,3.602,3.91939,1.648,1.1462,1.555,0.301334951456311,2
2503,AUG,20020604,15889,1.9,0.0517471460727833,0.6012,-2.696,3.528,3.85171,1.646,1.1453,1.549,0.301579586877278,2
2504,AUG,20020604,15889,3.1,0.0435949347280191,0.6004,-2.695,3.745,4.08981,1.656,1.1467,1.589,0.295169082125604,2
2505,AUG,20020604,15889,3.7,0.0387223497835206,0.5999,-2.695,3.633,4.15051,1.66,1.1455,1.601,0.292349397590361,2
2506,AUG,20020604,15889,4.5,0.0343363747754607,0.6004,-2.695,3.589,4.20305,1.66,1.1412,1.607,0.291867469879518,2
2507,AUG,20020604,15889,5.7,0.0349058876148978,0.6006,-2.695,3.719,4.263679,1.66,1.1403,1.608,0.291746987951807,2
2508,AUG,20020606,15894,4.09,0.102284741719593,0.9978,-2.001,5.835,4.673351,1.639,1.1502,1.55,0.306162294081757,2
2509,AUG,20020606,15895,5,0.105669878723827,0.9974,-2.398,5.033,4.675197,1.648,1.1411,1.603,0.296177184466019,2
2510,AUG,20020606,15902,2.9,0.109727204493937,0.9869,-2.005,10.34,4.64982,1.647,1.3408,1.59,0.312446873102611,2
2511,AUG,20020606,15904,3.85,0.0800373182846592,0.9876,-2.001,10.78,6.92154,1.655,1.4071,1.567,0.306586102719033,2
2512,AUG,20020606,15905,6.25,0.120017835996669,0.7915,-2,5.191,2.459072,1.635,1.1711,1.537,0.308746177370031,2
2513,AUG,20020606,15911,6.5,0.132795348793694,0.7923,-1.597,5.329,2.458373,1.641,1.175,1.558,0.304204753199269,2
2514,AUG,20020606,15912,5.7,0.161325359436162,0.994,-1.999,6.432,3.76562,1.648,1.3079,1.624,0.314805825242718,2
2515,AUG,20020607,15925,2.5,0.116158595806762,0.991,-2.002,9.979,4.83922,1.646,1.317,1.576,0.312940461725395,2
2516,AUG,20020607,15925,4.5,0.110161651220619,0.9903,-2.001,10.44,4.97862,1.654,1.4034,1.563,0.306469165659009,2
2517,AUG,20020607,15926,2.25,0.155348983450623,0.9946,-2.001,8.26,4.65939,1.642,1.3111,1.601,0.320280146163216,2
2518,AUG,20020607,15926,2.75,0.153788774282565,0.9946,-2.001,8.595,4.75444,1.644,1.3119,1.613,0.318248175182482,2
2519,AUG,20020607,15926,3.8,0.143935014559403,0.9932,-2.001,9.105,4.65335,1.642,1.3048,1.61,0.319853836784409,2
2520,AUG,20020607,15926,4.4,0.140517078304281,0.992,-2.001,10.2,4.59911,1.639,1.2999,1.599,0.322574740695546,2
2521,AUG,20020607,15926,5.25,0.133489863969614,0.9906,-2.001,10.17,4.5284,1.639,1.2969,1.606,0.321903599755949,2
2522,AUG,20020607,15926,5.75,0.126664483416711,0.99,-2.001,10.04,4.42765,1.638,1.2937,1.597,0.323565323565324,2
2523,AUG,20020607,15927,1.85,0.152406633697135,1.009,-2.004,8.24,4.6912,1.638,1.3058,1.592,0.322893772893773,2
2524,AUG,20020607,15927,3.4,0.14859150174543,0.9925,-2.001,10.65,4.44303,1.638,1.3017,1.601,0.322893772893773,2
2525,AUG,20020607,15927,4,0.135616978530108,0.9913,-2.001,10.3,4.53938,1.639,1.2987,1.607,0.321964612568639,2
2526,AUG,20020607,15927,6,0.14443537098066,0.9915,-2,10.87,4.327638,1.634,1.2962,1.591,0.325948592411261,2
2527,AUG,20020607,15927,6.6,0.14384163101468,0.9911,-1.999,10.93,4.31486,1.634,1.296,1.592,0.325887392900857,2
2528,AUG,20020607,15929,1.95,0.155032805841247,0.9995,-2.001,8.27,4.59217,1.638,1.3064,1.589,0.322954822954823,2
2529,AUG,20020607,15929,2.9,0.158753682051467,0.9945,-2.001,9.189,4.42688,1.641,1.3073,1.609,0.320353443022547,2
2530,AUG,20020607,15929,3.5,0.15886807152846,0.9949,-2.001,9.378,4.56937,1.642,1.3092,1.612,0.319610231425091,2
2531,AUG,20020607,15929,3.8,0.159874686514336,0.9949,-2,9.421,4.580353,1.642,1.3094,1.613,0.319305724725944,2
2532,AUG,20020607,15929,5.05,0.130168330750934,0.9894,-2.001,10.35,4.31769,1.633,1.2929,1.584,0.327311696264544,2
2533,AUG,20020607,15929,6,0.134842566741165,0.99,-2,11.12,4.30881,1.631,1.2924,1.582,0.328142244022072,2
2534,AUG,20020607,15930,4.9,0.162067155494429,0.7192,-1.847,6.933,2.45758,1.647,1.4202,1.523,0.302246508803886,2
2535,AUG,20020607,15930,5.05,0.170269785285564,0.7204,-1.847,7.064,2.42415,1.648,1.4231,1.526,0.301759708737864,2
2536,AUG,20020607,15930,5.5,0.163058077252941,0.7184,-1.847,7.115,2.47188,1.649,1.4233,1.528,0.301152213462705,2
2537,AUG,20020607,15931,2,0.157273717222755,0.9966,-2.002,8.176,4.5916,1.642,1.3087,1.598,0.319914738124239,2
2538,AUG,20020607,15931,2.725,0.125739588623667,0.9917,-2.002,8.101,4.7256,1.643,1.3006,1.612,0.318746195982958,2
2539,AUG,20020607,15931,3.95,0.143402819816808,0.9942,-2.001,8.852,4.699667,1.645,1.3063,1.62,0.316960486322188,2
2540,AUG,20020607,15931,4.945,0.127798143939141,0.9903,-2.001,10.19,4.50093,1.636,1.2949,1.594,0.324694376528117,2
2541,AUG,20020607,15931,5.245,0.133996185135818,0.9909,-2,10.61,4.3514,1.635,1.2932,1.59,0.325076452599388,2
2542,AUG,20020607,15931,6,0.136800484826516,0.9906,-1.999,11.19,4.41395,1.634,1.2934,1.59,0.325948592411261,2
2543,AUG,20020607,15931,6.7,0.134021630252193,0.9901,-1.999,11.2,4.376648,1.633,1.2925,1.587,0.326760563380282,2
2544,AUG,20020607,15932,1.89,0.152036168245405,1.006,-2.001,8.265,4.69362,1.638,1.3045,1.592,0.322649572649573,2
2545,AUG,20020607,15932,2.6,0.126950979806938,0.99,-2.001,9.635,4.69072,1.637,1.2957,1.593,0.324068417837508,2
2546,AUG,20020607,15932,3.1,0.138113847035134,0.9919,-2.001,10.35,4.60864,1.638,1.3003,1.6,0.322893772893773,2
2547,AUG,20020607,15932,3.65,0.141027137695086,0.9917,-2.001,10.52,4.539995,1.638,1.2993,1.605,0.322161172161172,2
2548,AUG,20020607,15932,4.2,0.144801065393914,0.9923,-2,10.56,4.47534,1.639,1.3003,1.609,0.321354484441733,2
2549,AUG,20020607,15932,6,0.144770104671737,0.9915,-1.999,10.93,4.347783,1.633,1.2957,1.59,0.32639314145744,2
2550,AUG,20020607,15932,6.7,0.147259637612965,0.9918,-1.999,11.04,4.332219,1.633,1.2964,1.591,0.32639314145744,2
2551,AUG,20020611,15937,2.75,0.153906316683213,0.9941,-1.993,7.858,4.45202,1.643,1.3077,1.612,0.318320146074254,2
2552,AUG,20020611,15937,5.4,0.158131997102592,0.9948,-1.993,7.612,4.36252,1.65,1.312,1.632,0.313212121212121,2
2553,AUG,20020611,15940,2.95,0.095849732355082,0.9859,-1.998,9.26,4.65729,1.618,1.2861,1.571,0.339307787391842,2
2554,AUG,20020611,15947,2.15,0.131885832521908,0.9953,-1.993,7.968,6.162,1.633,1.3209,1.61,0.327311696264544,2
2555,AUG,20020611,15947,3.75,0.113301974260878,0.9946,-1.993,7.447,6.32034,1.639,1.3178,1.634,0.32202562538133,2
2556,AUG,20020611,15947,5.525,0.123653712283099,0.9959,-1.99,7.939,6.224431,1.639,1.3206,1.637,0.321659548505186,2
2557,AUG,20020611,15948,2.5,0.118843193188171,0.996,-1.993,7.733,6.9761,1.636,1.324,1.626,0.324327628361858,2
2558,AUG,20020611,15948,5.7,0.100579874559223,0.9951,-1.99,7.121,6.9196,1.643,1.3178,1.646,0.318928788800974,2
2559,AUG,20020611,15949,4.5,0.150086764021002,0.9944,-1.993,7.996,4.70241,1.641,1.3181,1.641,0.320353443022547,2
2560,AUG,20020611,15950,2.65,0.110911838749553,0.9957,-1.993,7.346,7.30491,1.637,1.3255,1.628,0.32327428222358,2
2561,AUG,20020611,15950,4.3,0.134246634935764,0.9917,-1.993,7.605,5.05711,1.641,1.316,1.636,0.320840950639854,2
2562,AUG,20020611,15950,5.25,0.143200309957381,0.9926,-1.992,9.032,5.162,1.636,1.3159,1.625,0.324266503667482,2
2563,AUG,20020611,15951,3.15,0.127984750472947,0.9917,-1.993,8.839,4.859954,1.629,1.3019,1.603,0.330448127685697,2
2564,AUG,20020611,15951,5,0.0931969230095942,0.9859,-1.993,9.349,5.02699,1.621,1.2895,1.579,0.336952498457742,2
2565,AUG,20020611,15952,3.5,0.125009819689822,0.9914,-1.993,8.508,4.83722,1.631,1.3031,1.611,0.328510116492949,2
2566,AUG,20020611,15952,6,0.0957310870469385,0.9875,-1.993,9.258,4.988975,1.618,1.2891,1.575,0.338689740420272,2
2567,AUG,20020611,15953,3.85,0.142300892406129,0.9918,-1.993,9.018,4.7512,1.63,1.3076,1.609,0.329079754601227,2
2568,AUG,20020611,15953,6.1,0.0956611475758618,0.9878,-1.993,9.16,5.02921,1.619,1.2888,1.576,0.338357010500309,2
2569,AUG,20020611,15954,3.5,0.0949055852713541,0.9872,-1.995,9.245,5.021833,1.618,1.2871,1.574,0.338689740420272,2
2570,AUG,20020611,15954,6.1,0.126533750408122,0.9917,-1.993,8.086,4.74735,1.633,1.3048,1.618,0.326699326393141,2
2571,AUG,20020611,15955,2.9,0.119851012716814,1.189,-2.298,8.777,4.5373,1.644,1.2745,1.639,0.31161800486618,2
2572,AUG,20020611,15955,3.7,0.129665453512137,1.189,-2.295,9.242,4.57485,1.642,1.2759,1.638,0.313215590742996,2
2573,AUG,20020611,15955,5,0.121911456458682,1.186,-2.293,9.25,4.7231,1.647,1.278,1.652,0.30983606557377,2
2574,AUG,20020611,15957,4.15,0.125696584142381,0.9904,-1.993,7.991,4.81636,1.64,1.3097,1.64,0.320975609756098,2
2575,AUG,20020611,15957,5.1,0.10526502750034,0.9891,-1.993,8.798,5.06721,1.633,1.2997,1.616,0.327005511328843,2
2576,AUG,20020611,15957,6.1,0.108455125821863,0.989,-1.993,8.966,5.02973,1.63,1.2992,1.611,0.329141104294479,2
2577,AUG,20020611,15957,6.375,0.105935842284708,0.9885,-1.993,9.165,5.06533,1.63,1.2988,1.608,0.329570552147239,2
2578,AUG,20020613,15962,3.3,0.129196593000881,0.9909,-1.994,8.877,4.790374,1.627,1.3017,1.599,0.331714812538414,2
2579,AUG,20020613,15963,3.35,0.117137398946907,0.9897,-1.997,8.781,4.81059,1.629,1.2987,1.605,0.330141190914672,2
2580,AUG,20020613,15963,5.85,0.12324313752204,0.9907,-1.992,8.27,4.785662,1.633,1.3045,1.617,0.326821800367422,2
2581,AUG,20020613,15964,2.75,0.125414830883609,0.9908,-1.998,8.567,4.828775,1.63,1.3032,1.607,0.32920245398773,2
2582,AUG,20020613,15964,4.6,0.119521195571779,0.9903,-1.992,9.141,5.00246,1.626,1.3006,1.597,0.332287822878229,2
2583,AUG,20020613,15964,5.4,0.114765726490958,0.9898,-1.992,9.027,5.01892,1.626,1.2991,1.597,0.332410824108241,2
2584,AUG,20020613,15964,6,0.11719903452545,0.9901,-1.992,9.14,4.920689,1.626,1.2991,1.595,0.332779827798278,2
2586,AUG,20020613,15966,2.5,0.0989729878095953,0.9891,-1.998,9.89,5.661666,1.644,1.3231,1.603,0.314659367396594,2
2587,AUG,20020613,15966,2.85,0.099532975183843,0.989,-1.997,10.14,5.66244,1.644,1.324,1.608,0.314476885644769,2
2588,AUG,20020613,15966,4.25,0.0995345337595398,0.9883,-1.993,10.37,5.61856,1.644,1.3242,1.609,0.314537712895377,2
2589,AUG,20020613,15967,4.1,0.0755615299433288,0.9879,-1.993,6.466,5.06607,1.639,1.3041,1.589,0.318486882245271,2
2590,AUG,20020613,15967,4.35,0.0797759869734133,0.9874,-1.993,7.077,5.06042,1.641,1.3072,1.599,0.316879951249238,2
2591,AUG,20020613,15967,4.55,0.0819776620676806,0.9873,-1.993,7.555,5.09895,1.642,1.3095,1.607,0.315712545676005,2
2592,AUG,20020613,15970,3,0.0848762386009238,0.9811,-1.994,11.9,5.57282,1.639,1.3123,1.577,0.318425869432581,2
2593,AUG,20020613,15970,4.9,0.0900653092529194,0.9836,-1.993,11.71,5.460482,1.639,1.3163,1.584,0.318120805369128,2
2594,AUG,20020613,15972,3.25,0.0898657526945943,0.9845,-1.993,11.58,5.44145,1.639,1.3142,1.581,0.3183038438072,2
2595,AUG,20020613,15974,3.25,0.0823634381243321,0.9809,-1.993,12.03,5.553435,1.638,1.3103,1.574,0.318925518925519,2
2596,AUG,20020613,15975,2.1,0.1293699097221,0.993,-1.993,8.663,5.6603,1.653,1.3039,1.616,0.311010284331518,2
2597,AUG,20020613,15975,2.8,0.121752282458291,0.9944,-1.993,8.165,5.82486,1.657,1.3047,1.635,0.307664453832227,2
2598,AUG,20020613,15975,4.25,0.102838907364376,0.9913,-1.993,9.27,5.46971,1.649,1.2871,1.611,0.313826561552456,2
2599,AUG,20020613,15975,5.4,0.104028148641611,0.9911,-1.993,9.411,5.43401,1.647,1.2872,1.608,0.31511839708561,2
2608,AUG,20020711,16148,3.3,0.107398679995027,0.9955,-2.973,5.413,4.9021785,1.649,1.227,1.615,0.314311704063069,2
2609,AUG,20020711,16149,3.45,0.0750916586302465,0.9944,-2.981,4.022,4.60404,1.645,1.2064,1.6,0.317325227963526,2
2610,AUG,20020711,16153,4.5,0.136311689185695,0.993,-2.689,7.165,4.041693,1.658,1.2389,1.655,0.306875753920386,2
2611,AUG,20020711,16153,5.25,0.134723162228878,0.993,-2.688,7.052,4.06321,1.659,1.2391,1.657,0.306268836648583,2
2612,AUG,20020711,16154,3.745,0.116392407258896,0.996,-2.98,5.62,4.90047,1.643,1.2306,1.589,0.318320146074254,2
2613,AUG,20020711,16155,1.475,0.0924698901564652,1.033,-2.982,5.214,7.07825,1.646,1.2524,1.63,0.31591737545565,2
2614,AUG,20020711,16156,3.45,0.0622638590751222,0.9981,-2.98,5.276,9.43822,1.648,1.2525,1.612,0.313167475728155,2
2615,AUG,20020711,16159,4.75,0.131753176879752,0.9882,-1.994,5.249,3.047251,1.642,1.1642,1.565,0.305968331303289,2
2616,AUG,20020712,16168,2.75,0.117275328070879,0.9949,-1.994,8.511,5.80591,1.645,1.3093,1.62,0.317082066869301,2
2617,AUG,20020712,16168,5.75,0.108999791260785,0.9936,-1.992,8.549,5.7488,1.644,1.3045,1.62,0.317639902676399,2
2618,AUG,20020712,16169,3.15,0.10438804135922,0.9918,-1.993,8.638,5.84247,1.637,1.2998,1.598,0.32351863164325,2
2619,AUG,20020712,16169,4.45,0.114141516611717,0.9915,-1.992,9.456,5.9145,1.633,1.3015,1.591,0.3263319044703,2
2620,AUG,20020712,16169,5.25,0.125243568987228,0.9921,-1.993,9.962,5.559,1.631,1.302,1.584,0.32838749233599,2
2621,AUG,20020712,16169,5.9,0.119115880494547,0.9912,-1.993,10.12,5.66903,1.629,1.3003,1.579,0.329711479435236,2
2622,AUG,20020712,16172,2.3,0.0518796013083878,0.7975,-2.175,5.553,10.3639,1.635,1.2105,1.633,0.309296636085627,2
2623,AUG,20020716,16189,3.4,0.115029176442747,0.9947,-2.679,7.1,5.138392,1.654,1.2412,1.637,0.310157194679565,2
2624,AUG,20020716,16191,3.15,0.0866143432710299,0.9938,-1.987,5.683,6.13556,1.617,1.1977,1.583,0.312183055040198,2
2625,AUG,20020716,16191,4.25,0.084122939071627,0.9941,-1.986,5.786,6.09798,1.62,1.1964,1.582,0.309938271604938,2
2626,AUG,20020716,16191,5.25,0.08465424726118,0.9945,-1.985,5.807,6.04001,1.62,1.196,1.58,0.309814814814815,2
2627,AUG,20020716,16192,3.15,0.0925662355831342,0.9953,-1.987,4.878,5.97564,1.616,1.2043,1.586,0.312438118811881,2
2628,AUG,20020716,16192,5.05,0.0907162296514255,0.9951,-1.984,4.818,5.97462,1.623,1.2052,1.595,0.306777572396796,2
2629,AUG,20020716,16194,5.995,0.083646060962901,0.7908,-2.394,3.959,2.554406,1.616,1.1701,1.547,0.324876237623762,2
2630,AUG,20020716,16195,5.9,0.0823877054553784,0.79,-2.393,4.091,2.53218,1.616,1.1674,1.548,0.325123762376238,2
2631,AUG,20020716,16196,1.75,0.0626684702115828,0.8188,-1.987,6.586,9.18931,1.668,1.3783,1.627,0.292565947242206,2
2632,AUG,20020716,16196,4.15,0.0796993619366964,0.794,-1.984,5.881,5.25183,1.67,1.3475,1.649,0.289820359281437,2
2633,AUG,20020716,16196,5.15,0.089056054950576,0.7942,-1.984,6.054,4.691343,1.67,1.3478,1.654,0.290059880239521,2
2635,AUG,20020718,16204,2.75,0.115892053191785,0.7898,-1.992,6.952,2.87864,1.669,1.3116,1.593,0.29239065308568,2
2636,AUG,20020718,16204,4.5,0.0562053011051643,0.7966,-1.988,5.663,7.428036,1.673,1.3489,1.613,0.287866108786611,2
2637,AUG,20020718,16204,5.85,0.116182405445768,0.7888,-1.99,6.713,2.8793,1.668,1.3104,1.596,0.291966426858513,2
2638,AUG,20020718,16206,3.3,0.0859678662477026,0.9858,-1.992,11.2,5.90345,1.639,1.3187,1.594,0.3183038438072,2
2639,AUG,20020718,16206,4.15,0.087991601916504,0.9866,-1.992,11.02,5.886343,1.638,1.3198,1.59,0.319108669108669,2
2640,AUG,20020718,16206,5.3,0.0868815693708637,0.9864,-1.992,11.16,5.9081,1.638,1.3207,1.593,0.318864468864469,2
2641,AUG,20020718,16207,2.65,0.117755399436893,0.9916,-1.993,9.263,5.55845,1.645,1.3388,1.629,0.313252279635258,2
2642,AUG,20020718,16207,3.55,0.110908234774191,0.9907,-1.992,9.473,5.70216,1.646,1.3366,1.635,0.312454434993925,2
2643,AUG,20020718,16207,4.05,0.105529282779101,0.9893,-1.991,9.627,5.7918,1.645,1.334,1.633,0.312887537993921,2
2644,AUG,20020718,16207,5.05,0.10172887116805,0.9882,-1.99,10.51,5.81362,1.643,1.3308,1.623,0.31442483262325,2
2645,AUG,20020718,16207,5.8,0.0970695408333772,0.9878,-1.99,10.72,5.89481,1.641,1.327,1.607,0.316514320536258,2
2646,AUG,20020718,16208,3.05,0.108995062546888,0.9913,-1.993,9.337,5.7317,1.645,1.3349,1.636,0.312462006079027,2
2647,AUG,20020718,16208,3.85,0.107248931482121,0.9897,-1.993,10.03,5.65035,1.645,1.3324,1.63,0.31306990881459,2
2648,AUG,20020718,16208,4.15,0.105693222974001,0.9892,-1.992,10.09,5.71829,1.644,1.3325,1.629,0.31338199513382,2
2649,AUG,20020718,16208,5.05,0.104956133104941,0.9884,-1.991,10.39,5.75035,1.644,1.3326,1.631,0.313138686131387,2
2650,AUG,20020718,16208,5.85,0.102071982471454,0.9874,-1.99,10.68,5.759291,1.643,1.3309,1.624,0.31412051125989,2
2651,AUG,20020718,16213,3.68,0.128758006972878,0.9888,-2.189,6.453,2.855636,1.618,1.1493,1.607,0.308096415327565,2
2652,AUG,20020718,16213,4.96,0.124996777287118,0.9893,-2.189,5.64,2.753891,1.618,1.1488,1.609,0.308096415327565,2
2654,AUG,20020718,16214,1.85,0.0759636848104696,0.8048,-2.416,5.558,4.83379,1.622,1.17,1.54,0.324599260172626,2
2655,AUG,20020718,16214,2.05,0.0748801896370987,0.795,-2.415,5.642,4.85559,1.622,1.1743,1.54,0.325832305795314,2
2656,AUG,20020718,16214,2.55,0.0689935765008358,0.7937,-2.414,5.598,4.86962,1.624,1.1738,1.552,0.324199507389163,2
2657,AUG,20020718,16214,2.95,0.0681159091471615,0.7952,-2.415,5.64,4.84828,1.625,1.1738,1.554,0.323384615384615,2
2658,AUG,20020718,16214,3.75,0.0647323762244157,0.7954,-2.414,5.809,5.614617,1.627,1.1781,1.558,0.321942224953903,2
2659,AUG,20020718,16214,4.7,0.0657074402885839,0.795,-2.414,5.819,5.576195,1.627,1.1784,1.558,0.321942224953903,2
2660,AUG,20020718,16215,1.55,0.0838699797781478,0.8363,-2.415,5.327,4.93031,1.619,1.1745,1.543,0.323780111179741,2
2661,AUG,20020718,16215,1.85,0.0768839573716772,0.8049,-2.416,5.493,4.87657,1.622,1.1714,1.543,0.324044389642417,2
2662,AUG,20020718,16215,2.05,0.073579497538087,0.7951,-2.415,5.553,4.92097,1.622,1.1745,1.542,0.325585696670777,2
2663,AUG,20020718,16215,2.55,0.0702396804260985,0.7937,-2.415,5.558,4.88901,1.625,1.1754,1.555,0.323630769230769,2
2664,AUG,20020718,16215,2.95,0.0679519005049887,0.795,-2.415,5.6,4.81793,1.625,1.1735,1.555,0.323446153846154,2
2665,AUG,20020718,16215,3.75,0.0639686022507232,0.7956,-2.414,5.79,5.62397,1.626,1.1775,1.559,0.322324723247232,2
2666,AUG,20020718,16215,4.7,0.0656827899015525,0.7959,-2.415,5.81,5.57353,1.627,1.1783,1.558,0.3220036877689,2
2667,AUG,20020718,16215,5.35,0.0705851923494297,0.794,-2.414,5.672,4.74579,1.626,1.175,1.556,0.323185731857319,2
2668,AUG,20020718,16217,2.6,0.0729096420850954,0.7954,-2.219,4.902,4.76007,1.632,1.1824,1.572,0.318382352941176,2
2669,AUG,20020718,16217,3.6,0.0708385656036393,0.7965,-2.218,4.722,4.70637,1.635,1.1839,1.579,0.315840978593272,2
2670,AUG,20020718,16217,4.85,0.0707263991984088,0.797,-2.217,4.653,4.67071,1.636,1.1846,1.581,0.315220048899756,2
2675,AUG,20030116,16685,1.55,0.0952077288008199,1.009,-2.1,5.267,4.629955,1.661,1.1351,1.646,0.28898254063817,2
2676,AUG,20030116,16685,3.8,0.0778035515459503,1,-2.095,5.683,7.0054,1.663,1.1493,1.666,0.284906794948888,2
2677,AUG,20030116,16686,1.55,0.0958128881117145,1.01,-2.101,4.726,4.5276268,1.662,1.1362,1.646,0.288808664259928,2
2678,AUG,20030116,16686,3.1,0.0734194611671882,1.001,-2.097,5.181,7.30542,1.666,1.1513,1.674,0.283013205282113,2
2679,AUG,20030116,16686,6.4,0.0690329458807015,1.001,-2.095,5.306,7.52264,1.667,1.1498,1.678,0.282423515296941,2
2680,AUG,20030116,16687,2.65,0.105812309692521,1,-2.096,7.127,7.39921,1.646,1.2396,1.646,0.310388821385176,2
2681,AUG,20030116,16688,1.55,0.114310866883481,1.009,-2.1,4.672,4.4585,1.632,1.2178,1.602,0.321017156862745,2
2682,AUG,20030116,16688,2.9,0.101968756416138,1,-2.095,6.011,7.89026,1.648,1.2454,1.653,0.308252427184466,2
2683,AUG,20030123,16736,2.65,0.0986677355273458,1,-2.099,6.627,7.95863,1.647,1.2453,1.643,0.309593199757134,2
2684,AUG,20030123,16736,3.3,0.101030353153147,1.001,-2.099,6.266,7.826831,1.65,1.2464,1.661,0.307515151515152,2
2685,AUG,20030123,16736,4.6,0.0802692340258986,1,-2.099,5.547,8.066291,1.652,1.2387,1.671,0.305871670702179,2
2686,AUG,20030123,16737,2.9,0.103066442994044,1,-2.099,5.557,7.36195,1.647,1.2436,1.647,0.309289617486339,2
2687,AUG,20030123,16739,1.55,0.111172057506869,1.009,-2.103,4.479,4.85855,1.645,1.2284,1.637,0.311246200607903,2
2688,AUG,20030123,16739,2.35,0.111286571097637,1,-2.099,5.094,6.39747,1.645,1.2406,1.638,0.311063829787234,2
2689,AUG,20030123,16739,4.05,0.0967974662867307,1,-2.098,4.691,6.61164,1.646,1.2355,1.649,0.31044957472661,2
2690,AUG,20030123,16740,1.55,0.0904193891339989,1.009,-2.103,4.149,4.58071,1.641,1.2185,1.625,0.314076782449726,2
2691,AUG,20030123,16740,2.05,0.093343977224132,1,-2.1,4.504,6.089252,1.638,1.2325,1.614,0.315995115995116,2
2692,AUG,20030123,16741,3.5,0.101550277192028,0.9999,-2.3,4.936,4.70432,1.634,1.2209,1.607,0.319645042839657,2
2693,AUG,20030123,16742,3.5,0.113510912552795,1,-2.299,4.756,4.83709,1.64,1.2296,1.625,0.315,2
2694,AUG,20030124,16746,2.3,0.111284779644883,0.9997,-2.302,5.423,4.95836,1.639,1.2296,1.621,0.315741305674192,2
2695,AUG,20030124,16747,2.3,0.118793946914267,1,-2.301,4.714,4.90791,1.64,1.2331,1.624,0.314817073170732,2
2696,AUG,20030124,16748,3.4,0.107531494761985,1,-2.3,4.509,5.17467,1.64,1.2308,1.626,0.314878048780488,2
2697,AUG,20030124,16749,4.8,0.108182814793679,1.001,-2.3,4.619,5.32714,1.64,1.2331,1.623,0.31530487804878,2
2698,AUG,20030128,16775,1.9,0.110919191405228,1,-2.495,5.271,4.952592,1.642,1.2272,1.626,0.313337393422655,2
2699,AUG,20030128,16775,2.55,0.111865189439146,1.001,-2.495,5.209,5.227721,1.64,1.2302,1.622,0.315182926829268,2
2700,AUG,20030128,16775,3.55,0.1012288422478,1.001,-2.493,5.047,5.908,1.639,1.2306,1.619,0.316107382550336,2
2701,AUG,20030128,16775,4.55,0.109841493768477,1.001,-2.492,5.066,5.56445,1.638,1.2308,1.618,0.316605616605617,2
2702,AUG,20030128,16776,1.9,0.106187558144238,0.9998,-2.495,4.416,4.9446,1.642,1.228,1.626,0.313580998781973,2
2703,AUG,20030128,16776,2.55,0.105762633017387,1,-2.494,4.438,5.1591,1.641,1.2304,1.626,0.314381474710542,2
2704,AUG,20030128,16776,3.55,0.0960731048948644,1.001,-2.493,4.393,5.8163,1.64,1.2315,1.623,0.315121951219512,2
2705,AUG,20030128,16776,4.55,0.103935947729044,1,-2.492,4.504,5.50363,1.64,1.2314,1.622,0.315609756097561,2
2706,AUG,20030128,16777,1.9,0.103680718804888,1,-2.494,4.734,4.87921,1.642,1.2277,1.623,0.313885505481121,2
2707,AUG,20030128,16777,2.55,0.101665095276382,1,-2.494,4.651,5.18649,1.641,1.23,1.625,0.314868982327849,2
2708,AUG,20030128,16777,3.55,0.089032719416102,1,-2.493,4.502,5.88733,1.641,1.2304,1.626,0.314686166971359,2
2709,AUG,20030128,16777,4.25,0.0968223314606742,1,-2.492,4.552,5.52512,1.641,1.231,1.625,0.314929920780012,2
2710,AUG,20030128,16779,1.9,0.109629497779114,1,-2.393,4.415,4.88769,1.643,1.2298,1.63,0.312598904443092,2
2711,AUG,20030128,16779,2.55,0.105954115041064,1.001,-2.392,4.491,5.14199,1.642,1.2312,1.632,0.313337393422655,2
2712,AUG,20030128,16779,3.55,0.0899978115617926,1.001,-2.391,4.337,5.84892,1.643,1.231,1.634,0.312659768715764,2
2713,AUG,20030128,16779,4.55,0.0949405356429428,1,-2.391,4.436,5.60672,1.642,1.2306,1.632,0.313459196102314,2
2714,AUG,20030128,16785,2.65,0.0731591760267329,0.5997,-1.598,4.98,4.058821,1.66,1.5382,1.404,0.299939759036145,2
2715,AUG,20030128,16788,2.45,0.0615825609337453,0.6005,-1.596,5.339,5.09775,1.655,1.5339,1.395,0.302175226586103,2
2716,AUG,20030206,16933,2.3,0.103691165119599,1.2,-2.593,6.869,7.50129,1.645,1.2287,1.638,0.311185410334346,2
2717,AUG,20030213,16969,2.9,0.111509894340049,1.201,-2.602,6.168,7.25819,1.648,1.2337,1.648,0.309162621359223,2
2718,AUG,20030213,16969,4.6,0.0998595065838264,1.201,-2.601,5.597,7.28148,1.644,1.2287,1.639,0.311922141119221,2
2719,AUG,20030213,16970,1.675,0.108471220044508,1.209,-2.605,4.138,4.89351,1.657,1.219,1.684,0.30205190102595,2
2720,AUG,20030213,16970,5.45,0.102780830536346,1.201,-2.6,5.98,7.40678,1.642,1.2284,1.631,0.313702801461632,2
2721,AUG,20030213,16971,1.675,0.103732654082404,1.209,-2.605,3.946,4.85633,1.657,1.2183,1.682,0.302414001207001,2
2722,AUG,20030213,16971,3.85,0.104482426745487,1.201,-2.6,5.437,7.306444,1.648,1.2323,1.654,0.308980582524272,2
2723,AUG,20030213,16972,1.675,0.103961269249685,1.21,-2.603,3.861,4.81891,1.656,1.2184,1.679,0.303502415458937,2
2724,AUG,20030213,16972,3.95,0.103091070011344,1.201,-2.6,4.902,7.21983,1.65,1.2349,1.658,0.307818181818182,2
2725,AUG,20030218,17017,4.45,0.042802108928373,0.5999,-1.498,5.162,6.47912,1.659,1.5612,1.446,0.289029535864979,2
2726,AUG,20030306,17148,3.25,0.105221053938817,0.7997,-2.004,6.033,4.8314,1.65,1.3281,1.64,0.312727272727273,2
2727,AUG,20030306,17148,5.25,0.0818585689811975,0.7984,-2.003,7.846,4.7281,1.635,1.2993,1.595,0.324954128440367,2
2728,AUG,20030306,17149,3.75,0.100116034783474,0.7997,-2.003,6.921,4.82183,1.64,1.3172,1.624,0.318536585365854,2
2729,AUG,20030306,17149,5.25,0.0876226111956706,0.799,-2.002,7.08,4.7304,1.643,1.3088,1.625,0.318076688983567,2
2730,AUG,20030306,17150,3.75,0.0993390253182356,0.8,-2.003,6.815,4.83604,1.64,1.3172,1.626,0.318048780487805,2
2731,AUG,20030306,17150,5.25,0.0881345424525467,0.7994,-2.002,7.126,4.742295,1.643,1.3089,1.626,0.317833231892879,2
2732,AUG,20030306,17151,3.75,0.0988356747994514,0.7998,-2.003,6.108,4.8118,1.644,1.3246,1.635,0.315206812652068,2
2733,AUG,20030306,17151,5.25,0.0774421563845354,0.7981,-2.003,7.955,4.7153,1.634,1.2989,1.594,0.325458996328029,2
2739,AUG,20030313,17210,4.875,0.115191917094765,1.2,-2.588,6.451,7.32113,1.64,1.2296,1.625,0.315121951219512,2
2740,AUG,20030313,17211,3.8,0.107732307616737,1.201,-2.589,5.969,7.32886,1.639,1.2244,1.618,0.315924344112264,2
2741,AUG,20030313,17211,5.95,0.0958799822848411,1.2,-2.589,5.938,7.238998,1.643,1.2232,1.632,0.313268411442483,2
2742,AUG,20030314,17218,6.1,0.0993540526239994,1.001,-2.386,4.846,6.18007,1.657,1.1516,1.655,0.286843693421847,2
2743,AUG,20030314,17219,2.55,0.110190003129073,1.001,-2.39,4.62,4.82571,1.657,1.1468,1.655,0.286783343391672,2
2744,AUG,20030314,17219,3.55,0.0744377006626843,1.001,-2.39,4.402,6.759478,1.658,1.1465,1.658,0.286188178528347,2
2745,AUG,20030314,17219,6.2,0.0977119784656797,1.001,-2.387,4.699,6.79845,1.659,1.1563,1.66,0.285533453887884,2
2746,AUG,20030314,17220,5.1,0.115376952083233,1.001,-2.49,4.725,4.848282,1.655,1.1474,1.647,0.288580060422961,2
2747,AUG,20030314,17220,6.05,0.095877803546701,1.001,-2.488,4.705,7.08433,1.659,1.1581,1.659,0.285533453887884,2
2748,AUG,20030314,17221,2.5,0.107732033884737,1.001,-2.49,4.575,4.87181,1.656,1.1457,1.652,0.28780193236715,2
2749,AUG,20030314,17221,6,0.0970976424497759,1.002,-2.486,5.414,7.151152,1.659,1.1617,1.662,0.28499095840868,2
2750,AUG,20030314,17222,2.5,0.0974322460876853,1.001,-2.39,4.917,5.99006,1.665,1.1543,1.687,0.280780780780781,2
2751,AUG,20030314,17222,5,0.101167531843666,1.001,-2.388,5.216,6.01611,1.66,1.1531,1.667,0.284638554216867,2
2752,AUG,20030314,17223,5,0.105896091678936,1.001,-2.388,5.227,5.54893,1.658,1.1482,1.66,0.286127864897467,2
2753,AUG,20030325,17282,5,0.113492852815927,1,-1.992,4.648,5.53015,1.635,1.2263,1.611,0.318837920489297,2
2754,AUG,20030325,17283,4.05,0.0976327343502467,1,-1.992,4.213,6.18604,1.635,1.2262,1.607,0.319510703363914,2
2755,AUG,20030325,17284,3.1,0.095861389364475,1,-1.992,4.363,6.26128,1.634,1.2252,1.605,0.319951040391677,2
2756,AUG,20030325,17295,2.25,0.116696806368329,1,-1.995,7.155,6.23209,1.645,1.2397,1.636,0.311367781155015,2
2757,AUG,20030325,17295,3.75,0.101977279004696,0.9997,-1.992,5.746,5.82897,1.639,1.2252,1.62,0.316412446613789,2
2758,AUG,20030325,17297,1.6,0.119901110588428,1.009,-1.995,5.649,4.8893,1.648,1.2317,1.649,0.308555825242718,2
2759,AUG,20030325,17297,2.25,0.111845063088065,1,-1.992,5.868,6.18342,1.644,1.2406,1.632,0.312165450121655,2
2760,AUG,20030325,17297,4.5,0.0871948988344821,1,-1.992,4.715,6.66828,1.637,1.2268,1.615,0.317593158216249,2
2761,AUG,20030325,17299,1.55,0.114725617734107,1.009,-1.996,4.764,4.902959,1.648,1.2316,1.649,0.308555825242718,2
2762,AUG,20030325,17299,2.25,0.114009837416103,1,-1.993,5.273,6.19065,1.645,1.2422,1.634,0.310881458966565,2
2763,AUG,20030325,17299,3.85,0.0967367854871189,1.001,-1.992,4.567,6.82318,1.637,1.232,1.613,0.317348808796579,2
2764,AUG,20030403,17387,3.525,0.120122123643562,0.7996,-1.504,6.444,2.8291,1.634,1.2954,1.592,0.325214198286414,1
2765,AUG,20030403,17387,4.2,0.0852355117533746,0.7995,-1.501,6.556,5.62732,1.644,1.3178,1.622,0.316666666666667,1
2766,AUG,20030403,17387,5,0.0604885517928996,0.7999,-1.498,6.24,8.4249,1.646,1.3268,1.635,0.315006075334143,1
2767,AUG,20030403,17388,2.55,0.116886478827184,0.7965,-1.51,4.691,1.8349,1.655,1.2866,1.648,0.308882175226586,1
2768,AUG,20030403,17388,3.45,0.138220442392717,0.7995,-1.503,6.88,3.02401,1.647,1.3116,1.631,0.314632665452338,1
2769,AUG,20030403,17388,4.3,0.0815990027230611,0.7991,-1.501,6.147,5.6554,1.654,1.3207,1.643,0.309371221281741,1
2770,AUG,20030403,17388,5,0.0601436581532431,0.8003,-1.499,5.778,7.986877,1.653,1.3283,1.651,0.310223835450696,1
2771,AUG,20030403,17389,3.875,0.132108205765712,1.08,-2.002,8.288,5.685612,1.641,1.3081,1.609,0.320353443022547,1
2772,AUG,20030403,17389,4.5,0.0900121527320921,1.08,-2.002,7.231,8.36026,1.648,1.3145,1.629,0.314866504854369,1
2773,AUG,20030403,17390,4.65,0.0913324372108794,1.08,-2.001,8.764,8.2578,1.637,1.306,1.603,0.323091020158827,1
2774,AUG,20030403,17391,3.75,0.0544686757793311,0.8002,-2.001,5.432,6.65667,1.644,1.3218,1.64,0.313260340632603,1
2775,AUG,20030403,17391,4.95,0.0463447483684028,0.799,-2.001,6.543,6.983801,1.636,1.301,1.604,0.322555012224939,1
2776,AUG,20030403,17394,3.55,0.0542887972813997,0.8002,-2.001,5.786,6.778194,1.648,1.3197,1.635,0.313592233009709,1
2777,AUG,20030403,17394,4.95,0.052064551615311,0.7997,-1.999,6.237,6.904986,1.642,1.3109,1.618,0.319001218026797,1
2778,AUG,20030430,17433,3.75,0.174876599382308,0.7992,-2,6.471,2.17584,1.638,1.2999,1.607,0.320573870573871,2
2779,AUG,20030430,17433,5.25,0.0930748742532515,0.796,-2,7.753,2.45732,1.63,1.2777,1.577,0.328650306748466,2
2780,AUG,20030430,17435,3.75,0.138176244709168,0.7983,-2,6.661,2.2917,1.634,1.2909,1.598,0.3234394124847,2
2781,AUG,20030430,17437,3.75,0.153504925853882,0.7988,-1.999,6.218,2.22601,1.635,1.2941,1.6,0.322446483180428,2
2783,AUG,20030506,17448,3.75,0.17180422532265,0.799,-1.996,6.616,2.246787,1.637,1.3013,1.607,0.320769700671961,2
2784,AUG,20030506,17448,5.25,0.0932171950182812,0.796,-1.996,7.656,2.42326,1.634,1.2799,1.588,0.325520195838433,2
2785,AUG,20030506,17453,2.2,0.1629045797563,0.9995,-2.692,7.357,3.46656,1.649,1.2362,1.626,0.314069132807762,2
2787,AUG,20030506,17453,4.95,0.132377733709466,0.9985,-2.692,7.284,3.5803,1.659,1.2336,1.663,0.306329113924051,2
2789,AUG,20030506,17454,2.2,0.148371893624984,0.9996,-2.692,6.605,3.58054,1.649,1.2338,1.625,0.314311704063069,2
2791,AUG,20030506,17454,4.95,0.146567923083751,0.9991,-2.69,7.68,3.60496,1.655,1.2353,1.646,0.309607250755287,2
2793,AUG,20030506,17455,2.2,0.147068209014759,0.9991,-2.691,6.508,3.58501,1.649,1.2344,1.624,0.314493632504548,2
2795,AUG,20030506,17455,4.95,0.147176481455046,0.9987,-2.689,7.799,3.57267,1.654,1.2358,1.643,0.310399032648126,2
2797,AUG,20030506,17456,3.75,0.0726535245546813,0.8002,-1.993,6.778,7.46151,1.634,1.3183,1.605,0.322827417380661,2
2798,AUG,20030506,17456,5.25,0.0747771454574511,0.8007,-1.993,5.891,7.38374,1.64,1.3257,1.612,0.32030487804878,2
2799,AUG,20030506,17457,3.75,0.0684934104351515,0.7996,-1.993,7.242,7.11959,1.63,1.3083,1.594,0.326196319018405,2
2800,AUG,20030506,17457,5.25,0.0743287504447255,0.8001,-1.994,6.222,7.257286,1.639,1.3218,1.608,0.321537522879805,2
2801,AUG,20030506,17459,3.75,0.0705979053077486,0.7998,-1.993,7.364,7.130594,1.63,1.3102,1.591,0.326625766871166,2
2802,AUG,20030506,17459,5.45,0.0759048275416474,0.8004,-1.991,6.295,7.42904,1.639,1.3245,1.604,0.321903599755949,2
2803,AUG,20030506,17460,3.75,0.0716018903951635,0.8005,-1.993,6.72,7.56244,1.635,1.3195,1.607,0.322446483180428,2
2804,AUG,20030506,17460,5.45,0.073898026013209,0.8002,-1.99,5.814,7.60998,1.641,1.3284,1.61,0.319987812309567,2
2805,AUG,20030508,17488,2.2,0.15881143227818,0.9995,-2.695,7.369,3.539487,1.649,1.2361,1.626,0.313887204366283,2
2807,AUG,20030508,17488,4.95,0.146734208251211,0.9988,-2.694,8.03,3.59729,1.654,1.2357,1.644,0.309854897218863,2
2809,AUG,20030508,17494,3.85,0.0610353981448689,0.7993,-1.695,8.581,9.34597,1.662,1.44,1.514,0.299939831528279,2
2810,AUG,20030508,17495,3.85,0.0615739040003599,0.7995,-1.696,8.551,9.33691,1.662,1.4409,1.516,0.299699157641396,2
2812,AUG,20030509,17509,2.45,0.100456823313654,1,-1.999,6.591,6.31973,1.642,1.2323,1.629,0.313702801461632,2
2813,AUG,20030509,17509,5.8,0.0907449915531673,1,-1.996,5.463,6.28638,1.64,1.2293,1.623,0.315182926829268,2
2814,AUG,20030509,17511,2.75,0.105697275834892,1,-1.999,5.471,6.35681,1.642,1.2371,1.626,0.313398294762485,2
2815,AUG,20030509,17511,5.5,0.0773149516663627,1,-1.996,4.918,6.35996,1.64,1.2245,1.624,0.315060975609756,2
2816,AUG,20030509,17512,2.2,0.10536720669225,1,-1.999,5.278,6.2281,1.642,1.2385,1.622,0.313398294762485,2
2817,AUG,20030509,17512,3.3,0.0908450724934113,1,-1.997,4.78,6.121108,1.639,1.229,1.618,0.315985356924954,2
2818,AUG,20030509,17513,3.45,0.101883170996014,1.001,-1.997,4.932,6.31196,1.641,1.2348,1.621,0.314686166971359,2
2819,AUG,20030509,17514,2.3,0.115693492450869,1,-1.998,6.37,6.85112,1.646,1.2492,1.631,0.309599027946537,2
2820,AUG,20030509,17514,5.75,0.0818925377103766,1,-1.996,5.218,7.174219,1.651,1.2377,1.662,0.306178073894609,2
2821,AUG,20030509,17519,3,0.122308151594385,1,-1.998,5.887,5.47672,1.646,1.2367,1.647,0.30996354799514,2
2822,AUG,20030509,17519,5.75,0.106291281404645,1.001,-1.996,5.169,5.36107,1.649,1.2346,1.654,0.3077622801698,2
2823,AUG,20030606,17724,2.7,0.0922389375889222,0.9998,-1.999,6.021,6.10084,1.64,1.2274,1.635,0.313170731707317,2
2824,AUG,20030606,17725,5.5,0.0902953458841912,0.9995,-1.997,6.403,5.619005,1.637,1.2195,1.623,0.316554673182651,2
2825,AUG,20030606,17726,2.6,0.119176020707482,1,-1.999,6.218,5.62502,1.637,1.2294,1.624,0.315882712278558,2
2826,AUG,20030606,17726,5.5,0.0942498694726518,0.9995,-1.997,6.404,5.644411,1.64,1.2211,1.632,0.314024390243902,2
2827,AUG,20030606,17727,2.65,0.113619360572054,1.001,-1.999,7.035,7.25805,1.642,1.2449,1.637,0.311449451887942,2
2829,AUG,20030606,17728,5,0.0804103856093673,1.001,-2.295,6.848,7.495487,1.632,1.225,1.611,0.319975490196078,2
2830,AUG,20030606,17729,2.75,0.0983600207975606,1.001,-2.292,6.658,8.52023,1.645,1.2512,1.639,0.308571428571429,2
2832,AUG,20030606,17734,3.75,0.0772641233978715,0.7995,-1.999,6.181,4.96605,1.673,1.4454,1.591,0.293903167961745,2
2833,AUG,20030606,17734,5.45,0.0844924548981038,0.7983,-1.997,7.509,3.82301,1.666,1.4284,1.563,0.300060024009604,2
2834,AUG,20030606,17735,3.75,0.0887508264144362,0.7996,-1.998,6.82,4.93094,1.669,1.4464,1.58,0.296944278010785,2
2835,AUG,20030606,17735,5.45,0.072145573720944,0.7987,-1.997,7.099,4.605584,1.669,1.4319,1.572,0.297783103654883,2
2836,AUG,20030606,17736,3.75,0.0931434614634801,0.8001,-1.995,5.194,4.77041,1.673,1.2655,1.701,0.293066347878063,2
2837,AUG,20030606,17736,5.75,0.0894823198921683,0.7993,-1.995,7.242,4.76298,1.666,1.2473,1.665,0.298739495798319,2
2838,AUG,20030606,17737,3.75,0.0978385657685388,0.7994,-1.995,6.166,4.80815,1.672,1.2641,1.694,0.2938995215311,2
2839,AUG,20030606,17737,5.75,0.0865798449935849,0.799,-1.995,6.843,4.79335,1.668,1.2468,1.679,0.297062350119904,2
2840,AUG,20030610,17743,3.25,0.0861431019666856,0.7986,-1.995,6.802,4.920156,1.671,1.4474,1.587,0.295870736086176,2
2841,AUG,20030610,17743,5.75,0.0768879663974789,0.7989,-1.993,7.1,4.378481,1.668,1.4329,1.572,0.298201438848921,2
2842,AUG,20030610,17745,3.75,0.0815200721419282,0.7997,-1.993,6.077,4.89036,1.675,1.4507,1.599,0.292119402985075,2
2843,AUG,20030610,17746,3.75,0.102000678727018,0.7996,-1.991,6.26,4.853203,1.671,1.2683,1.691,0.294075403949731,2
2844,AUG,20030610,17746,5.45,0.0893735043919429,0.799,-1.991,6.904,4.83499,1.667,1.2492,1.672,0.297600479904019,2
2845,AUG,20030610,17747,3.75,0.101308468966451,0.7998,-1.991,5.316,4.72537,1.671,1.2704,1.69,0.294075403949731,2
2846,AUG,20030610,17747,5.75,0.0958265090630541,0.7991,-1.991,7.335,4.72578,1.663,1.2504,1.653,0.300360793746242,2
2847,AUG,20030612,17776,5.25,0.108004619239035,1.2,-2.59,7.079,7.35619,1.642,1.2285,1.637,0.312606577344702,2
2848,AUG,20030612,17777,5,0.102659950886082,1.2,-2.592,6.393,7.33397,1.642,1.2277,1.634,0.313154689403167,2
2849,AUG,20030612,17779,4.95,0.100931936576952,1.2,-2.593,6.382,7.328503,1.641,1.2267,1.632,0.313345521023766,2
2850,AUG,20030612,17787,4.5,0.0648401997558148,0.7994,-1.992,9.012,9.07508,1.656,1.4395,1.529,0.298671497584541,2
2851,AUG,20030618,17829,4.25,0.0522504377722045,0.8004,-2.795,6.739,9.35418,1.656,1.4467,1.546,0.299335748792271,2
2852,AUG,20030618,17829,5.5,0.0485143183464356,0.8003,-2.792,6.954,11.536388,1.658,1.4616,1.547,0.297768395657419,2
2853,AUG,20030618,17830,3.5,0.111463456972394,1,-2.299,7.069,4.994619,1.654,1.1817,1.584,0.299395405078597,2
2854,AUG,20030626,17863,3.5,0.0930882001354112,0.9998,-2.348,5.575,4.97743,1.643,1.2143,1.594,0.312294583079732,2
2855,AUG,20030626,17863,6,0.0868493395071239,1,-2.345,5.877,7.152386,1.649,1.2321,1.622,0.306428138265615,2
2856,AUG,20030626,17864,2.6,0.0951830980205345,1,-2.348,4.985,4.93315,1.641,1.2162,1.59,0.313223644119439,2
2857,AUG,20030626,17864,4.6,0.0928922290922651,1,-2.345,5.678,7.15991,1.649,1.2346,1.622,0.306064281382656,2
2858,AUG,20030626,17864,6.7,0.0719301313060015,1.001,-2.344,5.623,9.26538,1.659,1.2439,1.66,0.29789029535865,2
2859,AUG,20030626,17868,2.7,0.0932653866785421,1,-2.346,5.005,4.94015,1.641,1.2157,1.59,0.313223644119439,2
2860,AUG,20030626,17868,5.45,0.0734905914703187,1.001,-2.342,5.447,9.2735,1.659,1.2462,1.66,0.297528631705847,2
2861,AUG,20030626,17868,6.8,0.0707859083287479,1.002,-2.34,6.38,11.54015,1.665,1.2566,1.685,0.292072072072072,2
2862,AUG,20030626,17869,2.5,0.0920571347775838,0.9996,-2.099,4.632,4.88004,1.642,1.2136,1.593,0.312728380024361,2
2863,AUG,20030626,17869,5.6,0.0755162108118147,1,-2.094,5.588,9.26172,1.665,1.2454,1.687,0.292912912912913,2
2864,AUG,20030626,17870,2.6,0.0935356222088752,0.9999,-2.099,4.768,4.89498,1.642,1.2146,1.594,0.312728380024361,2
2865,AUG,20030626,17870,4.75,0.102738367769499,1.001,-2.095,5.424,6.8581,1.652,1.2396,1.635,0.303026634382567,2
2866,AUG,20030626,17870,5.9,0.0905068688069747,1.001,-2.095,5.056,6.987094,1.657,1.2373,1.652,0.299939649969825,2
2867,AUG,20030701,17891,2.8,0.096287150651444,1,-1.854,5.013,4.85153,1.65,1.2183,1.618,0.306545454545455,2
2868,AUG,20030701,17891,6.75,0.0755195175952055,1,-1.849,5.24,7.059963,1.657,1.2322,1.645,0.300543150271575,2
2869,AUG,20030701,17893,1.7,0.157896497817365,1.005,-1.854,4.622,3.51181,1.635,1.215,1.596,0.317186544342508,2
2870,AUG,20030701,17894,2.75,0.0990755247581161,1,-2.398,5.786,6.03802,1.66,1.1523,1.661,0.285301204819277,2
2871,AUG,20030701,17896,1.45,0.0805916491069914,1.009,-2.4,4.515,5.888017,1.67,1.1488,1.703,0.279041916167665,2
2872,AUG,20030703,17907,4.45,0.0622624297934329,0.7993,-1.997,8.898,9.98126,1.656,1.4436,1.53,0.298188405797101,2
2873,AUG,20030703,17907,5.55,0.0586607065548955,0.7992,-1.996,9.024,10.04791,1.655,1.4376,1.525,0.299274924471299,2
2876,AUG,20030718,18043,1.55,0.10209574423767,1.007,-2.096,7.01,5.04093,1.65,1.2182,1.644,0.306606060606061,2
2877,AUG,20030718,18046,2.95,0.0977179781268826,1,-2.095,5.085,5.17896,1.643,1.2184,1.599,0.311199026171637,2
2878,AUG,20030718,18048,2.5,0.0918177640583011,0.9996,-2.095,5.072,5.00505,1.644,1.2153,1.599,0.311313868613139,2
2879,AUG,20030718,18048,4.4,0.0799530572941743,0.9994,-2.095,4.884,6.56332,1.639,1.2143,1.582,0.315070164734594,2
2883,AUG,20030731,18179,3,0.0601869058919475,1.075,-2.005,7.468,3.73985,1.627,1.2648,1.552,0.333066994468347,1
2884,AUG,20030731,18184,4.5,0.0854123659097334,1.08,-1.997,9.073,7.49868,1.636,1.2975,1.59,0.32481662591687,1
2885,AUG,20040120,18360,3.3,0.090582759552328,0.9998,-2.484,6.213,6.10715,1.639,1.2186,1.588,0.314765100671141,2
2886,AUG,20040120,18360,4.05,0.0744824073236002,1,-2.483,6.253,8.429843,1.642,1.2287,1.599,0.311814859926918,2
2887,AUG,20040120,18360,4.85,0.0756091768442468,1.001,-2.481,6.569,9.81078,1.647,1.2399,1.613,0.306860959319976,2
2888,AUG,20040120,18361,4.8,0.070510657078325,1.001,-2.481,6.518,11.94089,1.657,1.2516,1.659,0.297887748943874,2
2889,AUG,20040120,18361,5.225,0.0705488362028524,1.001,-2.481,6.548,11.83067,1.66,1.2502,1.683,0.295361445783133,2
2890,AUG,20040120,18362,3,0.0867699517312,0.9996,-2.484,4.752,5.04881,1.643,1.2144,1.597,0.311807668898357,2
2891,AUG,20040120,18362,4.95,0.0719834100464328,1.001,-2.48,6.642,11.704433,1.66,1.2511,1.67,0.295903614457831,2
2892,AUG,20040120,18363,3.3,0.0956878000995648,1,-2.481,5.687,6.2271,1.635,1.2189,1.581,0.317186544342508,2
2893,AUG,20040120,18363,4.7,0.0708425965550857,1.001,-2.477,6.471,12.94546,1.657,1.2549,1.66,0.297706698853349,2
2894,AUG,20040120,18363,5.35,0.0649169669110034,0.9996,-2.477,6.367,12.0735,1.662,1.245,1.693,0.294524669073406,2
2895,AUG,20040129,18431,4.25,0.0671563585285465,1.001,-2.494,6.621,10.84968,1.643,1.235,1.601,0.309920876445526,2
2896,AUG,20040129,18431,5.3,0.0817648409642294,1,-2.493,6.926,9.40606,1.647,1.2359,1.626,0.306800242865817,2
2897,AUG,20040129,18432,4.35,0.0695999859608548,1.001,-2.494,6.437,10.82687,1.645,1.2377,1.609,0.308632218844985,2
2898,AUG,20040129,18432,5.45,0.0847881823475103,1,-2.493,6.781,9.32571,1.648,1.2374,1.631,0.306067961165049,2
2899,AUG,20040129,18433,2.5,0.0770125251245851,0.9988,-2.5,5.362,5.17919,1.646,1.2092,1.605,0.310267314702309,2
2900,AUG,20040129,18433,4.3,0.0682420818159191,1,-2.494,6.21,11.12913,1.652,1.244,1.623,0.303147699757869,2
2901,AUG,20040129,18433,7,0.0662453076001219,1,-2.494,5.68,9.57932,1.657,1.2333,1.658,0.300060350030175,2
2902,AUG,20040130,18439,2.25,0.0739143134428207,0.9978,-2.5,6.106,5.30655,1.647,1.2088,1.609,0.309471766848816,2
2903,AUG,20040130,18439,5.2,0.0655056276687391,1,-2.495,6.108,9.62299,1.652,1.236,1.639,0.303389830508475,2
2904,AUG,20040130,18439,7.4,0.0669261491626211,1.001,-2.493,5.573,10.13042,1.654,1.2422,1.645,0.301451027811366,2
2908,AUG,20040219,18597,5.15,0.0708622616009875,1.201,-2.742,8.479,14.34727,1.653,1.2354,1.625,0.302964307320024,2
2909,AUG,20040219,18599,5.45,0.0673248832555037,1.202,-2.742,7.665,15.7395,1.658,1.241,1.645,0.298854041013269,2
2910,AUG,20040219,18600,5,0.0796138397575928,1.201,-2.739,8.454,15.6101,1.655,1.2469,1.626,0.300483383685801,2
2911,AUG,20040420,18848,1.8,0.12893955287931,1.003,-1.794,5.154,3.67015,1.636,1.2085,1.588,0.317970660146699,2
2914,AUG,20040421,18861,4.35,0.0829551482455447,1.001,-1.783,8.278,8.8603,1.654,1.3473,1.722,0.299576783555018,2
2915,AUG,20040421,18862,1.4,0.0927434667211107,1.008,-1.79,4.826,4.898,1.645,1.2188,1.641,0.310881458966565,2
2917,AUG,20040421,18863,1.7,0.0826488391492703,1.005,-1.791,5.318,5.70616,1.653,1.2157,1.645,0.303992740471869,2
2919,AUG,20040421,18869,4.95,0.0651850039354846,1,-2.183,5.517,8.29631,1.653,1.2294,1.633,0.303327283726558,2
2920,AUG,20040422,18880,2.9,0.0789580464929003,0.9994,-2.204,5.195,5.121169,1.641,1.2083,1.588,0.314076782449726,2
2921,AUG,20040422,18880,5.2,0.0783946900140057,1,-2.197,5.994,7.38985,1.648,1.2253,1.62,0.307342233009709,2
2927,AUG,20040422,18883,2.5,0.0631459062042103,1,-2.444,5.13,8.659152,1.655,1.2363,1.63,0.301631419939577,2
2929,AUG,20040422,18884,2.3,0.0616125789743037,1.001,-2.444,5.097,8.71486,1.655,1.2349,1.632,0.301752265861027,2
2931,AUG,20040527,19053,1.85,0.0699370640341773,1.001,-2.003,6.999,8.2862,1.657,1.2279,1.628,0.302112251056126,2
2935,AUG,20040527,19061,1.85,0.0702674461488028,1.001,-2.094,4.929,7.3211,1.654,1.2256,1.633,0.304292623941959,2
2938,AUG,20040527,19063,4.9,0.0741097198712966,1,-2.09,5.37,8.2564406,1.64,1.2294,1.576,0.312682926829268,2
2940,AUG,20040601,19088,2.7,0.0612784143287144,0.9999,-2.094,6.042,9.65446,1.65,1.2297,1.599,0.307454545454545,2
2941,AUG,20040601,19088,5.9,0.0589773532304203,1,-2.091,5.316,10.03631,1.649,1.2301,1.597,0.308489993935719,2
2946,AUG,20040601,19090,4.7,0.0634139266415933,0.9998,-2.091,6.145,9.49748,1.65,1.229,1.603,0.307393939393939,2
2948,AUG,20040603,19107,4.85,0.0529101093971644,0.5998,-1.39,4.843,5.38588,1.659,1.2479,1.644,0.298975286317058,2
2950,AUG,20040603,19111,5.5,0.022490089653207,0.6004,-1.389,5.867,11.688037,1.67,1.2557,1.687,0.290898203592814,2
2951,AUG,20040603,19112,4.25,0.0546178404059687,1.201,-2.782,8.385,18.5433,1.657,1.2439,1.629,0.301991550995775,2
2952,AUG,20040615,19170,5.35,0.0580108157342973,0.5999,-1.389,4.481,4.54523,1.654,1.2365,1.622,0.303385731559855,2
2953,AUG,20040615,19171,4.8,0.0549310218713371,0.6002,-1.39,4.138,4.590803,1.659,1.242,1.635,0.299457504520796,2
2954,AUG,20040615,19180,4.2,0.0590966631879422,1.001,-2.093,6.987,13.244318,1.634,1.3553,1.669,0.326193390452876,2
2955,AUG,20040615,19180,5.3,0.0686817889523014,0.9993,-2.095,7.512,9.960355,1.634,1.3415,1.678,0.326193390452876,2
2956,AUG,20040615,19181,4.4,0.0740615992256665,1.001,-1.894,6.999,11.28196,1.644,1.3496,1.717,0.318004866180049,2
2957,AUG,20040615,19181,5.4,0.0678484155453563,0.9996,-1.894,7.141,11.49102,1.644,1.3442,1.718,0.318187347931873,2
2960,AUG,20040701,19311,5.35,0.0762861171859403,0.9998,-1.996,6.77,8.71538,1.645,1.2285,1.586,0.311671732522796,2
2962,AUG,20040701,19313,3.35,0.0636295254840324,0.9998,-1.995,6.256,9.65173,1.648,1.2278,1.593,0.309526699029126,2
2963,AUG,20040701,19313,5.6,0.0665913199827079,0.9999,-1.994,5.909,8.575029,1.648,1.2259,1.595,0.309587378640777,2
2964,AUG,20040701,19314,2,0.0729937237434237,0.9988,-1.998,7.007,8.49073,1.648,1.2268,1.595,0.308980582524272,2
2965,AUG,20040701,19314,4.25,0.0761819671428257,0.9993,-1.994,6.217,8.62947,1.645,1.2271,1.584,0.311671732522796,2
2966,AUG,20040701,19314,6.2,0.0746698788546255,0.9997,-1.993,6.055,9.08,1.646,1.2288,1.587,0.310996354799514,2
2967,AUG,20040706,19355,2.05,0.0845817680040309,0.9992,-1.995,5.793,6.52951,1.651,1.2257,1.605,0.306420351302241,2
2968,AUG,20040706,19356,2,0.0567953482299518,0.999,-1.991,5.457,9.42093,1.654,1.2275,1.613,0.304292623941959,2
2969,AUG,20040715,19426,3.9,0.078183500687989,0.9996,-1.986,6.559,8.064809,1.645,1.227,1.584,0.311489361702128,2
2970,AUG,20040715,19426,6.1,0.0791036636495013,0.9997,-1.985,6.255,8.176328,1.644,1.2281,1.582,0.312226277372263,2
2971,AUG,20040715,19426,7.5,0.0860436651087948,0.9995,-1.986,6.141,6.11518,1.646,1.2226,1.591,0.310814094775213,2
2972,AUG,20040715,19427,1.75,0.0751317616671109,1.004,-1.992,5.98,6.79067,1.65,1.2238,1.618,0.307454545454545,2
2973,AUG,20040715,19428,3.5,0.0658076538642251,0.9993,-1.986,5.707,9.043249,1.647,1.2278,1.591,0.309653916211293,2
2974,AUG,20040715,19428,6.1,0.0724448204506447,0.9993,-1.985,6.079,7.81902,1.645,1.2237,1.588,0.311185410334346,2
2975,AUG,20040715,19428,7.75,0.102996932923167,0.9998,-1.985,7.669,6.54369,1.647,1.2308,1.591,0.309957498482089,2
2976,AUG,20040715,19429,2.4,0.0616189960586537,0.9993,-1.986,5.576,9.165396,1.651,1.2291,1.605,0.306178073894609,2
2977,AUG,20040715,19430,5,0.0664194735352392,0.9995,-1.805,5.826,8.8325,1.652,1.2222,1.623,0.305871670702179,2
2978,AUG,20040715,19431,5,0.0645884680397866,1,-1.804,5.802,9.4238185,1.653,1.2244,1.628,0.304658197217181,2
2979,AUG,20040729,19532,3.5,0.0843360982437539,0.9984,-1.993,9.239,6.18706,1.645,1.327,1.637,0.31306990881459,1
2980,AUG,20050518,20109,2.75,0.0829312274168233,1.001,-2.392,5.63,7.617396,1.64,1.2351,1.623,0.315,2
2981,AUG,20050519,20114,5.225,0.0635687946808459,1.001,-2.385,6.165,12.48018,1.666,1.2616,1.663,0.303241296518607,2
2982,AUG,20050519,20115,4.3,0.0662426382239918,1.001,-2.385,6.166,12.17607,1.663,1.2643,1.645,0.305411906193626,2
2983,AUG,20050519,20116,4.4,0.0652780699341435,1.001,-2.384,5.94,12.3602,1.664,1.2759,1.674,0.301862980769231,2
2984,AUG,20050519,20119,3.15,0.0804151723724564,1.001,-2.386,6.045,10.0103,1.655,1.2687,1.631,0.309848942598187,2
2985,AUG,20050519,20121,4.8,0.0633644330303861,1.001,-2.388,5.892,10.76645,1.659,1.2686,1.658,0.306690777576854,2
2986,AUG,20050519,20124,4.5,0.0758812814964406,1.001,-2.388,6.197,9.69554,1.661,1.2573,1.639,0.307344972907887,2
2987,AUG,20050519,20125,4.35,0.0663401000435529,1.001,-2.387,5.958,12.49056,1.666,1.269,1.647,0.303241296518607,2
2988,AUG,20050519,20126,4.45,0.073782943545538,1,-2.389,6.767,9.9071,1.66,1.2545,1.639,0.307771084337349,2
2989,AUG,20050525,20170,4.2,0.0494153962379966,0.8005,-1.875,6.405,11.86017,1.664,1.2532,1.689,0.302283653846154,2
2990,AUG,20050525,20176,4.55,0.0502370720955465,0.8001,-2.079,6.104,11.7053,1.662,1.2581,1.696,0.290974729241877,2
2991,AUG,20050531,20188,5.1,0.0507516620874387,0.8053,-2.081,6.225,11.31559,1.662,1.2567,1.674,0.295427196149218,2
2992,AUG,20050531,20189,4.1,0.0503508518481165,0.8046,-2.084,5.931,11.00607,1.664,1.2588,1.677,0.293990384615385,2
2993,AUG,20050531,20194,3.95,0.0850772776766213,1.005,-2.086,11.2,7.70533,1.65,1.3478,1.672,0.308909090909091,2
2994,AUG,20050610,20280,1.95,0.0981273678156534,1.205,-1.989,4.998,7.07667,1.651,1.2295,1.652,0.307268322228952,2
2995,AUG,20050610,20281,2.9,0.102170761670762,1.204,-1.986,5.942,8.14,1.645,1.2311,1.637,0.31258358662614,2
2996,AUG,20050610,20282,1.75,0.104333832208031,1.206,-1.99,4.512,5.8799,1.649,1.2205,1.644,0.309157064887811,2
2997,AUG,20050610,20283,4.8,0.110313650428678,1.205,-1.984,6.389,8.1763,1.649,1.2385,1.648,0.309763493026076,2
2998,AUG,20050610,20284,4.525,0.0834260364596797,1.005,-2.082,11.72,10.32867,1.656,1.3638,1.687,0.305374396135266,2
2999,AUG,20050610,20285,5.35,0.0804252284255949,1.005,-2.083,11.15,11.40634,1.664,1.3738,1.717,0.299939903846154,2
3000,AUG,20050610,20286,4.3,0.0892788012380281,1.005,-2.085,11.21,10.12578,1.663,1.3699,1.71,0.300601322910403,2
3001,AUG,20050610,20287,5.2,0.0803541372582934,1.005,-2.083,12.1,10.75374,1.657,1.3649,1.698,0.304465902232951,2
3002,AUG,20050616,20322,3.55,0.0669364803677589,1.005,-2.089,9.417,11.5728,1.669,1.3718,1.729,0.295985620131815,2
3003,AUG,20050705,20430,4.5,0.0454391827950012,0.8018,-2.087,5.387,11.09538,1.659,1.2533,1.725,0.292706449668475,2
3004,AUG,20050705,20433,4.55,0.0670219022188315,1.003,-2.384,5.652,12.5832,1.662,1.267,1.73,0.296931407942238,2
3005,AUG,20050705,20434,2.85,0.0561860895756787,0.8014,-1.99,4.466,8.53245,1.66,1.2534,1.727,0.291807228915663,2
3006,AUG,20050721,20580,2.35,0.0831120081463315,1.001,-1.991,9.342,7.66971,1.653,1.3313,1.631,0.307924984875983,2
3007,AUG,20060117,20753,2.3,0.0950508348172838,1.002,-2.392,6.584,6.5703,1.629,1.2371,1.647,0.317127071823204,2
3008,AUG,20060124,20814,1.45,0.0718863298812284,0.8016,-2.094,5.183,6.45693,1.645,1.2471,1.628,0.308206686930091,2
3009,AUG,20060124,20815,2.5,0.0631221127076378,0.8019,-2.094,5.199,7.18017,1.645,1.2428,1.637,0.30838905775076,2
3010,AUG,20060124,20816,2.35,0.0632162953147289,0.8019,-2.094,5.101,7.19937,1.646,1.2453,1.64,0.308323207776428,2
3011,AUG,20060126,20831,5.5,0.0888893600606261,1.003,-2.402,6.272,7.31038,1.65,1.254,1.66,0.311878787878788,2
3012,AUG,20060126,20832,6,0.0751943648645097,1.003,-2.4,6.178,9.51175,1.659,1.2651,1.692,0.304339963833635,2
3013,AUG,20060126,20833,3,0.0780729583548927,1.003,-2.403,5.676,7.20877,1.651,1.2526,1.66,0.31084191399152,2
3014,AUG,20060126,20834,2.95,0.148980000498016,1.002,-2.403,6.794,4.81912,1.625,1.2442,1.571,0.326153846153846,2
3015,AUG,20060126,20835,3.3,0.0860592590915551,1.003,-2.402,5.776,7.95051,1.651,1.2569,1.652,0.310963052695336,2
3016,AUG,20060126,20837,5.7,0.0783600832273291,1.002,-2.399,5.467,7.766199,1.654,1.2535,1.68,0.308162031438936,2
3018,AUG,20060131,20848,3.4,0.0901958576281207,1.002,-2.39,6.009,7.814605,1.642,1.2488,1.679,0.311388550548112,2
3019,AUG,20060131,20851,2.5,0.0828946217734391,0.8019,-2.392,4.465,4.825494,1.641,1.2371,1.663,0.305971968312005,2
3020,AUG,20060131,20852,6.45,0.0705691712680802,0.8027,-2.39,5.088,5.86414,1.638,1.2372,1.653,0.308485958485959,2
3021,AUG,20060131,20853,6.5,0.0648249944772953,0.8027,-2.39,5.03,5.83953,1.638,1.2343,1.651,0.308852258852259,2
3022,AUG,20060131,20855,6,0.0605268142356975,0.8028,-2.389,5.29,8.60569,1.65,1.2532,1.702,0.299515151515152,2
3023,AUG,20060131,20857,4.25,0.0593409529666602,0.8023,-2.39,5.341,8.06513,1.637,1.2391,1.65,0.309835064141723,2
3024,AUG,20060131,20858,3.25,0.0840250030304624,0.8015,-2.392,5.399,4.37227,1.63,1.227,1.625,0.31478527607362,2
3025,AUG,20060201,20864,4.4,0.0774891088298419,1.003,-2.394,5.975,7.81826,1.646,1.2495,1.616,0.315249088699879,2
3026,AUG,20060201,20865,5,0.0896959169606348,1.003,-2.393,6.034,7.6454149,1.632,1.2462,1.638,0.31421568627451,2
3027,AUG,20060201,20866,3.45,0.104547852403032,1.003,-2.393,6.777,7.56357,1.628,1.2486,1.621,0.317444717444717,2
3028,AUG,20060201,20867,3.75,0.103996121295276,1.003,-2.393,6.545,7.57985,1.629,1.2479,1.633,0.316022099447514,2
3029,AUG,20060201,20869,3,0.0955340448476599,1.003,-2.395,6.621,7.602002,1.63,1.2459,1.631,0.315521472392638,2
3030,AUG,20060201,20870,1.9,0.0744455034370342,1.003,-2.398,5.151,7.45992,1.638,1.2416,1.649,0.309401709401709,2
3031,AUG,20060201,20871,3.45,0.0897751779167565,1.003,-2.395,5.99,7.4192,1.631,1.244,1.623,0.315082771305947,2
3032,AUG,20060201,20872,2.5,0.0778915108875622,1.002,-2.396,5.689,7.65828,1.64,1.2456,1.628,0.313292682926829,2
3033,AUG,20060201,20877,4.5,0.0605613144556759,0.8029,-2.493,5.918,7.636682,1.629,1.2283,1.626,0.315715162676489,2
3034,AUG,20060207,20922,5.5,0.0565993901586838,0.8023,-2.394,5.612,8.750801,1.644,1.2454,1.682,0.303406326034063,2
3035,AUG,20060209,20938,7.85,0.0803744072910894,0.8021,-2.392,5.849,4.8717,1.63,1.2256,1.621,0.315460122699387,2
3036,AUG,20060210,20959,2.1,0.0631242985409652,0.8022,-2.392,5.081,6.0588,1.639,1.237,1.655,0.306894447834045,2
3037,AUG,20060214,20978,4.6,0.0553846857419643,0.8018,-2.39,5.981,7.76257,1.628,1.2279,1.609,0.316646191646192,2
3038,AUG,20060214,20979,6.25,0.0573090760031939,0.8015,-2.389,6.193,7.630903,1.629,1.2282,1.621,0.315285451197053,2
3039,AUG,20060214,20981,4.75,0.0643916767574113,0.908,-2.39,6.566,7.39952,1.629,1.2197,1.625,0.316022099447514,2
3040,AUG,20060214,20982,4.5,0.0633972564847608,0.8015,-2.39,6.382,7.244793,1.627,1.2262,1.612,0.31899200983405,2
3041,AUG,20060214,20983,4.4,0.0634580252559725,0.8017,-2.39,6.36,7.246286,1.629,1.227,1.609,0.318845917740945,2
3042,AUG,20060216,20991,6.5,0.0729674034015406,1.002,-2.399,5.941,7.78118,1.632,1.2418,1.639,0.313970588235294,2
3043,AUG,20060216,20992,6.5,0.081624701982904,1.003,-2.397,5.951,7.73865,1.632,1.244,1.638,0.313848039215686,2
3044,AUG,20060216,20993,7,0.0763568626068102,1.003,-2.399,5.373,7.770094,1.632,1.2437,1.638,0.31390931372549,2
3045,AUG,20060216,20994,2.85,0.104002821937356,1.002,-2.398,6.492,7.48422,1.62,1.2499,1.561,0.324012345679012,2
3046,AUG,20060216,20995,4.5,0.0972333092880291,1.003,-2.399,5.447,7.54132,1.631,1.2468,1.64,0.314653586756591,2
3047,AUG,20060216,20996,4.25,0.100549594069891,1.002,-1.999,5.253,7.0825,1.635,1.2484,1.648,0.311620795107034,2
3048,AUG,20060216,20997,5.5,0.103848926732198,1.002,-1.999,5.234,7.17109,1.636,1.25,1.653,0.310330073349633,2
3049,AUG,20060216,20999,2,0.0929080140575044,1.002,-2.003,5.998,7.18762,1.631,1.2431,1.632,0.314224402207235,2
3050,AUG,20060216,20999,4.5,0.0907650706936804,1.002,-2,5.932,7.10601,1.631,1.2405,1.633,0.314653586756591,2
3051,AUG,20060221,21012,2,0.0736750268559051,0.8019,-2.395,4.586,5.09199,1.637,1.2305,1.637,0.309346365302382,2
3052,AUG,20060223,21031,4.3,0.0610771996063145,0.8024,-2.386,5.704,7.19356,1.637,1.2306,1.628,0.313194868662187,2
3053,AUG,20060223,21032,6.75,0.0728286305851948,0.988,-2.384,6.604,7.49101,1.634,1.2197,1.635,0.312668298653611,2
3054,AUG,20060223,21033,4.25,0.0907687722141227,1.191,-2.386,7.972,7.56557,1.634,1.2168,1.625,0.312790697674419,2
3055,AUG,20060223,21035,4.75,0.060954101333833,0.8022,-2.384,5.983,7.4057773,1.631,1.2272,1.629,0.314347026364194,2
3056,AUG,20060310,21158,6.55,0.066728821518283,0.8005,-2.386,6.292,6.21834,1.625,1.2277,1.573,0.319261538461538,2
3057,AUG,20060310,21159,6.65,0.0677985515581752,0.8009,-2.387,6.24,6.2108259,1.624,1.2282,1.57,0.320381773399015,2
3058,AUG,20060310,21161,7.5,0.0916619113305851,0.8003,-2.386,5.777,4.896254,1.63,1.2247,1.624,0.31521472392638,3
3059,AUG,20060310,21162,7.5,0.0730507972559659,0.8011,-2.386,5.786,7.12381,1.636,1.2334,1.649,0.310146699266504,3
3060,AUG,20060310,21164,7.5,0.0799070152169915,0.8011,-2.385,5.83,7.0119,1.636,1.2351,1.647,0.310880195599022,3
3061,AUG,20060310,21170,7.5,0.0621414695951965,0.8011,-2.384,5.597,7.01649,1.638,1.2354,1.652,0.309279609279609,2
3062,AUGW,20080229,22755,2.75,0.0873796091765571,0.9996,-2.481,8.625,4.95262,1.606,1.2393,1.609,0.325155666251557,2
3063,AUGW,20080306,22786,2.25,0.093492582079165,0.9993,-2.491,8.477,4.66775,1.609,1.2334,1.616,0.322809198259789,3
3064,AUGW,20080311,22809,1.9,0.101009687263199,1,-2.484,9.12,4.8827,1.608,1.2307,1.612,0.321144278606965,3
3065,AUGW,20080318,22832,2.75,0.075271343145027,0.9989,-2.482,8.926,4.942266,1.62,1.2381,1.588,0.326111111111111,2
3066,AUGW,20080319,22856,2.75,0.0888831027501046,0.9993,-2.487,8.78,4.81503218,1.623,1.2413,1.599,0.323413431916205,2
3067,AUGW,20080325,22880,1.85,0.0920833908373895,1,-2.488,8.797,4.85473,1.627,1.2332,1.601,0.32040565457898,2
3068,AUGW,20080327,22909,1.85,0.0908960339649995,1.001,-2.486,8.662,4.8285,1.628,1.2338,1.603,0.31977886977887,2
3069,AUGW,20080401,22955,1.85,0.0906338840591653,1.001,-2.489,8.658,4.8542,1.628,1.2333,1.602,0.319963144963145,2
3070,AUGW,20080408,23004,1.85,0.0720843612245723,0.999,-2.463,9.133,4.9454,1.63,1.2241,1.617,0.318159509202454,2
3071,AUGW,20080408,23006,1.85,0.0846742161043981,1,-2.48,9.173,4.78093,1.629,1.2278,1.605,0.319152854511971,2
3072,AUGW,20080408,23007,3.25,0.0906832362637843,1,-2.491,8.538,5.488848,1.626,1.2476,1.596,0.322263222632226,2
3073,AUGW,20080408,23008,3.25,0.0922980713718445,0.9999,-2.465,8.522,5.340117,1.625,1.2471,1.597,0.322523076923077,2
3074,AUGW,20080410,23018,1.85,0.08113681761084,0.9989,-2.426,9.43,4.8561,1.628,1.2289,1.608,0.319840294840295,2
3075,AUGW,20080411,23041,1.85,0.0763680957820021,0.9988,-2.429,9.2,4.9028,1.628,1.2268,1.612,0.319594594594595,2
3076,AUGW,20080417,23074,3.25,0.0945088156543465,1,-2.493,8.491,4.85897,1.624,1.2489,1.599,0.323399014778325,2
3077,AUGW,20080422,23097,3.25,0.0951991628177993,0.9999,-2.483,7.955,4.66804,1.628,1.2508,1.601,0.320823095823096,2
3078,AUGW,20080527,23216,3.25,0.0960175617946883,1,-2.48,8.085,4.733457,1.629,1.2508,1.603,0.320380601596071,2
3079,AUGW,20080529,23236,3.25,0.0928098625639299,0.9997,-2.488,7.988,4.7513,1.626,1.2505,1.595,0.322386223862239,2
3080,AUGW,20080603,23259,3.25,0.089486255561925,1,-2.486,7.953,4.76229,1.626,1.2493,1.595,0.32220172201722,2
3081,AUGW,20080606,23300,3.25,0.0886199671471345,0.9997,-2.483,7.881,4.70583,1.627,1.2507,1.595,0.321819299323909,2
3082,AUGW,20080610,23316,3.25,0.0911419070611066,0.9999,-2.48,8.017,4.73042,1.626,1.2509,1.596,0.322324723247232,2
3083,AUGW,20080617,23364,3.25,0.0918366750575044,0.9997,-2.472,8.612,4.79094,1.626,1.2496,1.599,0.322263222632226,2
3084,AUGW,20080619,23387,2.6,0.0823860693331367,0.9996,-2.453,8.561,5.30915,1.626,1.2441,1.605,0.320479704797048,3
3085,AUGW,20080624,23406,3.25,0.0932469622091505,1.001,-2.477,7.999,4.78555,1.629,1.2488,1.611,0.319828115408226,2
3086,AUGW,20080626,23429,2.65,0.0860511334713408,1,-2.48,8.168,4.71472,1.624,1.2452,1.602,0.320197044334975,2
3087,AUGW,20080703,23486,3.25,0.0990078525219756,1,-2.486,8.566,4.4321939,1.614,1.2467,1.6,0.322676579925651,2
3088,AUGW,20080708,23512,2.65,0.0976585585605727,1.001,-2.48,7.783,4.48399,1.627,1.2473,1.589,0.321389059618931,3
3089,AUGW,20080926,23722,3.25,0.0952049691009817,0.9998,-2.482,9.012,4.75096,1.612,1.2481,1.595,0.324317617866005,2
3090,AUGW,20080930,23730,3.25,0.091043316043316,1,-2.48,7.551,4.83516,1.629,1.2527,1.603,0.320073664825046,2
3091,AUGW,20081007,23773,3.25,0.0816699604743083,1,-2.486,7.148,4.8576,1.628,1.2508,1.6,0.321068796068796,2
3092,AUGW,20081009,23793,2.75,0.0838974325226873,1,-2.478,8.237,4.893052,1.62,1.2446,1.594,0.322283950617284,2
3093,AUGW,20081009,23793,4.25,0.0890811776289557,1,-2.477,7.547,4.91564,1.629,1.2571,1.606,0.31890730509515,2
3094,AUGW,20081010,23816,3.25,0.0869804278673195,1.001,-2.483,7.396,4.89778,1.627,1.2535,1.595,0.321819299323909,2
3095,AUGW,20081014,23837,2.75,0.0880840895374943,1,-2.484,8.184,4.381092,1.619,1.2423,1.591,0.322730080296479,2
3096,AUGW,20081016,23859,3.25,0.0871609905502137,0.9999,-2.452,7.86,4.59058,1.625,1.2495,1.593,0.322892307692308,2
3097,AUGW,20081021,23884,2.95,0.0753970497054306,0.9995,-2.474,8.657,4.56429,1.617,1.2388,1.592,0.325417439703154,2
3098,AUGW,20081023,23907,3.25,0.0860795620536376,0.9997,-2.467,8.579,4.44986,1.622,1.2446,1.589,0.325524044389642,2
3099,AUGW,20081024,23928,3.25,0.0872382856965686,0.9998,-2.474,8.317,4.51542,1.625,1.2472,1.594,0.323261538461538,2
3100,AUGW,20081106,23971,3.25,0.0747318808030962,0.999,-2.459,8.64,4.87563,1.623,1.2439,1.589,0.324953789279113,2
3101,AUGW,20081118,24059,2.35,0.0886656264321411,0.9989,-2.471,8.114,4.5823,1.629,1.2456,1.598,0.321178637200737,2
3102,AUGW,20081118,24059,3.25,0.0898331166824131,1,-2.471,7.514,4.56187,1.613,1.2476,1.596,0.323062616243025,2
3103,AUGW,20081120,24087,3.25,0.0888137289116443,0.9998,-2.472,8.141,4.52738,1.612,1.2458,1.596,0.323511166253102,2
3104,AUGW,20081121,24110,3.25,0.0914994114340859,1,-2.488,8.192,4.71485,1.613,1.2457,1.596,0.323558586484811,2
3105,AUGW,20081125,24131,3.25,0.0913389857500656,1,-2.486,8.133,4.715741,1.613,1.2465,1.597,0.323124612523249,2
3106,AUGW,20081127,24156,3.25,0.0815748284182387,1,-2.487,8.353,4.954635,1.624,1.2446,1.595,0.323953201970443,2
3107,AUGW,20090512,24408,3.25,0.0908004073129101,0.997,-2.472,8.95,4.807115,1.611,1.2449,1.593,0.325139664804469,2
3108,AUGW,20090514,24423,2.75,0.076089973553111,0.9969,-2.469,8.98,5.061843,1.617,1.2406,1.577,0.32752009894867,2
3109,AUGW,20090515,24445,3.25,0.0787326424341893,0.9964,-2.456,9.057,4.9973237,1.609,1.241,1.588,0.327159726538223,2
3110,AUGW,20090602,24532,3.25,0.0882244501879963,0.9973,-2.471,8.827,4.808871,1.611,1.2459,1.595,0.324767225325885,2
3111,AUGW,20090604,24552,3.25,0.0900308562347138,0.9973,-2.478,8.792,4.84505,1.611,1.2476,1.595,0.324643078833023,2
3112,AUGW,20090605,24570,3.25,0.0888402903735053,0.9974,-2.473,8.828,4.76352,1.611,1.2467,1.595,0.324953445065177,2
3113,AUGW,20090605,24578,1.85,0.0916814410815794,1.096,-1.79,10.37,6.509,1.629,1.2509,1.675,0.313382443216697,2
3114,AUGW,20090609,24585,2.75,0.0961919477364416,0.998,-2.478,9.032,4.76661,1.622,1.2481,1.587,0.323859432799014,2
3116,AUGW,20090610,24609,3.25,0.094594324389987,0.9971,-2.466,8.651,4.65113,1.613,1.2493,1.6,0.323186608803472,2
3117,AUGW,20090617,24637,3.25,0.0794383915650196,0.9965,-2.471,8.893,4.837,1.609,1.2415,1.588,0.326786824114357,2
3118,AUGW,20090618,24658,3.25,0.0717108980858325,0.9961,-2.456,8.78,4.90187,1.609,1.2413,1.586,0.326724673710379,2
3119,AUGW,20090619,24679,3.25,0.0940462964515696,0.997,-2.456,8.69,4.77056,1.613,1.2486,1.594,0.323496590204588,2
3120,AUGW,20090623,24703,3.25,0.0863759034141586,0.9975,-2.471,8.538,5.0983953,1.613,1.247,1.595,0.32374457532548,2
3121,AUGW,20090703,24753,2.75,0.0816100247797161,0.9973,-2.503,7.168,5.63364,1.627,1.2515,1.609,0.320651505838967,2
3124,AUGW,20090709,24782,2.75,0.0941995634945861,0.9986,-2.471,8.534,4.7193,1.622,1.2454,1.587,0.323921085080148,2
3125,AUGW,20090709,24797,3.25,0.0972315260399957,0.9975,-2.471,8.444,4.6755,1.613,1.2467,1.595,0.323372597644141,2
3127,AUGW,20090716,24826,3.25,0.105532124786524,0.9977,-2.454,8.829,4.71365,1.612,1.2478,1.595,0.323759305210918,2
3128,AUGW,20090722,24900,3.45,0.0708531258253926,0.9965,-2.463,9.804,4.9219,1.611,1.2371,1.618,0.321725636250776,2
3129,AUGW,20090723,24915,3.25,0.0987340525983732,0.9979,-2.47,8.693,4.72334,1.612,1.2463,1.595,0.324069478908189,2
3130,AUGW,20090903,25047,3.25,0.0938683874409039,0.9973,-2.474,8.552,4.79939,1.612,1.2501,1.598,0.323883374689826,2
3131,AUGW,20090908,25066,3.25,0.0947292431642366,0.9968,-2.461,8.727,4.76867,1.613,1.2482,1.6,0.323372597644141,2
3132,AUGW,20090910,25086,3.25,0.10074124545318,0.9972,-2.437,9.309,4.72583,1.614,1.254,1.606,0.322180916976456,2
3133,AUGW,20090924,25219,3.6,0.087408365059153,0.9836,-2.435,8.927,4.622418,1.616,1.246,1.597,0.324814356435644,2
3134,AUGW,20090925,25246,3.25,0.084234461369678,0.9968,-2.474,8.913,4.7398,1.609,1.2423,1.591,0.326600372902424,2
3135,AUGW,20090925,25246,4.35,0.0989263582486423,0.9976,-2.473,8.663,4.4377,1.624,1.2498,1.603,0.322413793103448,2
3136,AUGW,20091001,25281,2.75,0.0783319267374707,0.998,-2.47,9.128,5.13059,1.618,1.2426,1.584,0.326452410383189,2
3137,AUGW,20091006,25292,3.25,0.0946299200200854,0.9972,-2.454,8.824,4.69993,1.612,1.2463,1.597,0.324193548387097,2
3138,AUGW,20091006,25293,3.25,0.0946490933906911,0.9973,-2.455,8.736,4.68173,1.612,1.2466,1.599,0.323883374689826,2
3139,AUGW,20091008,25306,2.65,0.0833864770915554,0.9973,-2.455,8.902,4.97393,1.622,1.2446,1.583,0.32521578298397,2
3140,AUGW,20091008,25306,3.325,0.0778029265123374,0.9975,-2.454,8.897,7.0801,1.616,1.2594,1.61,0.319492574257426,2
3141,AUGW,20091008,25307,4.25,0.0823500794867254,0.9969,-2.454,8.635,4.91277,1.625,1.2522,1.599,0.322153846153846,2
3142,AUGW,20091008,25309,4.25,0.0921016303119522,0.997,-2.454,8.481,4.91133,1.625,1.2543,1.6,0.321538461538461,2
3143,AUGW,20091008,25310,4.25,0.0822972129273032,0.997,-2.453,7.946,5.70204,1.626,1.2551,1.599,0.321340713407134,2
3144,AUGW,20091008,25310,5.75,0.0893227822241889,0.9969,-2.453,8.012,4.921947,1.626,1.2533,1.602,0.32140221402214,2
3145,AUGW,20091008,25312,4.25,0.0890546159743833,0.9974,-2.456,8.85,5.54325,1.626,1.2541,1.604,0.321217712177122,2
3146,AUGW,20091009,25324,3.15,0.088588551436882,0.9973,-2.456,8.58,5.011511,1.616,1.2531,1.602,0.322648514851485,2
3147,AUGW,20091015,25359,3.85,0.0868950525985056,0.997,-2.417,8.037,5.264218,1.627,1.2522,1.609,0.320344191763983,2
3148,AUGW,20091020,25383,3.25,0.0879015542460554,0.9976,-2.416,7.961,4.91621,1.613,1.2503,1.598,0.322752634841909,2
3149,AUGW,20091021,25402,3.25,0.0931195263261403,0.9976,-2.453,7.948,4.866133,1.614,1.2515,1.599,0.322304832713755,2
3150,AUGW,20091021,25412,5.75,0.0843132774404842,0.9973,-2.48,7.165,5.002071,1.629,1.2567,1.607,0.31890730509515,2
3151,AUGW,20091021,25414,4.25,0.0836215531622811,0.9975,-2.491,8.546,5.55074,1.625,1.2512,1.601,0.321846153846154,2
3152,AUGW,20091021,25415,4.25,0.0789335377302867,0.9968,-2.477,8.695,5.51215,1.623,1.2487,1.595,0.323536660505237,2
3153,AUGW,20091021,25415,5.75,0.0778565873017851,0.9962,-2.477,8.804,4.813716,1.62,1.246,1.588,0.325987654320988,2
3154,AUGW,20091022,25428,3.8,0.0910306098474428,0.9972,-2.434,7.991,4.97977,1.626,1.2515,1.608,0.32060270602706,2
3155,AUGW,20091103,25454,3.25,0.0867212737827203,0.9971,-2.48,8.427,4.962479,1.613,1.2482,1.6,0.323062616243025,2
3156,AUGW,20091103,25465,4.25,0.085786652741393,0.9971,-2.481,7.955,4.818098,1.626,1.2513,1.603,0.321279212792128,2
3157,AUGW,20091103,25466,3.85,0.0840626611152306,0.9972,-2.481,7.951,4.86841,1.627,1.2496,1.606,0.320467117393977,2
3158,AUGW,20091103,25467,4.75,0.0855170836980159,0.9969,-2.481,7.954,4.83297,1.626,1.2513,1.602,0.320971709717097,2
3159,AUGW,20091105,25477,4.95,0.0848978730319798,0.9973,-2.48,7.981,5.04568,1.625,1.252,1.604,0.321661538461538,2
3160,AUGW,20091106,25501,4.75,0.0885810656254138,0.9974,-2.486,7.785,4.98374,1.627,1.2538,1.604,0.320467117393977,2
3161,AUGW,20091117,25567,4.25,0.0808337345549102,0.9967,-2.478,8.491,4.9376291,1.629,1.2601,1.623,0.318600368324125,2
3162,AUGW,20091117,25568,3.85,0.0829771457944917,0.9969,-2.478,8.145,4.90238,1.632,1.2621,1.628,0.316544117647059,2
3163,AUGW,20091119,25600,3.25,0.0907570841809727,0.9976,-2.487,8.199,4.862524,1.614,1.2482,1.607,0.322428748451053,2
3164,AUGW,20091119,25619,2.25,0.0778387206906431,0.9978,-2.487,7.589,5.82877,1.641,1.2363,1.602,0.309201706276661,2
3165,AUGW,20091119,25619,5.35,0.0833333831716081,0.9978,-2.486,7.622,5.016225,1.636,1.2357,1.58,0.313141809290954,2
3166,AUGW,20091119,25620,2.25,0.0762096476133666,0.9972,-2.484,7.607,5.81719,1.641,1.2352,1.601,0.309323583180987,2
3167,AUGW,20091119,25620,5.25,0.0797891979740284,0.9973,-2.482,7.63,5.07016,1.637,1.2353,1.58,0.312461820403176,2
3168,AUGW,20091120,25625,3.25,0.0880764408932355,0.9976,-2.479,8.162,4.874459,1.613,1.2483,1.604,0.323062616243025,2
3169,AUGW,20091120,25625,4.85,0.0877185403904087,0.9974,-2.479,8.059,4.84979,1.625,1.2511,1.606,0.3216,2
3170,AUGW,20091124,25646,3.25,0.0889605295213084,0.9978,-2.491,7.962,4.84362,1.613,1.2496,1.6,0.322938623682579,2
3171,AUGW,20091124,25646,4.85,0.090072049338856,0.9975,-2.49,7.911,4.81892,1.625,1.2516,1.605,0.321538461538461,2
3172,AUGW,20091126,25667,3.25,0.0819252274496806,0.998,-2.481,7.917,5.09893,1.616,1.2499,1.609,0.320606435643564,2
3173,AUGW,20091126,25667,4.85,0.0837011256816985,0.9979,-2.48,8.031,4.97654,1.629,1.2517,1.617,0.318600368324125,2
3174,AUGW,20091203,25712,3.25,0.0934534652815387,0.9979,-2.477,7.915,4.87464,1.614,1.2508,1.605,0.321933085501859,2
3175,AUGW,20091203,25712,4.85,0.0934597806783324,0.9979,-2.477,7.795,4.83126,1.627,1.2534,1.61,0.319852489244007,2
3176,AUGW,20091203,25718,3.75,0.115823070632605,0.9971,-1.687,10.39,4.91586,1.641,1.2602,1.643,0.313467397928093,2
3177,AUGW,20091203,25719,3.7,0.120918114496716,0.9971,-1.687,10.6,4.92346,1.637,1.2623,1.643,0.312767257177764,2
3178,AUGW,20091208,25757,3.25,0.0858132417851888,0.9977,-2.477,7.783,5.0975,1.614,1.2524,1.599,0.322304832713755,2
3179,AUGW,20091208,25757,4.85,0.088146803580536,0.9976,-2.477,7.737,4.98026,1.627,1.2536,1.607,0.32059004302397,2
3180,AUGW,20091209,25780,3.25,0.0907466018703739,0.9981,-2.473,7.894,5.16902,1.614,1.2535,1.608,0.32180916976456,2
3181,AUGW,20091211,25804,2.75,0.0913664890924469,0.9986,-2.48,7.946,5.029634,1.624,1.2527,1.597,0.321674876847291,2
3182,AUGW,20091215,25820,3.25,0.0895720051517536,0.9978,-2.479,8.021,5.10894,1.614,1.2513,1.607,0.321933085501859,2
3183,AUGW,20091216,25841,3.25,0.0986438092194864,0.9977,-2.473,8.146,5.13239,1.616,1.2554,1.611,0.32085396039604,2
3184,AUGW,20091216,25841,4.85,0.102726227210739,0.9975,-2.472,8.25,4.77363,1.628,1.2551,1.616,0.319594594594595,2
3185,AUGW,20110113,26120,3.25,0.0829940191131183,0.9973,-2.505,7.556,5.738781,1.615,1.2631,1.598,0.327120743034056,2
3186,AUGW,20110113,26123,3.25,0.0848340307860173,0.9972,-2.502,7.641,5.762876,1.627,1.2568,1.638,0.317516902274124,2
3187,AUGW,20110118,26129,2.25,0.0922244364204944,0.9979,-2.504,7.952,4.96292,1.62,1.2407,1.62,0.323271604938272,2
3188,AUGW,20110118,26129,3.25,0.0918068654940947,0.9975,-2.502,8.184,4.7076,1.622,1.239,1.635,0.322194821208385,2
3189,AUGW,20110118,26129,5.45,0.0912751312423592,0.9967,-2.5,7.779,4.86695,1.625,1.2454,1.644,0.319323076923077,2
3191,AUGW,20110125,26186,2.25,0.0967034448758762,0.9976,-2.498,7.752,4.74647,1.623,1.2426,1.632,0.320147874306839,2
3192,AUGW,20110125,26186,3.25,0.0786998241401307,0.997,-2.496,7.814,6.31753,1.626,1.2495,1.643,0.31820418204182,2
3193,AUGW,20110125,26186,5.45,0.0796633959044369,0.9676,-2.496,7.348,5.86,1.626,1.2518,1.641,0.317835178351784,2
3194,AUGW,20110127,26205,2.25,0.0998382525337963,0.998,-2.494,8.029,4.71723,1.619,1.2411,1.62,0.323224212476838,2
3195,AUGW,20110127,26205,3.25,0.0934414932552546,0.9973,-2.494,8.284,4.7815,1.622,1.2396,1.638,0.321270036991369,2
3196,AUGW,20110127,26205,5.45,0.0904369198625838,0.9972,-2.492,7.963,4.84368,1.624,1.2428,1.643,0.319889162561576,2
3197,AUGW,20110127,26207,4.5,0.0958497455142389,0.9975,-2.493,8.783,4.72718,1.612,1.2363,1.654,0.320037220843672,2
3198,AUGW,20110127,26208,4.5,0.0978520995834235,0.9975,-2.493,8.301,4.76023,1.612,1.2373,1.652,0.320471464019851,2
3199,AUGW,20110127,26209,4.5,0.0970568069908625,0.9974,-2.492,8.336,4.81314,1.608,1.2365,1.655,0.320460199004975,2
3200,AUGW,20110127,26212,3.55,0.0766186040941662,0.9978,-2.493,7.294,5.59479,1.652,1.2526,1.552,0.303934624697337,2
3202,AUGW,20110201,26229,2.25,0.102379346379874,0.9976,-2.483,8.123,4.588445,1.619,1.2397,1.619,0.323409512044472,2
3203,AUGW,20110201,26229,3.25,0.0970668899799825,0.9973,-2.483,8.36,4.71087,1.623,1.2399,1.639,0.320825631546519,2
3204,AUGW,20110201,26229,5.45,0.0941276652701857,0.9971,-2.482,7.973,4.736668,1.624,1.243,1.644,0.319889162561576,2
3205,AUGW,20110203,26261,2.25,0.100965036896316,0.9978,-2.49,8.313,4.77961,1.617,1.2428,1.599,0.325231910946197,2
3206,AUGW,20110203,26261,3.25,0.0958408455852741,0.9968,-2.49,8.696,4.84209,1.62,1.2398,1.627,0.323024691358025,2
3207,AUGW,20110203,26261,5.45,0.0922673457720493,0.9967,-2.489,8.019,4.81025,1.622,1.242,1.635,0.321454993834772,2
3208,AUGW,20110203,26272,4.25,0.0895026363210242,0.9982,-2.49,7.454,5.730334,1.621,1.246,1.622,0.313078346699568,2
3209,AUGW,20110203,26273,3.25,0.0838280244134962,0.998,-2.49,7.257,6.10482,1.624,1.2467,1.636,0.310837438423645,2
3210,AUGW,20110215,26308,2.25,0.096983274145767,0.9979,-2.482,7.682,4.89123,1.619,1.243,1.604,0.323533045089561,2
3211,AUGW,20110215,26308,3.25,0.0907269707361087,0.9971,-2.482,7.948,4.950777,1.621,1.2389,1.628,0.322208513263418,2
3212,AUGW,20110215,26308,5.45,0.0893762765089639,0.9971,-2.482,8.002,4.89127,1.623,1.2391,1.633,0.3211337030191,2
3213,AUGW,20110217,26328,2.25,0.0988252815787024,0.9981,-2.487,7.95,4.83435,1.618,1.2433,1.602,0.324103831891224,2
3214,AUGW,20110217,26328,3.25,0.0945489955200382,0.9971,-2.487,8.401,4.77013,1.62,1.2375,1.628,0.322962962962963,2
3216,AUGW,20110218,26347,2.25,0.0968032405193812,0.9982,-2.468,8.025,4.81034,1.612,1.2452,1.583,0.328970223325062,2
3217,AUGW,20110218,26347,3.25,0.0905047113749472,0.9975,-2.467,8.077,4.80433,1.615,1.2406,1.611,0.327120743034056,2
3218,AUGW,20110218,26347,5.45,0.0893605599077425,0.9976,-2.466,8.179,5.28087,1.619,1.246,1.621,0.324088943792465,2
3219,AUGW,20110222,26383,3.25,0.0567200639408419,0.7986,-2.334,4.562,7.035253,1.634,1.2762,1.707,0.299204406364749,2
3220,AUGW,20110224,26404,3.25,0.0649808567326443,0.7993,-2.478,5.75,5.59988,1.623,1.2551,1.647,0.314109673444239,2
3222,AUGW,20110224,26408,2.75,0.0569582294015065,0.7981,-2.377,5.51,6.50266,1.638,1.2663,1.718,0.296214896214896,2
3223,AUGW,20110224,26409,2.75,0.0503135303993853,0.7986,-2.379,4.98,6.349783,1.641,1.2641,1.729,0.293906154783668,2
3224,AUGW,20110224,26410,2.75,0.053346505651413,0.7975,-2.379,6.245,6.509611,1.629,1.2559,1.69,0.303007980356047,2
3225,AUGW,20110301,26420,2.25,0.0949936973465829,0.9991,-2.49,7.799,4.7599,1.622,1.2315,1.586,0.320715166461159,2
3226,AUGW,20110301,26420,3.25,0.090342240638718,0.9972,-2.488,8.259,4.87727,1.615,1.2393,1.615,0.327058823529412,2
3228,AUGW,20110301,26421,2.25,0.0847093829152441,0.998,-2.484,8.053,4.97063,1.624,1.2291,1.59,0.319334975369458,2
3229,AUGW,20110301,26421,3.25,0.097840279485886,0.9973,-2.483,8.425,4.79738,1.619,1.243,1.617,0.324397776405188,2
3230,AUGW,20110301,26421,5.45,0.0837812078437506,0.996,-2.482,8.027,5.1149,1.62,1.2402,1.626,0.32320987654321,2
3231,AUGW,20110303,26445,2.25,0.0875685937025413,0.9984,-2.463,8.276,4.9385,1.623,1.2304,1.592,0.319716574245225,2
3232,AUGW,20110303,26445,3.25,0.0979144508334303,0.9974,-2.462,8.55,4.81384,1.618,1.244,1.62,0.324474660074166,2
3233,AUGW,20110303,26445,5.45,0.089785340103968,0.9966,-2.461,8.206,4.9823,1.621,1.2433,1.629,0.322516964836521,2
3234,AUGW,20110303,26460,3.25,0.0652323851641113,0.7997,-2.473,5.965,5.760329,1.62,1.2534,1.641,0.315987654320988,2
3235,AUGW,20110303,26460,5.25,0.0755167843721065,0.7993,-2.474,7.313,5.5081,1.621,1.2478,1.654,0.315669339913634,2
3236,AUGW,20110310,26497,2.25,0.0884791965274611,0.9981,-2.465,8.475,4.91168,1.621,1.2265,1.587,0.321344848858729,2
3237,AUGW,20110310,26497,3.25,0.0925704099091254,0.9973,-2.465,8.634,4.88035,1.617,1.2391,1.617,0.325726654298083,2
3239,AUGW,20110311,26519,2.25,0.0802237087562846,0.998,-2.482,8.179,4.71193,1.623,1.2266,1.59,0.320024645717807,2
3240,AUGW,20110311,26519,3.25,0.0871759089005614,0.9969,-2.482,8.668,4.70431,1.618,1.2397,1.618,0.324660074165637,2
3241,AUGW,20110311,26519,5.45,0.0778502393731322,0.9973,-2.481,8.255,5.00265,1.62,1.2423,1.623,0.323024691358025,2
3242,AUGW,20110315,26537,2.25,0.089404169425636,0.9977,-2.456,8.331,4.6817,1.622,1.2264,1.589,0.320838471023428,2
3243,AUGW,20110315,26537,3.25,0.092098902916368,0.9971,-2.454,8.469,4.53475,1.616,1.2373,1.616,0.326237623762376,2
3244,AUGW,20110315,26537,5.45,0.0826046428839092,0.9962,-2.452,8.263,5.3372,1.62,1.2423,1.626,0.323024691358025,2
3245,AUGW,20110317,26558,2.25,0.0892447351446299,0.9979,-2.486,8.266,4.75939,1.622,1.2287,1.588,0.320900123304562,2
3246,AUGW,20110317,26558,3.25,0.0950560840641839,0.9969,-2.484,8.572,4.68404,1.616,1.2425,1.616,0.326113861386139,2
3247,AUGW,20110317,26558,5.45,0.0839377609108159,0.9963,-2.483,8.435,5.27,1.618,1.2448,1.622,0.324721878862794,2
3248,AUGW,20110318,26580,2.25,0.0991194903290989,0.9973,-2.488,8.355,4.62573,1.621,1.2276,1.587,0.321036397285626,3
3251,AUGW,20110318,26592,2.7,0.0493418910487238,0.797,-2.534,7.814,6.23453,1.614,1.2359,1.664,0.31276332094176,2
3252,AUGW,20110322,26605,2.25,0.0987923140322516,0.9981,-2.479,7.556,4.71977,1.628,1.2347,1.6,0.315970515970516,2
3253,AUGW,20110322,26605,3.25,0.0974278469848969,0.9972,-2.479,7.482,4.5355,1.62,1.2433,1.619,0.32320987654321,2
3255,AUGW,20110322,26608,3.45,0.0821845638724286,0.9976,-2.478,7.182,5.59091,1.631,1.2646,1.632,0.301348865726548,2
3256,AUGW,20110322,26610,2.75,0.0912550716561896,0.9966,-2.482,8.104,5.7427,1.628,1.2681,1.609,0.303439803439803,2
3257,AUGW,20110324,26627,2.25,0.0968315325067914,0.9982,-2.383,8.019,4.8959,1.629,1.2368,1.603,0.315224063842848,2
3258,AUGW,20110324,26627,3.25,0.0951310591333793,0.9969,-2.381,7.985,4.7841,1.619,1.2467,1.614,0.323656578134651,2
3259,AUGW,20110324,26631,3.25,0.0947198965668273,1.096,-1.796,9.98,7.12344,1.621,1.2581,1.654,0.313325107958051,2
3260,AUGW,20110329,26650,2.25,0.0898659048079559,0.9979,-2.487,8.184,4.63253,1.622,1.2263,1.591,0.320530209617756,2
3261,AUGW,20110329,26650,3.25,0.0933434117879902,0.9967,-2.487,8.407,4.471585,1.617,1.2381,1.618,0.32547928262214,2
3263,AUGW,20110401,26695,2.25,0.0915612210455255,0.9991,-2.457,7.653,4.7402,1.626,1.233,1.595,0.317466174661747,2
3264,AUGW,20110401,26695,3.25,0.100714252154823,0.9979,-2.457,7.932,4.68252,1.619,1.2457,1.616,0.323780111179741,2
3265,AUGW,20110401,26695,5.45,0.0871162100365037,0.9972,-2.457,8.043,4.9858,1.62,1.2436,1.627,0.322777777777778,2
3266,AUGW,20110405,26712,2.25,0.0861642830949762,0.9983,-2.479,8.147,4.9086,1.623,1.228,1.589,0.320086260012323,2
3267,AUGW,20110405,26712,3.25,0.0959675139775113,0.9972,-2.478,8.497,4.8113,1.617,1.2416,1.617,0.325170068027211,2
3268,AUGW,20110405,26712,5.45,0.0903858767679527,0.9974,-2.477,8.25,5.19881,1.62,1.2435,1.626,0.322901234567901,2
3269,AUGW,20110405,26713,3.25,0.0810442280975754,0.9981,-2.47,8.139,5.56411,1.632,1.2366,1.58,0.304718137254902,2
3270,AUGW,20110405,26713,4.75,0.0764001536344141,0.9981,-2.47,8.1,6.2486,1.641,1.2631,1.58,0.308531383302864,2
3271,AUGW,20110405,26715,3.25,0.0641993535376856,0.798,-2.491,6.289,5.54402,1.627,1.2806,1.556,0.313767670559312,2
3272,AUGW,20110415,26802,2.25,0.0879230706008055,0.9986,-2.49,8.088,4.8668,1.622,1.229,1.588,0.320345252774353,2
3273,AUGW,20110415,26802,3.25,0.0941979072512783,0.9972,-2.49,8.407,4.728518,1.616,1.2403,1.613,0.326113861386139,2
3274,AUGW,20110415,26802,5.45,0.0898854091795872,0.997,-2.49,8.328,4.8695,1.618,1.2419,1.622,0.324103831891224,2
3275,AUGW,20110419,26820,2.25,0.0891503389167027,0.9984,-2.497,8.205,4.8537,1.622,1.2265,1.586,0.320776818742293,2
3276,AUGW,20110419,26820,3.25,0.0936500395048723,0.997,-2.496,8.423,4.74625,1.616,1.2373,1.614,0.326361386138614,2
3277,AUGW,20110419,26820,5.45,0.0925080916147646,0.9975,-2.496,8.249,4.69313,1.618,1.2376,1.623,0.324721878862794,2
3278,AUGW,20110421,26839,2.25,0.0922710343660064,0.9994,-2.467,8.289,4.7256,1.621,1.2285,1.589,0.321159777914867,2
3279,AUGW,20110421,26839,3.25,0.0963101395692379,0.9977,-2.465,8.508,4.81983,1.616,1.2415,1.616,0.325990099009901,2
3281,AUGW,20110421,26847,2.25,0.0672684923634718,0.9977,-2.482,7.276,7.20419,1.654,1.2353,1.607,0.292503022974607,2
3282,AUGW,20110421,26847,3.75,0.0782597812828305,0.9985,-2.481,7.917,7.09135,1.639,1.2565,1.561,0.304270896888347,2
3283,AUGW,20110421,26847,7.05,0.0838941213460789,0.9986,-2.48,7.936,6.39279,1.639,1.2557,1.563,0.304209884075656,2
3284,AUGW,20110421,26848,5.75,0.0838689507200818,0.9981,-2.481,7.704,6.41316,1.641,1.2562,1.565,0.303351614868982,2
3285,AUGW,20110421,26849,5.75,0.0686026735026829,0.9978,-2.473,6.674,6.49111,1.646,1.2517,1.581,0.298906439854192,2
3286,AUGW,20110428,26860,2.25,0.092970316043405,0.9981,-2.482,8.501,4.63449,1.621,1.2259,1.585,0.321838371375694,2
3287,AUGW,20110428,26860,3.25,0.0923958464007475,0.9968,-2.481,8.651,4.62346,1.614,1.2359,1.61,0.328066914498141,2
3288,AUGW,20110428,26860,5.45,0.0820022556304937,0.9966,-2.48,8.263,4.718858,1.616,1.2337,1.619,0.326794554455446,2
3289,AUGW,20110429,26878,2.25,0.0958584640128669,0.9988,-2.461,8.45,4.4766,1.621,1.2273,1.587,0.321776681061073,2
3290,AUGW,20110429,26878,3.25,0.0970431733241676,0.9969,-2.459,8.691,4.59682,1.615,1.2395,1.614,0.326934984520124,2
3291,AUGW,20110429,26878,5.45,0.086850595445508,0.9978,-2.46,8.302,4.8787,1.617,1.2394,1.622,0.325417439703154,2
3292,AUGW,20110503,26901,2.6,0.0562276432299302,0.7965,-2.515,6.839,6.8212,1.633,1.2524,1.716,0.300612369871402,2
3293,AUGW,20110503,26901,4.1,0.0484461855423683,0.7976,-2.514,7.311,7.36317,1.623,1.2435,1.703,0.305175600739372,2
3294,AUGW,20110503,26901,5.15,0.0414183432662694,0.7968,-2.515,7.82,7.5003,1.617,1.2391,1.691,0.309833024118738,2
3295,AUGW,20110503,26902,2.6,0.0579347794277335,0.7963,-2.508,7.362,6.49243,1.627,1.2473,1.695,0.305347264904733,2
3296,AUGW,20110503,26902,5.15,0.0429911202185792,0.797,-2.508,7.938,7.32,1.618,1.2395,1.693,0.309579728059332,2
3297,AUGW,20110503,26904,2.25,0.0940799008390542,0.9986,-2.473,8.188,4.7196,1.622,1.2284,1.588,0.320530209617756,2
3298,AUGW,20110503,26904,3.25,0.100489778166302,0.9971,-2.474,8.493,4.62148,1.617,1.2406,1.618,0.325355596784168,2
3299,AUGW,20110503,26904,5.45,0.0869269881375477,0.9975,-2.472,8.233,5.4527427,1.62,1.2426,1.628,0.323024691358025,2
3300,AUGW,20110527,27032,2.25,0.0906355255594115,0.9991,-2.413,8.258,4.6969,1.622,1.2272,1.589,0.320900123304562,2
3301,AUGW,20110527,27032,3.25,0.100260314763237,0.998,-2.413,8.677,4.77883,1.617,1.2425,1.619,0.325170068027211,2
3302,AUGW,20110531,27050,2.25,0.0870593817787419,0.9985,-2.418,8.211,4.7944,1.622,1.2262,1.587,0.320345252774353,2
3303,AUGW,20110531,27050,3.25,0.0982015873792917,0.9976,-2.417,8.624,4.69831,1.616,1.24,1.614,0.325680693069307,2
3304,AUGW,20110531,27050,5.45,0.0917072906210559,0.9975,-2.415,8.495,4.7467273,1.618,1.2388,1.624,0.324165636588381,2
3305,AUGW,20110531,27061,2.25,0.0651870004276175,0.9981,-2.573,7.554,7.90426,1.625,1.2587,1.628,0.315384615384615,2
3306,AUGW,20110531,27061,5.25,0.0665200324593274,0.9981,-2.573,7.796,7.87447,1.623,1.2594,1.618,0.317190388170055,2
3307,AUGW,20110601,27066,2.25,0.0851583877604011,0.9985,-2.416,7.706,5.0067,1.626,1.2318,1.596,0.317158671586716,2
3308,AUGW,20110601,27066,3.25,0.105409546075227,0.9976,-2.415,8.882,4.8334,1.619,1.2465,1.615,0.323594811612106,2
3310,AUGW,20110607,27089,2.25,0.0840567529044145,0.9976,-2.414,8.001,4.88997,1.624,1.2269,1.597,0.318534482758621,2
3311,AUGW,20110607,27089,3.25,0.0900424241160774,0.9967,-2.413,8.432,4.7968,1.616,1.2384,1.614,0.325618811881188,2
3312,AUGW,20110609,27112,2.25,0.091653452328778,0.9979,-2.426,7.927,5.0198,1.624,1.2322,1.591,0.319027093596059,2
3315,AUGW,20110609,27113,2.25,0.0857586859133897,0.9976,-2.427,7.855,5.0225,1.624,1.2307,1.592,0.31865763546798,2
3316,AUGW,20110609,27113,3.25,0.0959166526986256,0.9971,-2.426,8.271,4.7728,1.617,1.2427,1.614,0.325293753865182,2
3318,AUGW,20110610,27138,2.5,0.0613438596803527,0.7978,-2.474,7.971,6.74118,1.619,1.2506,1.679,0.308276714021001,2
3319,AUGW,20110610,27138,2.75,0.0613138247432319,0.8034,-2.473,8.262,7.4873,1.633,1.2559,1.699,0.3053276178812,2
3320,AUGW,20110610,27138,5.05,0.0303290311726392,0.797,-2.472,9.349,12.4821,1.62,1.2408,1.708,0.307901234567901,2
3321,AUGW,20110614,27152,2.25,0.0969826126935696,0.9987,-2.505,8.212,4.7851,1.622,1.2293,1.585,0.321085080147965,2
3323,AUGW,20110614,27152,5.45,0.0665206003827944,0.9966,-2.504,8.236,4.9635,1.618,1.232,1.631,0.325092707045735,2
3324,AUGW,20110705,27199,2.25,0.10601287820276,0.9963,-2.487,8.242,2.9779,1.615,1.2144,1.577,0.326130030959752,2
3325,AUGW,20110705,27201,4.75,0.0741482642963997,0.7997,-2.482,6.579,5.27423,1.627,1.2394,1.581,0.311432083589428,2
3326,AUGW,20110705,27202,4.25,0.068662319981442,0.7996,-2.544,6.144,5.25918,1.627,1.2407,1.581,0.311063306699447,2
3327,AUGW,20110707,27217,2.65,0.0511484734477117,0.799,-2.482,5.48,5.93527,1.613,1.2318,1.579,0.306695598264104,2
3328,AUGW,20110707,27219,2.25,0.0687230716715025,0.7988,-2.48,6.633,4.80442,1.606,1.2233,1.567,0.312640099626401,2
3329,AUGW,20110707,27220,1.9,0.0622463549405646,0.9989,-2.523,5.632,8.6144,1.638,1.2605,1.682,0.298473748473748,2
3330,AUGW,20110707,27220,3.85,0.0711742242370781,0.9987,-2.522,6.582,8.9557,1.631,1.265,1.655,0.303985285101165,2
3331,AUGW,20110707,27222,3.85,0.0722974841028477,0.9994,-2.524,6.2,8.6808,1.627,1.2713,1.637,0.307744314689613,2
3332,AUGW,20110707,27225,2.25,0.0618567247981044,0.9987,-2.526,5.492,9.197949,1.643,1.2632,1.703,0.294461351186853,2
3333,AUGW,20110707,27225,3.55,0.0730084397118757,0.9987,-2.526,5.923,8.31308,1.639,1.2637,1.687,0.297742525930445,2
3334,AUGW,20110707,27226,2.25,0.0549589844535261,0.9984,-2.523,5.196,9.849436,1.646,1.2619,1.713,0.292223572296476,2
3335,AUGW,20110707,27226,3.65,0.0707299293613687,0.9984,-2.522,5.756,8.433912,1.641,1.2637,1.694,0.296160877513711,2
3336,AUGW,20110708,27238,2.25,0.0699389537047869,0.7983,-2.478,7.307,4.70135,1.604,1.2172,1.564,0.314463840399002,2
3337,AUGW,20110708,27240,3.75,0.0397347760820261,0.7997,-2.478,3.964,7.06799,1.631,1.2486,1.637,0.292458614347026,2
3338,AUGW,20110708,27240,4.55,0.0480063093914843,0.7997,-2.478,4.038,6.22564,1.63,1.2495,1.634,0.293251533742331,2
3339,AUGW,20110708,27242,3.1,0.0388624260680745,0.7998,-2.474,3.9,7.629992,1.633,1.2527,1.643,0.290753214941825,2
3340,AUGW,20110708,27242,4.5,0.0495899722764439,0.7996,-2.474,4.122,6.26543,1.631,1.2491,1.637,0.292458614347026,2
3341,AUGW,20120316,27562,2.25,0.0877818377860309,0.9977,-2.457,7.826,5.0082,1.624,1.2295,1.59,0.319458128078818,2
3342,AUGW,20120316,27562,3.25,0.0938174157324493,0.9967,-2.456,8.486,5.319604,1.618,1.2443,1.616,0.325092707045735,2
3343,AUGW,20120316,27562,5.45,0.0864159587406385,0.9967,-2.456,8.364,5.46785,1.619,1.2389,1.629,0.324830142063002,2
3344,AUGW,20120320,27581,2.25,0.0984043098274019,0.9976,-2.459,7.874,4.78163,1.624,1.2312,1.591,0.319704433497537,2
3346,AUGW,20120404,27663,2.25,0.0848805172516198,0.9973,-2.445,7.926,5.000429,1.624,1.2284,1.591,0.319396551724138,2
3347,AUGW,20120404,27663,3.25,0.100118591710217,0.9964,-2.443,8.401,4.7263,1.618,1.2436,1.615,0.325525339925834,2
3349,AUGW,20120404,27666,3.35,0.0809230002320345,0.9946,-2.443,10.1,7.84366,1.636,1.3565,1.537,0.314914425427873,2
3350,AUGW,20120404,27667,4.2,0.0770137331736686,0.9932,-2.441,9.808,9.62851,1.644,1.3702,1.52,0.315389294403893,2
3351,AUGW,20120404,27668,2.8,0.0669060834692521,0.9928,-2.443,8.772,11.01148,1.646,1.374,1.529,0.313547995139733,2
3352,AUGW,20120404,27668,3.8,0.0677927146641612,0.9904,-2.441,8.676,12.85706,1.646,1.3932,1.517,0.31415552855407,2
3353,AUGW,20120405,27679,2.25,0.0910727674278356,0.998,-2.466,7.817,4.90824,1.624,1.2298,1.59,0.319704433497537,2
3354,AUGW,20120405,27679,3.25,0.0960357842631742,0.9965,-2.465,8.402,4.8485,1.616,1.2423,1.615,0.326485148514851,2
3356,AUGW,20120411,27700,2.25,0.0918307535464048,0.9977,-2.475,7.877,4.93387,1.623,1.2308,1.591,0.31996303142329,2
3357,AUGW,20120411,27700,3.25,0.0935418210473955,0.9965,-2.473,8.259,4.786597,1.614,1.2399,1.612,0.328128872366791,2
3359,AUGW,20120412,27728,2.25,0.0911840061569995,0.9974,-2.453,8.021,5.01543,1.624,1.2303,1.59,0.319704433497537,2
3360,AUGW,20120412,27728,3.25,0.0957359202853611,0.9963,-2.452,8.298,4.80514,1.616,1.2406,1.614,0.32710396039604,2
3362,AUGW,20120420,27777,2.25,0.0848775152127549,0.9977,-2.484,7.891,4.91857,1.624,1.2268,1.59,0.319766009852217,2
3363,AUGW,20120420,27777,3.25,0.094324170703267,0.9964,-2.483,8.597,4.78538,1.615,1.2399,1.61,0.327430340557276,2
3365,AUGW,20120424,27798,3.25,0.0793665553452409,0.9988,-2.479,7.882,6.34499,1.652,1.2497,1.575,0.307445520581114,2
3366,AUGW,20120427,27843,2.25,0.0941352425401369,0.998,-2.475,7.937,5.35231,1.625,1.2349,1.59,0.318953846153846,2
3367,AUGW,20120427,27843,3.25,0.0961482444884253,0.9968,-2.474,8.676,5.345251,1.618,1.2437,1.618,0.325587144622991,2
3369,AUGW,20120508,27910,2.25,0.0894006715369113,0.9983,-2.471,7.786,6.03392,1.631,1.2432,1.602,0.314101778050276,2
3370,AUGW,20120508,27910,3.25,0.0973507742918463,0.9974,-2.471,8.469,5.840046,1.622,1.252,1.624,0.322009864364981,2
3372,AUGW,20120508,27917,2.35,0.13774493841075,1.185,-2.033,12.02,5.12833,1.627,1.3218,1.52,0.315918869084204,2
3373,AUGW,20120508,27917,3.2,0.146966989783545,1.184,-2.032,13.58,5.27776,1.625,1.326,1.503,0.317846153846154,2
3374,AUGW,20120511,27962,2.25,0.0852615246305402,0.9979,-2.467,8.108,5.997676,1.627,1.2375,1.594,0.317086662569146,2
3375,AUGW,20120511,27962,3.25,0.104291980825536,0.9972,-2.466,9.153,5.72428,1.622,1.2507,1.623,0.322626387176325,2
3376,AUGW,20120511,27962,5.45,0.104903563714903,0.9967,-2.466,8.869,4.63,1.619,1.239,1.63,0.325138974675726,2
3377,AUGW,20120511,27970,3.75,0.0897074351368348,0.9973,-2.479,7.617,5.831083,1.633,1.253,1.602,0.317513778322107,2
3378,AUGW,20120515,27980,2.25,0.0907447498918361,0.9992,-2.465,8.118,6.0094,1.628,1.2384,1.592,0.317137592137592,2
3379,AUGW,20120515,27980,3.25,0.0924984797673593,0.9976,-2.464,8.715,6.64372,1.622,1.2532,1.625,0.322256473489519,2
3380,AUGW,20120515,27980,5.45,0.103979752758735,0.9967,-2.465,8.69,4.64162,1.62,1.2378,1.636,0.32462962962963,2
3381,AUGW,20120516,28003,2.25,0.0922541964598446,0.9981,-2.491,8.237,6.426667,1.628,1.2432,1.594,0.316461916461916,2
3382,AUGW,20120516,28003,3.25,0.0867651079089706,0.9974,-2.49,8.727,6.9515444,1.622,1.2505,1.627,0.32268803945746,2
3383,AUGW,20120524,28028,2.25,0.0902495938381684,0.9981,-2.473,8.164,5.74894,1.623,1.2351,1.581,0.320209488601356,2
3384,AUGW,20120524,28028,3.25,0.0998573988493822,0.9966,-2.472,8.593,5.3015,1.618,1.2434,1.619,0.325216316440049,2
3386,AUGW,20120525,28047,2.25,0.0922852522883728,0.9983,-2.469,8.134,5.2876,1.624,1.2311,1.589,0.319581280788177,2
3387,AUGW,20120525,28047,3.25,0.106100625051402,0.9964,-2.468,8.951,4.8636,1.619,1.243,1.622,0.324521309450278,2
3389,AUGW,20120530,28064,2.25,0.102354354581022,0.998,-2.452,7.824,4.76946,1.628,1.2358,1.602,0.316216216216216,2
3390,AUGW,20120530,28064,3.25,0.0981581048482995,0.9966,-2.451,8.209,4.70928,1.619,1.2424,1.621,0.324459542927733,2
3392,AUGW,20120530,28067,2.4,0.111891494828269,1,-2.45,6.174,5.88101,1.637,1.2659,1.579,0.305925473427001,2
3393,AUGW,20120530,28067,3.25,0.0987549132636206,0.9997,-2.45,6.133,5.93292,1.637,1.2591,1.587,0.306597434331093,2
3394,AUGW,20120530,28067,5.25,0.0920584057403437,0.9996,-2.45,6.305,6.02612,1.637,1.2558,1.587,0.306536346976176,2
3395,AUGW,20120530,28072,2.75,0.062881616212407,0.7988,-2.499,4.32,5.632131,1.613,1.258,1.573,0.307253564786113,2
3396,AUGW,20120530,28073,2.75,0.0620581926891579,0.799,-2.498,4.139,5.586853,1.614,1.2582,1.575,0.306567534076828,2
3397,AUGW,20120531,28092,2.25,0.0901102922403962,0.9986,-2.441,8.086,5.8753,1.627,1.2429,1.597,0.31720958819914,2
3398,AUGW,20120531,28092,3.25,0.100561395247145,0.9974,-2.439,8.835,5.9459,1.622,1.2563,1.632,0.321701602959309,2
3400,AUGW,20120605,28115,2.25,0.0805691405691406,0.9983,-2.496,7.973,6.2937,1.626,1.2419,1.595,0.317835178351784,2
3401,AUGW,20120605,28115,3.25,0.0861236929351238,0.9973,-2.494,9.153,7.24811,1.622,1.2578,1.628,0.321948212083847,2
3403,AUGW,20120605,28131,2.55,0.109213029858694,1.181,-2.048,11.54,6.55387,1.626,1.3483,1.562,0.321648216482165,2
3404,AUGW,20120605,28134,2.75,0.115606490927932,1.18,-1.997,11.1,6.55253,1.626,1.3465,1.544,0.321463714637146,2
3405,AUGW,20120606,28137,2.9,0.0519012200191927,0.5999,-1.598,7.773,6.39826,1.629,1.2747,1.72,0.301903007980356,2
3406,AUGW,20120606,28137,4.1,0.0508210017729511,0.5996,-1.596,8.056,6.30023,1.627,1.2638,1.739,0.303687768899816,2
3407,AUGW,20120606,28153,2.135,0.103996128506419,1.083,-1.745,10.06,5.8892,1.629,1.3371,1.564,0.321792510742787,2
3408,AUGW,20120606,28154,3.1,0.0954288447622435,1.083,-1.741,10.65,6.52264,1.63,1.3397,1.57,0.321779141104294,2
3409,AUGW,20120606,28155,2.925,0.0938706953659953,1.084,-1.741,10.43,6.59667,1.629,1.3383,1.565,0.322651933701657,2
3410,AUGW,20120612,28166,2.25,0.0957389441961262,0.9987,-2.467,8.035,5.9064,1.63,1.2425,1.587,0.314601226993865,2
3411,AUGW,20120612,28166,3.25,0.095019023326731,0.9972,-2.466,8.73,6.31593,1.625,1.2519,1.618,0.319507692307692,2
3413,AUGW,20120619,28196,2.25,0.0953343774644974,0.9982,-2.475,7.755,5.41439,1.629,1.2362,1.588,0.315837937384899,2
3414,AUGW,20120619,28196,3.25,0.0987346380444832,0.9974,-2.473,8.121,5.54861,1.624,1.2483,1.617,0.320751231527094,2
3416,AUGW,20120619,28207,3.75,0.080204418304404,1.097,-2.496,8.984,8.3652,1.649,1.2431,1.607,0.29981807155852,2
3417,AUGW,20120621,28214,2.25,0.0960821271442908,0.9976,-2.459,7.824,5.11183,1.628,1.2372,1.585,0.315663390663391,2
3418,AUGW,20120621,28214,3.25,0.112245739508672,0.997,-2.459,8.027,4.51063,1.623,1.2478,1.616,0.32064078866297,2
3420,AUGW,20120622,28236,2.25,0.0883775965252565,0.9988,-2.463,8.009,6.0321,1.629,1.2398,1.586,0.315346838551258,2
3421,AUGW,20120622,28236,3.25,0.0954357353043106,0.9975,-2.461,8.526,6.34812,1.625,1.2552,1.618,0.319076923076923,2
3423,AUGW,20120626,28262,2.25,0.0864743248636424,0.999,-2.468,8.029,6.0136,1.628,1.2393,1.584,0.316154791154791,2
3424,AUGW,20120626,28262,3.25,0.0893522273378663,0.997,-2.466,8.756,6.5594,1.625,1.2532,1.616,0.319630769230769,2
3426,AUGW,20120628,28280,2.25,0.0877706941502363,0.9976,-2.465,7.783,4.9096,1.624,1.2332,1.593,0.319642857142857,2
3427,AUGW,20120628,28280,3.25,0.10335781807298,0.9965,-2.464,8.802,4.81116,1.619,1.2483,1.621,0.324583075972823,2
3429,AUGW,20120703,28309,2.25,0.0935409426768784,0.9987,-2.473,8.019,5.9278,1.629,1.2401,1.588,0.315224063842848,2
3430,AUGW,20120703,28309,3.25,0.0940354843900869,0.9974,-2.471,8.496,6.214,1.625,1.2516,1.62,0.319507692307692,2
3431,AUGW,20120705,28330,2.05,0.0760834533225507,0.9976,-2.661,8.271,5.0699,1.613,1.2365,1.657,0.313453192808432,2
3432,AUGW,20120705,28330,2.45,0.0731429879055251,0.9976,-2.659,9.18,6.6642,1.612,1.2476,1.65,0.313895781637717,2
3433,AUGW,20120705,28330,2.85,0.0630075895702702,0.997,-2.659,9.661,6.7461,1.608,1.2388,1.642,0.317786069651741,2
3434,AUGW,20120705,28332,2.25,0.093920650144724,0.9989,-2.466,8.027,5.8387,1.63,1.2406,1.588,0.31478527607362,2
3435,AUGW,20120705,28332,3.25,0.0960608803728971,0.9973,-2.465,8.568,6.21941,1.625,1.2534,1.62,0.3192,2
3436,AUGW,20120710,28354,3.8,0.068696195330117,0.9898,-2.469,9.118,10.14201,1.64,1.3745,1.554,0.31219512195122,2
3437,AUGW,20120710,28355,4.25,0.0635269626302484,0.989,-2.469,8.926,11.76406,1.64,1.3824,1.552,0.312073170731707,2
3438,AUGW,20120710,28356,2.825,0.110099607708153,1.079,-1.772,10.41,5.63611,1.629,1.3359,1.572,0.320810313075506,2
3439,AUGW,20120710,28357,4.45,0.143700406262267,1.085,-1.791,11.55,4.15249,1.627,1.3488,1.569,0.323294406883835,2
3440,AUGW,20120710,28358,3.7,0.0975628729347537,1.085,-1.789,9.858,6.04831,1.626,1.3424,1.554,0.324292742927429,2
3441,AUGW,20120710,28359,4.1,0.111059788003876,1.181,-1.983,10.51,6.74918,1.621,1.3537,1.549,0.325293028994448,2
3442,AUGW,20120710,28359,4.25,0.111277100371747,1.181,-1.983,10.45,6.725,1.621,1.3533,1.55,0.324984577421345,2
3443,AUGW,20120710,28361,3.55,0.128605230861798,1.179,-1.983,11.51,6.28233,1.622,1.3569,1.541,0.326387176325524,2
3444,AUGW,20120712,28366,2.25,0.0912990935994635,0.9971,-2.465,7.855,5.38283,1.623,1.2432,1.599,0.319778188539741,2
3445,AUGW,20120712,28366,3.25,0.0972036484059476,0.9971,-2.463,8.078,5.52899,1.626,1.2434,1.623,0.317958179581796,2
3447,AUGW,20120713,28389,2.25,0.080988630367811,0.9979,-2.47,7.874,5.8753,1.628,1.2351,1.583,0.316031941031941,2
3448,AUGW,20120713,28389,3.25,0.0933729430204498,0.9972,-2.469,8.311,5.95898,1.623,1.2516,1.612,0.320517560073937,2
3450,AUGW,20121005,28564,4.1,0.0748920855821057,0.9979,-2.411,6.899,7.878002,1.657,1.2617,1.591,0.295715147857574,2
3451,AUGW,20121005,28565,4.1,0.0701031355203772,0.9978,-2.413,6.808,8.635919,1.658,1.2659,1.59,0.294692400482509,2
3452,AUGW,20121005,28566,4.1,0.0674553132347423,0.9977,-2.411,6.713,9.00826,1.659,1.2684,1.588,0.293972272453285,2
3453,AUGW,20121005,28567,4.1,0.0662849908071268,0.9981,-2.411,6.872,9.37139,1.658,1.2684,1.588,0.29475271411339,2
3454,AUGW,20121005,28571,4.1,0.065288889799784,0.9978,-2.412,6.586,9.27049,1.659,1.2702,1.592,0.293550331525015,2
3455,AUGW,20121005,28574,3.25,0.0758185637932229,0.9976,-2.457,8.645,7.50644,1.621,1.2549,1.629,0.322578655151141,2
3456,AUGW,20121005,28574,4.6,0.0580973419368174,0.9981,-2.456,8.725,11.920597,1.628,1.2668,1.653,0.316523341523342,2
3457,AUGW,20121023,28724,2.4,0.0657635850473264,0.7992,-2.156,7.497,6.63266,1.642,1.2629,1.664,0.307125456760049,2
3458,AUGW,20121023,28724,3.7,0.0641898822153435,0.7992,-2.155,7.977,6.53226,1.647,1.2609,1.661,0.30856102003643,2
3459,AUGW,20121023,28725,2.2,0.0643696546034588,0.7996,-2.161,7.527,6.83649,1.641,1.2644,1.661,0.306946983546618,2
3460,AUGW,20121023,28725,2.5,0.0662480675339595,0.7988,-2.161,7.655,6.54604,1.645,1.2624,1.663,0.307355623100304,2
3461,AUGW,20121023,28725,4.1,0.0603104542599705,0.7992,-2.159,8.022,6.62352,1.645,1.2587,1.656,0.310151975683891,2
3462,AUGW,20121023,28725,6.1,0.0526877099437089,0.7989,-2.158,8.073,6.96913,1.642,1.2574,1.65,0.312362971985384,2
3463,AUGW,20121023,28726,1.8,0.0632528094651854,0.7997,-2.162,7.365,6.83938,1.627,1.257,1.656,0.302950215119852,2
3464,AUGW,20121023,28726,2.2,0.0591623172436224,0.7992,-2.163,7.668,7.13313,1.64,1.2596,1.658,0.308109756097561,2
3465,AUGW,20121023,28726,2.5,0.0607733776931252,0.7984,-2.162,7.871,6.84103,1.643,1.2577,1.66,0.308581862446744,2
3466,AUGW,20121023,28726,4.1,0.0506476607788849,0.7985,-2.161,8.097,6.97433,1.64,1.2501,1.637,0.314451219512195,2
3467,AUGW,20121023,28726,6.1,0.0436994789506689,0.7981,-2.161,7.961,6.96863,1.634,1.2472,1.618,0.319583843329253,2
3468,AUGW,20121023,28727,1.9,0.0619407887533668,0.7992,-2.154,7.553,6.85005,1.628,1.2553,1.651,0.306511056511057,2
3469,AUGW,20121023,28727,2.8,0.0488122828178398,0.7986,-2.154,8.159,6.9642,1.642,1.2456,1.636,0.314494518879415,2
3470,AUGW,20121023,28727,3.55,0.0441778219066531,0.798,-2.155,8.019,6.9997,1.634,1.2436,1.615,0.318727050183599,2
3471,AUGW,20121023,28727,4.6,0.0388705761065668,0.7978,-2.154,8.663,7.3719,1.626,1.2402,1.589,0.325092250922509,2
3472,AUGW,20121023,28728,2,0.0608463308767411,0.7991,-2.163,7.555,6.78718,1.634,1.2556,1.654,0.307588739290086,2
3473,AUGW,20121023,28728,3.3,0.0478905184689196,0.7981,-2.161,8.112,6.95953,1.637,1.2459,1.627,0.316127061698228,2
3474,AUGW,20121023,28728,5.4,0.037807520916456,0.7974,-2.161,8.746,7.54908,1.627,1.2418,1.593,0.324708051628765,2
3475,AUGW,20121023,28729,1.95,0.0610466130650344,0.7988,-2.163,7.55,6.8779,1.632,1.2558,1.655,0.306678921568627,2
3476,AUGW,20121023,28729,2.35,0.0553734255057466,0.7985,-2.163,7.918,7.0737,1.637,1.253,1.654,0.310201588271228,2
3477,AUGW,20121023,28729,2.65,0.0506839094226894,0.7978,-2.162,8.037,7.0967,1.645,1.2492,1.649,0.311793313069909,2
3478,AUGW,20121023,28729,3.15,0.0495340815411538,0.7982,-2.162,8.176,6.9143,1.638,1.2465,1.631,0.315384615384615,2
3479,AUGW,20121030,28771,2.8,0.0634166795315705,1.111,-2.848,8.846,9.0686,1.649,1.3358,1.625,0.299636143117041,2
3480,AUGW,20121030,28772,2.5,0.0620752410129571,1.109,-2.848,8.899,10.6737,1.65,1.3467,1.619,0.299393939393939,2
3481,AUGW,20121030,28778,2.05,0.0586372328647633,0.9985,-2.437,6.522,11.9228,1.638,1.2808,1.642,0.304151404151404,2
3482,AUGW,20121030,28778,3.55,0.060273003914419,0.9977,-2.436,7.079,10.44344,1.636,1.2684,1.656,0.306784841075795,2
3483,AUGW,20121030,28779,1.95,0.0629227969573048,0.9998,-2.437,6.448,11.78166,1.642,1.2844,1.646,0.300304506699147,2
3484,AUGW,20121030,28779,3.3,0.059781678232967,0.9978,-2.438,6.496,9.795267,1.635,1.2668,1.656,0.306850152905199,2
3485,AUGW,20121030,28781,2.15,0.0606103619588361,0.9982,-2.44,6.137,11.8356,1.639,1.2903,1.651,0.303294691885296,2
3486,AUGW,20121030,28781,3.3,0.0594249838238385,0.9979,-2.439,6.518,9.70564,1.634,1.2651,1.654,0.308017135862913,2
3487,AUGW,20121122,28886,2,0.0522679964483244,0.8002,-2.484,6.52,6.83621,1.635,1.2601,1.584,0.304525993883792,2
3488,AUGW,20121122,28886,3,0.0495070359415614,0.8007,-2.484,6.631,6.6942,1.634,1.2571,1.561,0.305875152998776,2
3489,AUGW,20121122,28886,4,0.0572382690961048,0.8008,-2.483,6.728,6.8677828,1.629,1.2685,1.553,0.309944751381215,2
3490,AUGW,20121122,28886,5,0.0553606324391544,0.8003,-2.482,6.828,6.97996,1.626,1.2636,1.557,0.311992619926199,2
3491,AUGW,20121122,28887,2.55,0.0629709443809189,0.8012,-2.486,6.73,6.8214,1.637,1.2615,1.582,0.305070250458155,2
3492,AUGW,20121122,28888,2.1,0.0535927146392695,0.8006,-2.488,6.666,7.26498,1.634,1.2639,1.581,0.304161566707466,2
3493,AUGW,20121122,28888,2.9,0.0502589327249893,0.8005,-2.488,6.715,7.15823,1.635,1.2611,1.569,0.304403669724771,2
3494,AUGW,20121122,28888,4.1,0.062669461180901,0.8009,-2.486,6.932,6.85629,1.631,1.2695,1.564,0.307847946045371,2
3495,AUGW,20121122,28888,7.1,0.0626425415344934,0.8003,-2.486,6.705,6.93219,1.633,1.2644,1.587,0.306674831598285,2
3496,AUGW,20121122,28889,2.1,0.0571022242291744,0.7993,-2.486,6.675,7.26364,1.636,1.2612,1.588,0.302933985330073,2
3497,AUGW,20121122,28889,2.9,0.0570775134865219,0.7993,-2.486,6.75,7.12934,1.64,1.2572,1.59,0.300853658536585,2
3498,AUGW,20121122,28889,4.1,0.0727908827929708,0.7999,-2.485,6.776,6.839112,1.637,1.2662,1.586,0.303420891875382,2
3499,AUGW,20121122,28889,6.1,0.0684474153070654,0.7993,-2.484,7.59,7.06641,1.632,1.2494,1.591,0.307843137254902,2
3500,AUGW,20121122,28889,6.75,0.0637643945393885,0.7982,-2.484,8.012,7.24754,1.637,1.2403,1.592,0.303420891875382,2
3501,AUGW,20121122,28890,2.1,0.0603319583982761,0.8003,-2.487,6.699,7.29489,1.636,1.2649,1.585,0.303117359413203,2
3502,AUGW,20121122,28890,2.9,0.0583695640217577,0.7998,-2.488,6.796,7.27284,1.64,1.2591,1.592,0.300670731707317,2
3503,AUGW,20121122,28890,4.1,0.0705484767888122,0.8,-2.487,6.658,6.79026,1.635,1.2638,1.583,0.304709480122324,2
3504,AUGW,20121122,28890,6.1,0.0681017911106799,0.8002,-2.486,7.416,7.11123,1.632,1.2524,1.581,0.307230392156863,2
3505,AUGW,20121122,28890,6.65,0.06441720539788,0.7979,-2.487,7.766,7.2547,1.633,1.2499,1.584,0.308756889161053,2
3506,AUGW,20121123,28896,2.5,0.0622128691144643,0.7973,-2.494,6.427,5.30899,1.645,1.2694,1.603,0.300425531914894,2
3507,AUGW,20121123,28896,4.75,0.0462625316427464,0.7981,-2.492,6.495,8.07057,1.647,1.2848,1.612,0.298421372191864,2
3508,AUGW,20121123,28896,6.25,0.0610223599939192,0.797,-2.494,6.424,5.295395,1.642,1.2685,1.598,0.302740560292326,2
3509,AUGW,20121123,28897,2.25,0.0846502219610191,0.999,-2.495,7.859,5.41086,1.636,1.2434,1.585,0.306723716381418,2
3510,AUGW,20121123,28897,4.7,0.0624188314782549,0.9994,-2.494,7.741,8.132001,1.636,1.2552,1.57,0.306784841075795,2
3511,AUGW,20121123,28904,3.1,0.0555932303531219,0.7999,-2.494,6.829,7.61635,1.631,1.2524,1.568,0.308399754751686,2
3512,AUGW,20121123,28904,3.95,0.0575025006634413,0.7993,-2.494,7.813,7.83792,1.627,1.2477,1.569,0.311124769514444,2
3513,AUGW,20121123,28904,4.95,0.0507042361032481,0.799,-2.494,7.329,7.86029,1.62,1.2398,1.545,0.317407407407407,2
3514,AUGW,20121123,28904,5.55,0.055824482693127,0.8,-2.492,8.284,9.74035,1.628,1.2612,1.567,0.310135135135135,2
3515,AUGW,20121123,28904,6.95,0.050899356936491,0.8009,-2.493,8.093,9.6569,1.632,1.2499,1.587,0.30968137254902,2
3516,AUGW,20121211,29044,3,0.059027787608114,0.8006,-2.469,5.382,7.0643,1.625,1.2359,1.581,0.303076923076923,2
3517,AUGW,20121211,29044,6.65,0.082913511630406,0.8,-2.469,5.499,5.229998,1.627,1.2266,1.606,0.301966810079902,2
3518,AUGW,20121211,29045,3,0.0564782312212212,0.8005,-2.47,5.254,7.34699,1.626,1.2389,1.584,0.30239852398524,2
3519,AUGW,20121214,29090,3,0.0540834773423999,0.8003,-2.48,5.238,6.40006,1.616,1.2451,1.573,0.30414603960396,2
3520,AUGW,20121214,29090,6.3,0.0712256174450196,0.7996,-2.48,5.912,4.46477,1.61,1.2274,1.563,0.309130434782609,2
3521,AUGW,20121214,29091,3,0.0541303960125086,0.7997,-2.48,4.947,6.50434,1.617,1.2498,1.575,0.302906617192331,2
3522,AUGW,20121214,29091,6.3,0.0739835300916371,0.7995,-2.48,5.527,4.36068,1.609,1.2294,1.558,0.309819763828465,2
3523,AUGW,20130108,29163,2.5,0.0731413288127917,0.7997,-2.477,5.84,4.492672,1.619,1.222,1.563,0.307473749227918,2
3524,AUGW,20130108,29167,2.1,0.072072876663397,0.8001,-2.477,5.758,4.4788,1.622,1.223,1.571,0.305240443896424,2
3525,AUGW,20130108,29169,2.1,0.072299833890747,0.7999,-2.475,5.728,4.49102,1.622,1.2227,1.57,0.305302096177559,2
3526,AUGW,20130108,29170,2.1,0.0724067475309327,0.8,-2.477,5.777,4.47334,1.622,1.2221,1.57,0.30517879161529,2
3527,AUGW,20130108,29171,2.1,0.0723609881048352,0.8003,-2.471,5.514,4.50519,1.647,1.2299,1.566,0.301153612629022,2
3528,AUGW,20130108,29172,4.1,0.055793762951603,0.7996,-2.486,7.12,7.88995,1.625,1.258,1.562,0.313538461538461,2
3529,AUGW,20130108,29174,3.65,0.0637919380989306,0.7998,-2.487,7.943,7.23477,1.63,1.2574,1.545,0.315521472392638,2
3530,AUGW,20130108,29175,2.1,0.0585387251934624,0.8011,-2.488,6.806,7.33476,1.656,1.2608,1.625,0.297101449275362,2
3531,AUGW,20130108,29175,2.9,0.0561630211939772,0.8004,-2.487,6.89,7.3653,1.656,1.2519,1.616,0.293538647342995,2
3532,AUGW,20130108,29175,4.1,0.0615657516392622,0.7995,-2.486,7.987,7.780787,1.636,1.2522,1.579,0.310146699266504,2
3533,AUGW,20130108,29175,5.85,0.064186116694706,0.7997,-2.486,8.139,7.32304,1.638,1.2475,1.566,0.308547008547009,2
3534,AUGW,20130108,29175,7.1,0.0669396495693164,0.7996,-2.486,6.939,7.30815,1.651,1.2596,1.629,0.298122350090854,2
3535,AUGW,20130110,29182,2.4,0.0657958370410493,0.9349,-2.189,7.409,10.3388,1.651,1.3825,1.583,0.30175651120533,2
3536,AUGW,20130110,29184,2.2,0.0805634820409452,0.9343,-2.191,8.626,8.2354,1.647,1.3664,1.565,0.305707346690953,2
3537,AUGW,20130110,29185,2.2,0.0682322280763112,0.936,-2.191,7.996,8.8637,1.649,1.3617,1.578,0.304426925409339,2
3538,AUGW,20130110,29191,2.8,0.0602175959463334,0.9357,-2.196,8.147,10.60176,1.629,1.369,1.57,0.306936771025169,2
3539,AUGW,20130110,29191,3.4,0.0529526874361969,0.9364,-2.195,7.708,10.60881,1.63,1.3608,1.583,0.306134969325153,2
3540,AUGW,20130110,29192,3.45,0.0634128503930946,0.9354,-2.194,7.99,10.3919,1.631,1.373,1.577,0.306008583690987,2
3541,AUGW,20130111,29197,2.6,0.0818319595627584,0.9359,-2.196,6.878,8.28741,1.635,1.3745,1.604,0.301651376146789,2
3542,AUGW,20130111,29200,2.6,0.0829353991645719,1.106,-2.649,8.051,10.7011,1.628,1.3581,1.589,0.306572481572482,2
3544,AUGW,20130115,29223,2.95,0.0859374589064514,1.041,-2.413,9.354,7.6046,1.628,1.3399,1.575,0.308968058968059,2
3545,AUGW,20130115,29223,3.9,0.0780728328442046,1.04,-2.411,9.875,9.5067,1.626,1.3617,1.551,0.311316113161132,2
3546,AUGW,20130115,29223,4.3,0.0722866177441422,1.039,-2.41,9.908,10.4519,1.626,1.3653,1.55,0.311070110701107,2
3547,AUGW,20130115,29224,3.35,0.0810777420415063,1.041,-2.409,9.173,8.5192,1.629,1.3449,1.577,0.308348680171885,2
3548,AUGW,20130115,29224,4.15,0.0751359063693851,1.039,-2.407,9.522,10.7059,1.631,1.3554,1.582,0.306621704475782,2
3549,AUGW,20130115,29224,4.775,0.0826933076470638,1.038,-2.406,10.12,11.7313,1.633,1.3731,1.575,0.306123698714023,2
3550,AUGW,20130115,29225,3.4,0.0734944309529572,1.04,-2.407,9.015,10.688633,1.629,1.3624,1.571,0.307857581338244,2
3551,AUGW,20130115,29225,4.15,0.0784869985857547,1.037,-2.406,9.61,12.4448,1.63,1.3849,1.558,0.307914110429448,2
3552,AUGW,20130115,29237,3.4,0.0561028247492164,1.042,-2.407,8.041,10.83105,1.631,1.3454,1.597,0.305947271612508,2
3553,AUGW,20130117,29255,3.25,0.0565307164719757,0.9995,-2.5,8.092,11.39584,1.636,1.268,1.587,0.303667481662592,2
3554,AUGW,20130228,29619,2.9,0.102754955640793,1.154,-2.009,10.96,6.8306,1.628,1.3401,1.562,0.318734643734644,2
3555,AUGW,20130228,29620,2.8,0.0997184058730991,1.146,-2.009,10.4,6.6745,1.626,1.3315,1.566,0.318327183271833,2
3556,AUGW,20130228,29621,3.5,0.106223057969551,1.179,-2.009,11.21,6.23793,1.628,1.3543,1.532,0.324570024570025,2
3557,AUGW,20130228,29621,3.65,0.107877940702546,1.179,-2.009,11.29,6.206,1.628,1.3541,1.53,0.324815724815725,2
3559,AUGW,20130228,29636,4.25,0.105425982528172,1.179,-2.005,11.58,6.770442,1.629,1.3576,1.536,0.323634131368938,2
3560,AUGW,20130228,29636,4.3,0.103484674155193,1.179,-2.005,11.53,6.81398,1.629,1.3566,1.536,0.323695518723143,2
3561,AUGW,20130228,29636,4.5,0.104367087680225,1.179,-2.005,11.62,6.8248,1.628,1.3571,1.536,0.323710073710074,2
3562,AUGW,20130307,29688,2,0.0653963065579777,1.1,-2.505,7.873,8.7344,1.631,1.2297,1.601,0.297792765174739,2
3563,AUGW,20130308,29691,2.3,0.0635491339464571,1.101,-2.508,8.059,10.76781,1.625,1.2397,1.581,0.302338461538462,2
3564,AUGW,20130308,29692,2.3,0.056214195339683,1.101,-2.499,7.55,11.3812,1.628,1.2405,1.589,0.3,2
3565,AUGW,20130319,29761,2.75,0.0425286878094517,0.8006,-2.474,4.327,7.186502,1.623,1.2606,1.616,0.298459642637092,2
3566,AUGW,20130319,29761,3.9,0.0363330394648136,0.8002,-2.473,4.68,9.6415,1.627,1.2776,1.627,0.294529809465274,2
3567,AUGW,20130319,29762,2.75,0.0421269894213899,0.8007,-2.475,4.425,7.37526,1.623,1.2602,1.616,0.298398028342576,2
3568,AUGW,20130319,29763,2.75,0.0446387125118122,0.801,-2.475,4.552,7.23828,1.62,1.2622,1.604,0.300802469135802,2
3569,AUGW,20130319,29763,3.85,0.0401194676227186,0.8014,-2.473,4.811,9.603941,1.624,1.2841,1.611,0.297290640394089,2
3570,AUGW,20130319,29765,2.75,0.0771093091915645,0.7992,-2.129,3.953,3.249251,1.606,1.2357,1.568,0.312266500622665,2
3571,AUGW,20130319,29765,5.4,0.0577666135553928,0.7999,-2.126,4.596,6.1549393,1.611,1.2601,1.571,0.30788330229671,2
3572,AUGW,20130319,29766,3.4,0.0839880532557418,0.7994,-2.127,4.756,3.662253,1.612,1.2436,1.586,0.307133995037221,2
3573,AUGW,20130319,29766,5.25,0.0549626072133581,0.8001,-2.125,4.624,6.68177,1.612,1.2628,1.572,0.307258064516129,2
3574,AUGW,20130319,29772,3.4,0.0818462263286279,0.7993,-2.127,5.149,3.731406,1.613,1.2423,1.589,0.306509609423435,2
3575,AUGW,20130319,29772,5.25,0.0455020356164037,0.8001,-2.126,4.549,6.719095,1.618,1.2522,1.6,0.302595797280593,2
3576,AUGW,20130319,29772,6.6,0.077556677635462,0.7994,-2.126,5.223,3.769785,1.613,1.241,1.59,0.306509609423435,2
3577,AUGW,20130321,29789,4.55,0.0409315173910661,0.8007,-2.461,4.221,7.9885873,1.635,1.2759,1.646,0.288195718654434,2
3578,AUGW,20130321,29792,3.2,0.0390421962323918,0.8013,-2.46,5.147,11.02397,1.642,1.2949,1.669,0.281912302070646,2
3579,AUGW,20130321,29801,4.25,0.0911347809720981,1,-2.503,6.926,8.5012,1.623,1.2961,1.613,0.3090573012939,2
3580,AUGW,20130321,29803,4.45,0.0926547231270358,1.001,-2.505,6.723,8.596,1.625,1.3007,1.611,0.307753846153846,2
3581,AUGW,20130321,29804,2.45,0.0851749047442585,1,-2.509,6.533,8.41944,1.629,1.2879,1.654,0.305402087170043,2
3582,AUGW,20130322,29809,2,0.0563491660991407,0.8003,-2.517,7.203,6.9013,1.635,1.2625,1.648,0.306177370030581,2
3583,AUGW,20130322,29809,4,0.0454567956627407,0.8,-2.515,8.169,6.68625,1.635,1.2495,1.618,0.317737003058104,2
3584,AUGW,20130322,29809,6,0.0385562169469016,0.7994,-2.515,8.782,6.74672,1.624,1.2421,1.587,0.326354679802956,2
3585,AUGW,20130322,29810,2.1,0.0488485274931469,0.7999,-2.519,7.3,6.8217,1.636,1.2533,1.648,0.309596577017115,2
3586,AUGW,20130322,29810,2.55,0.0452643162019745,0.7994,-2.52,7.712,6.75214,1.637,1.2492,1.631,0.314538790470373,2
3587,AUGW,20130322,29810,3.05,0.0451827017129497,0.8001,-2.519,7.991,6.70656,1.634,1.2493,1.614,0.317931456548348,2
3588,AUGW,20130322,29810,4.1,0.04085699212798,0.7994,-2.519,8.111,6.78606,1.629,1.2453,1.598,0.322406384284837,2
3589,AUGW,20130322,29810,5.05,0.0390814970795417,0.7994,-2.518,8.408,6.78147,1.626,1.2423,1.59,0.325215252152522,2
3590,AUGW,20130322,29810,6.3,0.0342313761874847,0.7998,-2.518,9.162,8.61169,1.628,1.2443,1.611,0.323525798525798,2
3591,AUGW,20130322,29810,6.45,0.0339204467597377,0.7997,-2.517,9.219,8.61134,1.628,1.243,1.61,0.323955773955774,2
3592,AUGW,20130322,29812,2.05,0.0575573285464122,0.6,-1.631,6.689,4.32289,1.631,1.2678,1.596,0.318025751072961,2
3593,AUGW,20130322,29812,2.45,0.0479919905911777,0.6002,-1.629,7.528,6.7171,1.63,1.2889,1.587,0.317668711656442,2
3594,AUGW,20130322,29812,3.05,0.0436523409737361,0.5998,-1.628,7.428,6.68333,1.627,1.2787,1.587,0.321450522433927,2
3595,AUGW,20130322,29812,4.35,0.0386083203643727,0.5995,-1.627,7.538,6.65692,1.625,1.2676,1.587,0.323507692307692,2
3596,AUGW,20130322,29816,3.05,0.0469228340322309,0.7999,-2.515,8.466,6.77734,1.633,1.3663,1.514,0.318799755052051,2
3597,AUGW,20130322,29816,5.35,0.047523282799361,0.7999,-2.514,8.995,6.6358,1.633,1.3721,1.51,0.319105939987753,2
3598,AUGW,20130409,29957,2.9,0.100524347097374,1.153,-2.005,11.49,6.459271,1.625,1.3344,1.547,0.321292307692308,2
3599,AUGW,20130409,29958,4.2,0.0950117702765769,1.179,-2.004,12.64,6.597551,1.625,1.3493,1.521,0.326646153846154,2
3600,AUGW,20130409,29958,4.25,0.0942135793077216,1.179,-2.004,12.65,6.62508,1.625,1.349,1.521,0.326584615384615,2
3603,AUGW,20130411,29979,1.8,0.110749784423833,1.044,-1.796,8.507,4.7547,1.627,1.2716,1.64,0.303933620159803,2
3604,AUGW,20130411,29979,3.02,0.121457886241952,1.127,-1.796,11.02,4.99991,1.632,1.3455,1.558,0.32015931372549,2
3605,AUGW,20130411,29979,3.55,0.10810312759379,1.133,-1.795,11.43,4.95173,1.63,1.3479,1.534,0.323865030674847,2
3606,AUGW,20130411,29979,4.35,0.0968310541468276,1.132,-1.795,12.9,5.05736,1.627,1.3459,1.518,0.326121696373694,2
3608,AUGW,20140320,30405,5.5,0.0617864746240068,1.01,-2.482,8.35,10.21162,1.627,1.2569,1.529,0.319483712354026,2
3609,AUGW,20140320,30406,5.25,0.0570542982486519,1.009,-2.48,7.835,10.68377,1.636,1.2592,1.536,0.316320293398533,2
3610,AUGW,20140320,30407,2.9,0.0766080535760282,1.002,-2.492,7.793,5.8235,1.636,1.2402,1.526,0.317114914425428,2
3611,AUGW,20140320,30407,5.2,0.0532300027957828,1.002,-2.489,7.664,10.87352,1.637,1.258,1.532,0.316493585827734,2
3612,AUGW,20140325,30411,2.9,0.0682053036520837,1.001,-2.49,7.792,5.86049,1.635,1.2378,1.53,0.316391437308868,2
3613,AUGW,20140325,30411,4.6,0.0510575081690106,1.001,-2.488,7.91,9.964793,1.64,1.2577,1.535,0.313841463414634,2
3614,AUGW,20140325,30411,5.6,0.0543985413745768,1.002,-2.487,7.755,10.91987,1.638,1.2625,1.532,0.315140415140415,2
3615,AUGW,20140325,30412,2.9,0.0759645858557083,1.001,-2.492,7.7,5.6164,1.636,1.2377,1.533,0.315464547677262,2
3616,AUGW,20140325,30412,4.6,0.0507464396059961,1.002,-2.488,7.802,10.73898,1.641,1.2562,1.542,0.313162705667276,2
3617,AUGW,20140325,30412,5.8,0.0565904402793941,1.003,-2.488,7.737,10.8082301,1.638,1.2579,1.539,0.315079365079365,2
3618,AUGW,20140325,30423,2.85,0.0565891918941043,1.003,-2.488,7.891,13.72877,1.64,1.277,1.523,0.314634146341463,3
3619,AUGW,20140325,30423,4.15,0.0556257749849846,1.002,-2.486,7.979,15.01642,1.631,1.2828,1.513,0.319619865113427,3
3620,AUGW,20140327,30430,2.3,0.0446613777924824,1.002,-2.482,7.918,13.9034,1.644,1.2737,1.546,0.306751824817518,2
3621,AUGW,20140327,30430,3.1,0.056975675957085,1.007,-2.481,7.563,14.11813,1.64,1.2833,1.542,0.313048780487805,2
3622,AUGW,20140327,30430,4.9,0.0567703511298563,1.008,-2.48,7.755,13.99824,1.639,1.2799,1.544,0.3137278828554,2
3623,AUGW,20140327,30445,2.2,0.0445472932606834,1.008,-2.485,7.818,13.8931,1.645,1.2725,1.55,0.305045592705167,2
3624,AUGW,20140327,30445,2.85,0.0577570754555007,1.011,-2.482,7.86,14.5609,1.64,1.2879,1.541,0.311646341463415,2
3625,AUGW,20140401,30467,3.7,0.106966085578447,1.188,-1.979,12.55,6.31,1.624,1.3461,1.538,0.325738916256158,2
3626,AUGW,20140401,30470,5.5,0.0825358533810548,1.02,-2.48,8.912,6.02105,1.638,1.2983,1.535,0.31001221001221,2
3627,AUGW,20140401,30472,2.75,0.0725609431773228,1.006,-2.481,7.679,6.01626,1.636,1.2412,1.55,0.314364303178484,2
3628,AUGW,20140401,30472,4.45,0.08147673367877,1.007,-2.48,9.592,6.11979,1.651,1.3096,1.561,0.301332525741975,2
3629,AUGW,20140401,30476,2.75,0.074566210349695,1.01,-2.481,7.683,6.00752,1.635,1.2406,1.548,0.314984709480122,2
3630,AUGW,20140401,30476,5.05,0.0993736760227724,1.012,-2.48,9.868,6.0424,1.648,1.3258,1.577,0.304672330097087,2
3631,AUGW,20140401,30476,5.1,0.0988234655811071,1.012,-2.48,9.908,6.08227,1.646,1.3252,1.578,0.304799513973269,2
3632,AUGW,20140403,30480,2.75,0.0609297232979851,1.007,-2.467,7.703,7.95043,1.637,1.2465,1.548,0.313439218081857,2
3633,AUGW,20140403,30480,5.05,0.0754655047057652,1.012,-2.463,9.658,7.93601,1.644,1.3211,1.561,0.307542579075426,2
3634,AUGW,20140403,30480,5.2,0.0758770537720615,1.011,-2.463,9.662,7.90801,1.643,1.321,1.563,0.307547169811321,2
3635,AUGW,20140403,30481,2.75,0.0666386980273712,1.011,-2.485,7.633,7.44286,1.634,1.2468,1.544,0.315238678090575,2
3636,AUGW,20140403,30481,5.05,0.0930393270638609,1.018,-2.482,9.954,7.31481,1.638,1.3234,1.548,0.312332112332112,2
3637,AUGW,20140404,30507,2.7,0.0606086044071354,0.9966,-2.471,7.985,10.483,1.653,1.2668,1.544,0.301270417422868,2
3638,AUGW,20140404,30507,5.25,0.0855480188848383,0.9926,-2.469,10.58,10.0398,1.655,1.3517,1.59,0.299395770392749,2
3639,AUGW,20140404,30513,2.7,0.0509820281780823,0.9782,-2.475,7.913,10.654735,1.654,1.2631,1.55,0.298730350665054,2
3640,AUGW,20140404,30513,5.125,0.0623138233045501,0.9814,-2.473,9.545,10.21543,1.655,1.3353,1.581,0.299516616314199,2
3641,AUGW,20140701,31137,3.75,0.102945731698907,1.098,-1.781,11.63,5.07497,1.631,1.334,1.597,0.311158798283262,2
3642,AUGW,20140701,31139,4.05,0.103220212933279,1.094,-1.78,11.48,5.14997,1.634,1.3364,1.6,0.309853121175031,2
3643,AUGW,20140701,31140,3.625,0.111830733055829,1.203,-1.977,10.1,6.2942,1.629,1.3351,1.579,0.31767955801105,2
3644,AUGW,20140701,31141,4.6,0.120446485944258,1.195,-1.975,12.55,6.24051,1.629,1.3475,1.598,0.31878453038674,2
3645,AUGW,20140702,31145,4.1,0.13394513837089,1.205,-1.961,13.29,5.05417,1.627,1.3406,1.601,0.320036877688998,2
3646,AUGW,20140702,31145,4.975,0.137515958578623,1.203,-1.961,14.11,4.2297,1.627,1.3339,1.598,0.32059004302397,2
3647,AUGW,20140702,31146,4.25,0.130815093894174,1.199,-1.96,12.93,5.08285,1.628,1.3403,1.598,0.31977886977887,2
3648,AUGW,20141023,31669,4.2,0.119884899043607,1.213,-2.004,13.74,5.81142,1.625,1.3348,1.584,0.320553846153846,2
3649,AUGW,20141023,31671,3.25,0.0935302442643396,1.209,-1.999,10.47,6.127542,1.638,1.2363,1.604,0.307997557997558,2
3650,AUGW,20141023,31673,4.4,0.101218117472664,1.212,-1.995,10.25,6.11189,1.639,1.2418,1.608,0.306833435021355,2
3651,AUGW,20141024,31694,4.65,0.111142994722826,1.213,-1.997,13.42,6.10554,1.624,1.3332,1.581,0.321120689655172,2
3652,AUGW,20141024,31697,4.65,0.114251652443626,1.209,-1.997,13.4,6.02895,1.627,1.3353,1.584,0.320221266133989,2
3653,AUGW,20141024,31698,4.3,0.11548389258372,1.203,-1.997,13.25,5.9693,1.627,1.3354,1.582,0.319852489244007,2
3654,AUGW,20141024,31700,4.6,0.0667156880633507,1.036,-2.499,9.9,8.2209,1.645,1.3179,1.593,0.30693009118541,2
3655,AUGW,20141024,31701,4.6,0.0741480588037187,1.059,-2.499,10.21,7.66074,1.637,1.3191,1.605,0.310873549175321,2
3656,AUGW,20150917,32103,2.05,0.100754738038229,1.004,-1.995,8.71,4.9282,1.634,1.2771,1.604,0.303794369645043,2
3657,AUGW,20150917,32103,2.35,0.114291905750214,1.009,-1.993,9.647,4.9146,1.633,1.3044,1.594,0.307593386405389,2
3659,AUGW,20150917,32104,2.05,0.0984265295380006,1.005,-1.995,8.976,4.9394,1.633,1.2747,1.597,0.305021432945499,2
3660,AUGW,20150917,32104,2.35,0.114313130681344,1.01,-1.993,9.791,4.7964,1.632,1.3009,1.588,0.308639705882353,2
3661,AUGW,20150917,32104,2.8,0.104396443383185,1.016,-1.992,10.51,4.7742,1.629,1.327,1.575,0.315531000613874,2
3662,AUGW,20150917,32106,2.05,0.0998298916377019,1.004,-1.995,8.716,4.891,1.634,1.2759,1.604,0.304100367197062,2
3663,AUGW,20150917,32106,3.1,0.119495663151036,1.024,-1.992,10.99,4.9114,1.636,1.3483,1.587,0.314242053789731,2
3664,AUGW,20150917,32106,4.4,0.113340517241379,1.026,-1.991,10.42,4.9416,1.635,1.346,1.584,0.315229357798165,2
3666,AUGW,20150918,32109,3.15,0.101612615153224,1.024,-1.981,10.59,5.319,1.635,1.3383,1.565,0.315045871559633,2
3667,AUGW,20150918,32109,4.65,0.103256856086852,1.026,-1.979,10.36,5.52757,1.637,1.3411,1.565,0.314477703115455,2
3668,AUGW,20150918,32109,5.35,0.0997854103981651,1.026,-1.979,10.67,5.62003,1.636,1.3403,1.566,0.314425427872861,2
3669,AUGW,20150918,32109,6.15,0.103420037097442,1.026,-1.979,10.71,5.35886,1.636,1.3433,1.569,0.314486552567237,2
3670,AUGW,20150918,32112,3.15,0.103227542970388,1.024,-1.982,10.66,5.2478,1.635,1.3378,1.56,0.31565749235474,2
3671,AUGW,20150918,32112,4.5,0.112985049736114,1.026,-1.981,10.91,5.0969,1.637,1.3407,1.568,0.314294441050702,2
3672,AUGW,20150918,32112,5.35,0.104479840065767,1.026,-1.981,10.64,5.3522,1.637,1.3398,1.569,0.31411117898595,2
3673,AUGW,20150918,32112,6.15,0.108978666411556,1.026,-1.98,10.79,5.2265,1.636,1.3447,1.568,0.314547677261614,2
3674,AUGW,20150918,32120,3.4,0.0914975649350649,1.027,-2.032,11.3,7.5152,1.638,1.356,1.564,0.314163614163614,2
3675,AUGW,20150918,32123,3.3,0.0899909224169233,1.026,-2.033,10.46,7.4359,1.638,1.3548,1.565,0.313980463980464,2
3676,AUGW,20150922,32128,4.15,0.0838175427552198,1.028,-1.987,11,9.531,1.638,1.3738,1.584,0.313125763125763,2
3677,AUGW,20150922,32128,5.15,0.0738948448351542,1.028,-1.987,10.14,9.456749,1.639,1.3732,1.623,0.312385600976205,2
3678,AUGW,20150922,32129,3.35,0.0755646062848083,1.027,-1.987,10.5,9.8396,1.641,1.3669,1.575,0.31194393662401,2
3679,AUGW,20150922,32129,4.3,0.0888341514822237,1.028,-1.987,11.31,9.15685,1.637,1.3818,1.606,0.31386682956628,2
3680,AUGW,20150922,32129,5.5,0.0738051188307508,1.027,-1.986,10.23,9.50764,1.64,1.3732,1.629,0.31109756097561,2
3681,AUGW,20150922,32134,3.6,0.0723951323439261,1.028,-1.984,11.29,11.59819,1.641,1.3873,1.606,0.312979890310786,2
3682,AUGW,20150922,32134,5.25,0.0624350960156142,1.027,-1.984,10.24,11.82516,1.642,1.3796,1.631,0.310292326431181,2
3683,AUGW,20150922,32134,6.65,0.0661062449303721,1.028,-1.984,10.52,11.74889,1.642,1.3844,1.629,0.309866017052375,2
3684,AUGW,20150922,32135,3.35,0.0598265626127216,1.027,-1.989,10.47,11.78235,1.638,1.3715,1.603,0.314407814407814,2
3685,AUGW,20150922,32135,4.05,0.0951839403602234,1.026,-1.989,11.09,7.31324,1.637,1.3671,1.611,0.313683567501527,2
3686,AUGW,20150922,32135,4.55,0.098986100358743,1.027,-1.989,11.29,7.2880586,1.637,1.3696,1.606,0.313927916921197,2
3687,AUGW,20150922,32135,5.85,0.087992846594681,1.027,-1.989,10.49,7.3811,1.639,1.3652,1.626,0.311836485661989,2
3688,AUGW,20151001,32201,2.9,0.0664968446307866,0.9973,-2.482,7.466,6.68543,1.645,1.2448,1.537,0.304863221884498,2
3689,AUGW,20151001,32201,3.7,0.0630447812566762,0.9979,-2.482,7.721,6.74032,1.642,1.2404,1.532,0.307247259439708,2
3690,AUGW,20151001,32201,4.9,0.0528341509213838,0.9985,-2.481,7.806,9.00005,1.644,1.2505,1.535,0.305656934306569,2
3691,AUGW,20151001,32201,5.7,0.0542856781162038,0.9988,-2.48,7.425,9.08421,1.644,1.2552,1.536,0.305048661800487,2
3692,AUGW,20151001,32204,2.85,0.0376255575583863,0.8002,-2.458,7.054,11.807732,1.629,1.2903,1.642,0.311111111111111,2
3693,AUGW,20151002,32225,2.9,0.0727283668128125,0.9967,-2.501,7.627,6.56422,1.641,1.2441,1.527,0.307800121876904,2
3694,AUGW,20151002,32225,3.9,0.0718626729400029,0.9982,-2.501,7.839,6.57598,1.639,1.2414,1.524,0.309884075655888,2
3695,AUGW,20151002,32225,4.9,0.0591303416758931,0.9987,-2.499,7.859,8.77908,1.641,1.2509,1.528,0.308104814137721,2
3696,AUGW,20151002,32225,5.9,0.0610807049358625,0.9988,-2.498,7.686,8.84506,1.642,1.2547,1.528,0.307734470158343,2
3697,AUGW,20151103,32463,3.2,0.0947916502972683,1.023,-2.038,10.37,5.72715,1.635,1.3369,1.56,0.314740061162079,2
3698,AUGW,20151103,32463,4.15,0.100475715624328,1.026,-2.037,10.71,5.48542,1.634,1.336,1.56,0.315116279069767,2
3699,AUGW,20151103,32463,5.15,0.102409934447419,1.026,-2.036,10.55,5.4155,1.635,1.3377,1.559,0.314923547400612,2
3700,AUGW,20151103,32463,6.29,0.0822008519944062,1.027,-2.035,10.24,7.73714,1.636,1.3503,1.561,0.313569682151589,2
3701,AUGW,20151103,32464,3.1,0.101016421780467,1.023,-2.038,10.87,5.49575,1.639,1.3312,1.558,0.311165344722392,2
3702,AUGW,20151103,32464,4.1,0.0941543128879459,1.025,-2.038,10.8,5.37285,1.639,1.3233,1.556,0.311592434411226,2
3703,AUGW,20151103,32464,5.1,0.0939965137152892,1.025,-2.037,10.72,5.383955,1.64,1.3246,1.556,0.311463414634146,2
3704,AUGW,20151103,32471,3.1,0.0611872770417865,0.7944,-1.767,7.756,6.3633,1.634,1.349,1.558,0.314320685434517,2
3708,AUGW,20151103,32471,5.725,0.0744270860915462,0.7968,-1.765,8.355,5.6649,1.634,1.3497,1.548,0.315361077111383,2
3709,AUGW,20151103,32472,3.3,0.0608304166666667,0.796,-1.767,7.253,6,1.636,1.346,1.559,0.314364303178484,2
3713,AUGW,20151103,32474,3.3,0.0708577063761351,1.026,-2.037,9.77,8.15792,1.636,1.3447,1.566,0.313936430317848,2
3714,AUGW,20151103,32474,4.3,0.0721895899097078,1.027,-2.037,9.786,7.98629,1.635,1.3449,1.563,0.314678899082569,2
3715,AUGW,20151103,32474,5.3,0.0721774262662373,1.026,-2.036,9.911,8.1679,1.635,1.3461,1.563,0.314250764525994,2
3716,AUGW,20151103,32475,3.3,0.0713592039392101,1.025,-2.038,9.741,8.27374,1.636,1.3476,1.567,0.313691931540342,2
3717,AUGW,20151103,32475,4.3,0.0772508416439052,1.027,-2.036,9.792,7.8715,1.635,1.3476,1.563,0.314495412844037,2
3718,AUGW,20151103,32475,5.3,0.0804098853980663,1.027,-2.035,9.898,8.02517,1.635,1.3517,1.562,0.314128440366972,2
3719,AUGW,20151105,32477,3.7,0.0837847967227245,1.027,-1.987,11.41,8.63156,1.637,1.3654,1.588,0.312645082467929,2
3720,AUGW,20151105,32477,5.25,0.0643186499199633,1.027,-1.987,8.005,9.15205,1.641,1.357,1.601,0.31048141377209,2
3721,AUGW,20151105,32480,3.6,0.0592093950253452,1.027,-1.988,8.196,10.93302,1.637,1.3655,1.615,0.311728772144166,2
3722,AUGW,20151105,32485,3.3,0.0888820618246836,1.028,-1.987,10.32,7.971541,1.634,1.3639,1.595,0.314259485924113,2
3723,AUGW,20151105,32487,3.3,0.0795394645581912,1.027,-1.987,11.5,10.0926,1.634,1.3763,1.592,0.314259485924113,2
3724,AUGW,20151105,32488,3.25,0.0757674281193354,1.028,-1.987,11.15,9.9853,1.635,1.3715,1.6,0.313700305810398,2
3725,AUGW,20151105,32488,3.55,0.0669830818345491,1.028,-1.987,10.78,10.7754,1.636,1.3687,1.606,0.312652811735941,2
3726,AUGW,20151105,32488,4.35,0.0635508667936866,1.027,-1.987,10.3,10.62825,1.638,1.3659,1.617,0.311416361416361,2
3727,AUGW,20151105,32489,2.9,0.0770062077932973,1.019,-2.039,9.015,7.1523,1.633,1.3386,1.569,0.312982241273729,2
3728,AUGW,20151105,32489,3.9,0.0875455543497464,1.027,-2.037,9.614,7.9246,1.636,1.3544,1.559,0.314119804400978,2
3729,AUGW,20151105,32489,5.15,0.0926880030001503,1.027,-2.035,9.939,8.05293,1.635,1.3612,1.551,0.31480122324159,2
3730,AUGW,20151105,32489,5.85,0.0804337296345222,1.028,-2.033,10.06,10.2195,1.636,1.3728,1.556,0.313325183374083,2
3731,AUGW,20151105,32492,3.75,0.0781107390946894,1.028,-1.985,10.71,10.07124,1.636,1.3769,1.597,0.313264058679707,2
3732,AUGW,20151105,32492,4.6,0.0788375990971957,1.028,-1.985,10.77,9.91577,1.636,1.3764,1.599,0.312958435207824,2
3733,AUGW,20151105,32492,5.1,0.0785458435082391,1.028,-1.984,10.7,9.7462,1.636,1.3743,1.598,0.31320293398533,2
3734,AUGW,20151105,32492,5.8,0.0789900056776434,1.028,-1.984,10.85,9.58144,1.636,1.3734,1.595,0.313447432762836,2
3735,AUGW,20151105,32492,6.6,0.0820263126491647,1.026,-1.985,11.34,8.38,1.633,1.3633,1.589,0.314880587875077,2
3736,AUGW,20151105,32496,3.65,0.0786076299207059,1.027,-1.987,11.75,9.9503,1.636,1.3755,1.603,0.312713936430318,2
3737,AUGW,20151105,32496,4.15,0.0707177232197386,1.028,-1.987,11.41,10.23375,1.636,1.3694,1.607,0.312652811735941,2
3738,AUGW,20151105,32496,5.05,0.077974832653977,1.027,-1.986,11.84,9.62676,1.636,1.3716,1.599,0.31320293398533,2
3739,AUGW,20151105,32496,6.65,0.078442178724304,1.027,-1.985,12.4,9.1902789,1.633,1.3649,1.583,0.315370483772198,2
3740,AUGW,20160210,32930,2.75,0.0468741284391264,0.9981,-2.504,7.766,11.83222,1.649,1.2625,1.54,0.303274711946634,2
3741,AUGW,20160210,32930,3.7,0.0537963771404046,0.9982,-2.502,8.008,12.20914,1.644,1.266,1.526,0.307360097323601,2
3742,AUGW,20160210,32930,4.7,0.067768285945004,0.9988,-2.501,8.038,11.7645,1.643,1.278,1.528,0.307547169811321,2
3743,AUGW,20160210,32930,5.7,0.0632719177313471,0.9978,-2.501,7.736,11.93942,1.642,1.2718,1.528,0.309074299634592,2
3744,AUGW,20160210,32931,2.9,0.0520563200331497,0.9995,-2.502,7.248,11.5838,1.65,1.2704,1.543,0.302060606060606,2
3745,AUGW,20160210,32931,3.9,0.0538601228475793,0.9996,-2.502,7.537,11.5916,1.646,1.2683,1.534,0.305042527339004,2
3746,AUGW,20160210,32931,4.9,0.0482987255247912,0.999,-2.502,7.884,12.07242,1.645,1.2617,1.531,0.306382978723404,2
3747,AUGW,20160210,32931,5.9,0.0597212200511587,0.9995,-2.501,7.916,12.028053,1.644,1.2707,1.53,0.307177615571776,2
3748,AUGW,20160210,32932,2.85,0.0456367603732292,0.9991,-2.502,7.787,13.85851,1.649,1.2709,1.537,0.303456640388114,2
3749,AUGW,20160210,32932,3.7,0.0461216531943658,0.9982,-2.502,7.889,14.26136,1.645,1.2697,1.528,0.306504559270517,2
3750,AUGW,20160210,32932,4.7,0.0540311319715613,0.9989,-2.501,8.057,14.07235,1.642,1.2754,1.525,0.308221680876979,2
3751,AUGW,20160210,32932,5.7,0.0603760063764597,0.9988,-2.5,8.267,13.6753,1.639,1.275,1.518,0.311165344722392,2
3752,AUGW,20160211,32950,2.85,0.049019478954403,0.9998,-2.502,6.802,13.6917,1.656,1.2843,1.552,0.298913043478261,2
3753,AUGW,20160211,32950,3.7,0.0502112008275624,0.9978,-2.502,7.299,13.9204,1.649,1.2793,1.538,0.303517283201941,2
3754,AUGW,20160211,32950,4.7,0.0625760615967402,0.9988,-2.501,8.168,13.77995,1.643,1.2852,1.524,0.308094948265368,2
3755,AUGW,20160211,32953,2.9,0.0555749352100007,0.9994,-2.504,7.418,10.85044,1.645,1.2769,1.534,0.30644376899696,2
3756,AUGW,20160211,32953,3.9,0.0529532210805096,0.9991,-2.503,7.892,10.93484,1.642,1.2721,1.527,0.309013398294762,2
3757,AUGW,20160211,32953,4.85,0.0630060200620337,0.9991,-2.502,8.144,11.01982,1.64,1.2789,1.52,0.311890243902439,2
3758,AUGW,20160211,32953,5.7,0.0733879881836381,0.9985,-2.501,8.459,10.77489,1.639,1.2866,1.521,0.312141549725442,2
3759,AUGW,20160310,33144,3.1,0.0559365626126783,1.199,-2.583,9.014,13.0349,1.626,1.2629,1.598,0.315805658056581,2
3760,AUGW,20160310,33148,3.35,0.0583564692095204,1.2,-2.583,9.105,14.3356,1.637,1.2691,1.636,0.306963958460599,2
3761,AUGW,20160310,33148,3.5,0.0592296121937739,1.199,-2.582,9.319,14.54644,1.637,1.2706,1.636,0.306536346976176,2
3762,AUGW,20160310,33148,4.6,0.0521224241140012,1.199,-2.58,9.75,18.877,1.64,1.2855,1.645,0.304146341463415,2
3763,AUGW,20160331,33303,3.75,0.0722790242728042,1.027,-1.989,11.96,9.121443,1.631,1.3576,1.58,0.318025751072961,2
3764,AUGW,20160331,33303,5.8,0.0675870399860387,1.027,-1.989,11.26,9.1682,1.633,1.3339,1.6,0.316411512553582,2
3765,AUGW,20160331,33304,4.15,0.0709189686825921,1.028,-1.989,11,9.34145,1.635,1.356,1.611,0.314740061162079,2
3766,AUGW,20160331,33304,6.25,0.0644763797705185,1.027,-1.988,10.69,9.371649,1.636,1.358,1.605,0.314242053789731,2
3767,AUGW,20160331,33306,3.75,0.0767193373466787,1.027,-1.988,11.44,9.30562,1.634,1.3656,1.592,0.315483476132191,2
3768,AUGW,20160331,33306,4.4,0.0833165850645095,1.028,-1.987,11.61,9.58308,1.635,1.3461,1.612,0.315902140672783,2
3769,AUGW,20160331,33306,5.05,0.0712497846032286,1.027,-1.988,10.86,9.51732,1.637,1.3514,1.622,0.311423335369579,2
3770,AUGW,20160331,33306,6.4,0.0606721332863017,1.027,-1.988,10.15,10.34765,1.645,1.3272,1.593,0.307051671732523,2
3771,AUGW,20160331,33307,4.1,0.063046832332059,1.026,-2.485,11.06,8.7888,1.625,1.3334,1.562,0.322461538461538,2
3772,AUGW,20160331,33309,3.4,0.0731084508556694,1.027,-2.485,10.83,9.48614,1.631,1.3621,1.572,0.31814837522992,2
3773,AUGW,20160331,33309,4.65,0.0755466512533717,1.027,-2.485,10.89,9.6021,1.636,1.3408,1.596,0.315036674816626,2
3774,AUGW,20160331,33309,6.7,0.0600013199613911,1.026,-2.485,9.884,10.90941,1.643,1.3224,1.538,0.308825319537431,2
3775,AUGW,20160407,33375,3.175,0.0729788578195675,1.027,-2.04,9.757,8.995619,1.638,1.354,1.575,0.312515262515263,2
3776,AUGW,20160407,33375,4.15,0.110924753638321,1.028,-2.039,10.31,6.43566,1.636,1.3561,1.563,0.314119804400978,2
3777,AUGW,20160407,33375,5.2,0.094274146896922,1.027,-2.039,9.333,6.5694787,1.638,1.3487,1.575,0.313125763125763,2
3778,AUGW,20160407,33375,6.05,0.0992679316862011,1.027,-2.038,9.496,5.83074,1.637,1.343,1.572,0.313683567501527,2
3779,AUGW,20160407,33377,2.85,0.0568300695254812,0.8977,-1.838,8.807,10.1977,1.632,1.3576,1.571,0.312377450980392,2
3780,AUGW,20160407,33377,3.9,0.0545174715387335,0.8974,-1.839,5.939,8.73907,1.637,1.3507,1.573,0.313194868662187,2
3781,AUGW,20160407,33377,4.85,0.0578153888168226,0.8968,-1.838,4.744,7.3235,1.639,1.3407,1.569,0.313910921293472,2
3782,AUGW,20160407,33377,5.85,0.07020611140118,0.8968,-1.838,4.446,5.87983,1.635,1.3343,1.568,0.31480122324159,2
3783,AUGW,20160412,33406,2.5,0.100232836796384,1.127,-2.012,11.92,6.24257,1.627,1.3023,1.597,0.31339889366933,2
3784,AUGW,20160412,33407,2.8,0.0882422926558716,1.156,-2.01,11.56,7.3923,1.629,1.3112,1.582,0.313505217925107,2
3785,AUGW,20160412,33407,3.2,0.0952980172654533,1.197,-2.009,12.39,8.2361,1.633,1.3345,1.578,0.31579914268218,2
3786,AUGW,20160412,33407,4.4,0.103354459775231,1.196,-2.01,13.01,5.944683,1.628,1.3209,1.561,0.32002457002457,2
3787,AUGW,20160412,33409,2.5,0.0932336158973085,1.126,-2.01,11.94,6.40209,1.631,1.2917,1.597,0.30907418761496,2
3788,AUGW,20160412,33409,2.8,0.0995799067707539,1.156,-2.011,13.32,6.23195,1.631,1.3065,1.596,0.312201103617413,2
3790,AUGW,20160412,33411,3.4,0.0722161069889082,1.028,-1.989,10.49,9.95692,1.638,1.3701,1.614,0.312942612942613,2
3791,AUGW,20160412,33411,3.8,0.070519273061479,1.028,-1.989,10.31,10.05367,1.64,1.371,1.625,0.311219512195122,2
3792,AUGW,20160412,33412,3.4,0.0762320208785634,1.027,-2.485,10.06,10.07349,1.633,1.3728,1.584,0.316411512553582,2
3793,AUGW,20160412,33412,3.8,0.0749686495416862,1.027,-2.485,10.03,10.0477,1.634,1.3724,1.587,0.315850673194614,2
3794,AUGW,20160412,33427,3.65,0.079305131829923,1.107,-1.885,11.29,7.69628,1.641,1.3362,1.59,0.312553321145643,2
3795,AUGW,20170620,34448,2.55,0.0740446199537283,1.021,-2.471,8.886,7.31332,1.628,1.3147,1.575,0.312776412776413,2
3796,AUGW,20170629,34518,2.2,0.0637007061833541,1.013,-2.472,8.405,6.94154,1.605,1.2739,1.588,0.311028037383178,2
3797,AUGW,20170629,34518,2.55,0.0754510212677856,1.022,-2.471,9.175,7.00355,1.608,1.3045,1.576,0.315111940298507,2
3798,AUGW,20170711,34602,3.1,0.0610610057965387,0.7984,-2.469,6.154,5.76896,1.656,1.2613,1.552,0.297644927536232,2
3799,AUGW,20170711,34602,4,0.0588342149093105,0.7979,-2.469,7.206,5.4637,1.653,1.2506,1.548,0.3005444646098,2
3800,AUGW,20170711,34602,4.5,0.0644289857306651,0.7983,-2.469,7.576,5.18945,1.652,1.2509,1.547,0.301089588377724,2
3801,AUGW,20170711,34602,5,0.0638202039711236,0.7978,-2.469,7.805,5.209659,1.652,1.2498,1.547,0.301331719128329,2
3802,AUGW,20170711,34602,5.45,0.0661448125604526,0.7978,-2.468,8.072,5.11765,1.651,1.2501,1.547,0.301817080557238,2
3803,AUGW,20170711,34602,6.2,0.0633171251932596,0.7977,-2.468,8.171,5.12911,1.65,1.2488,1.544,0.302484848484848,2
3804,AUGW,20170713,34610,3.1,0.0611905694664832,0.798,-2.465,6.27,6.07516,1.655,1.2636,1.552,0.298006042296073,2
3805,AUGW,20170713,34610,3.55,0.0591078186133025,0.7979,-2.465,6.989,5.45685,1.653,1.2503,1.549,0.300786448880823,2
3806,AUGW,20170713,34610,3.95,0.0648110866256912,0.7979,-2.465,7.618,5.25029,1.651,1.2482,1.546,0.30205935796487,2
3807,AUGW,20170713,34610,4.35,0.0593919606756759,0.798,-2.464,8.078,5.737721,1.649,1.247,1.541,0.303577926015767,2
3808,AUGW,20170713,34610,4.55,0.0570650664142479,0.7974,-2.464,8.27,5.83158,1.648,1.2453,1.537,0.304490291262136,2
3809,AUGW,20170713,34610,5.05,0.0497621758840727,0.7963,-2.464,8.844,6.05069,1.643,1.2386,1.521,0.308581862446744,2
3810,AUGW,20170713,34610,5.45,0.0456612584919559,0.7956,-2.464,9.115,5.49785,1.636,1.232,1.5,0.314119804400978,2
3811,AUGW,20170713,34610,5.65,0.0438520055449053,0.795,-2.465,9.733,5.57629,1.634,1.2311,1.492,0.315973072215422,2
3812,AUGW,20170713,34611,2.65,0.0464290877199746,0.7989,-2.468,7.827,10.3762,1.648,1.2765,1.53,0.303458737864078,2
3813,AUGW,20170713,34611,2.85,0.0457018194427054,0.7989,-2.469,8.21,10.3823,1.648,1.2692,1.535,0.304186893203883,2
3814,AUGW,20170713,34611,3.05,0.0445269529644346,0.7981,-2.47,8.501,10.2178,1.648,1.2641,1.538,0.304793689320388,2
3815,AUGW,20170713,34611,3.45,0.0396691288268935,0.7975,-2.469,9.099,10.1943,1.647,1.2554,1.54,0.30588949605343,2
3818,AUGW,20170713,34612,2.65,0.0396971495688158,0.7991,-2.469,7.925,11.89399,1.653,1.2818,1.544,0.298850574712644,2
3819,AUGW,20170713,34612,3.05,0.0391376213422963,0.7987,-2.469,8.538,11.75806,1.653,1.2702,1.549,0.3005444646098,2
3820,AUGW,20170713,34612,3.45,0.0372558452395143,0.7975,-2.469,9.353,11.7446,1.65,1.2612,1.549,0.302727272727273,2
3822,AUGW,20170713,34612,4.25,0.0379422311784805,0.7949,-2.47,10.22,6.97712,1.637,1.2309,1.504,0.31337813072694,2
3823,AUGW,20170713,34612,4.45,0.0353493456607838,0.7935,-2.47,11.02,7.03687,1.633,1.2294,1.492,0.316105327617881,2
3824,AUGW,20170713,34613,2.65,0.0416910084557569,0.7994,-2.469,7.885,11.19474,1.652,1.2794,1.543,0.300242130750605,2
3825,AUGW,20170713,34613,2.95,0.0394994482699908,0.7991,-2.469,8.46,12.21612,1.651,1.2754,1.543,0.30145366444579,2
3826,AUGW,20170713,34613,3.25,0.0341560375831623,0.7987,-2.467,9.129,14.40858,1.652,1.2753,1.548,0.301331719128329,2
3827,AUGW,20170713,34613,3.55,0.032326473863553,0.7983,-2.468,9.878,14.9963,1.65,1.2687,1.546,0.303151515151515,2
3828,AUGW,20170713,34613,3.95,0.0268535442872117,0.797,-2.469,9.813,15.264,1.646,1.258,1.537,0.306561360874848,2
3829,AUGW,20170721,34680,3.05,0.0267504742083895,0.5989,-2.469,6.365,12.20455,1.669,1.307,1.525,0.286638705811863,2
3830,AUGW,20170721,34680,4.05,0.0250416447664351,0.5989,-2.466,5.878,12.13838,1.669,1.3035,1.528,0.287717195925704,2
3831,AUGW,20170721,34680,5.05,0.0244892228920638,0.599,-2.466,5.787,12.109,1.672,1.2947,1.531,0.284928229665072,2
3832,AUGW,20170721,34680,5.85,0.02725098948113,0.5995,-2.466,6.139,11.70563,1.664,1.2888,1.518,0.292127403846154,2
3833,AUGW,20170721,34680,6.55,0.0253480958266504,0.599,-2.466,5.535,11.57799,1.664,1.2907,1.522,0.292908653846154,2
3834,AUGW,20170721,34680,6.95,0.0253653404942262,0.599,-2.465,5.561,11.55908,1.663,1.2895,1.523,0.293144918821407,2
3835,AUGW,20170721,34680,7.95,0.0219388266139023,0.5989,-2.465,4.896,11.38142,1.662,1.2873,1.521,0.293561973525872,2
3836,AUGW,20170721,34684,3.1,0.0308776394820893,0.5991,-2.468,6.161,10.69528,1.661,1.2868,1.513,0.294039735099338,2
3837,AUGW,20170721,34684,3.55,0.030099078567905,0.5993,-2.467,6.103,10.612285,1.66,1.2824,1.516,0.295240963855422,2
3838,AUGW,20170721,34684,4.05,0.0297547650095818,0.5992,-2.466,6.326,10.71299,1.66,1.28,1.518,0.295180722891566,2
3839,AUGW,20170721,34684,5.05,0.0281223342843686,0.5991,-2.466,6.009,10.67959,1.665,1.2752,1.52,0.291291291291291,2
3840,AUGW,20170721,34684,6.05,0.0287254603490688,0.5992,-2.465,6.172,10.698349,1.662,1.28,1.516,0.29410348977136,2
3841,AUGW,20170721,34684,6.95,0.0296797606740925,0.5992,-2.465,6.166,10.57303,1.661,1.2822,1.514,0.294882600842866,2
3842,AUGW,20171010,34767,3.05,0.0304574041229898,0.5979,-1.862,6.226,10.05872,1.659,1.3205,1.622,0.289089813140446,2
3843,AUGW,20171010,34767,3.45,0.0298068074925361,0.5966,-1.862,6.902,9.7804,1.662,1.3033,1.648,0.289290012033694,2
3844,AUGW,20171010,34767,4,0.025572957359661,0.5974,-1.862,6.117,10.13688,1.663,1.3059,1.646,0.286590499098016,2
3845,AUGW,20171010,34767,4.5,0.0259717945485867,0.598,-1.861,6.009,9.99594,1.663,1.3066,1.637,0.286891160553217,2
3846,AUGW,20171010,34767,5,0.0274781221179902,0.5981,-1.86,6.117,9.84556,1.661,1.3059,1.628,0.288019265502709,2
3847,AUGW,20171010,34767,5.6,0.0276954871621518,0.598,-1.86,6.065,9.76215,1.661,1.3053,1.629,0.288440698374473,2
3848,AUGW,20171010,34767,6.25,0.0265662414847538,0.5971,-1.86,4.816,7.53795,1.663,1.2934,1.643,0.286951292844257,2
3849,AUGW,20171010,34767,6.9,0.0410241425617974,0.5973,-1.861,5.047,4.99657,1.662,1.2792,1.634,0.288026474127557,2
3850,AUGW,20171026,34941,3.45,0.0416894415092252,0.598,-1.843,7.214,7.2302,1.654,1.2914,1.608,0.293833131801693,2
3851,AUGW,20171026,34941,4,0.0408081463262104,0.5976,-1.842,7.241,7.1985627,1.654,1.29,1.611,0.294135429262394,2
3852,AUGW,20171026,34941,4.5,0.0404946398271545,0.5976,-1.842,7.283,7.175888,1.654,1.2891,1.611,0.294074969770254,2
3853,AUGW,20171026,34941,5,0.0401951967564683,0.5976,-1.841,7.305,7.174402,1.654,1.2886,1.609,0.294195888754534,2
3854,AUGW,20171026,34941,5.6,0.0396851469119697,0.5976,-1.841,7.333,7.19002,1.654,1.2878,1.606,0.294619105199516,2
3855,AUGW,20171026,34941,6.25,0.0394087881826896,0.5976,-1.841,7.391,7.21924,1.653,1.2878,1.604,0.29491833030853,2
3856,AUGW,20171026,34941,6.9,0.0550522846101387,0.5992,-1.841,6.648,4.57496,1.653,1.2809,1.602,0.296249243799153,2
3857,AUGW,20171026,34942,3.45,0.0393210689668851,0.5972,-1.843,7.648,7.31061,1.647,1.2831,1.587,0.299817850637523,2
3858,AUGW,20171026,34942,4,0.0387074118185477,0.5973,-1.843,7.655,7.25436,1.645,1.2814,1.584,0.3009726443769,2
3859,AUGW,20171026,34942,4.5,0.0381549874064107,0.5973,-1.843,7.659,7.24575,1.645,1.2808,1.582,0.301155015197568,2
3860,AUGW,20171026,34942,5,0.037662691638364,0.5972,-1.843,7.663,7.24607,1.645,1.2805,1.58,0.301276595744681,2
3861,AUGW,20171026,34942,5.6,0.0372472774786658,0.5972,-1.843,7.645,7.226206,1.645,1.2804,1.579,0.301215805471125,2
3862,AUGW,20171026,34942,6.25,0.0370227260749325,0.5975,-1.842,7.617,7.21022,1.645,1.2804,1.579,0.301276595744681,2
3863,AUGW,20171026,34942,6.9,0.0356618467808688,0.5972,-1.842,7.559,7.265594,1.645,1.2783,1.576,0.30145896656535,2
3864,AUGW,20171026,34944,3.45,0.0421213386834874,0.5965,-1.844,6.9,5.12384,1.642,1.2626,1.572,0.30353227771011,2
3865,AUGW,20171026,34944,4,0.0397701712164468,0.5964,-1.843,6.81,5.08596,1.639,1.2608,1.561,0.305979255643685,2
3866,AUGW,20171026,34944,4.5,0.0386549744415688,0.5966,-1.843,6.693,5.051562,1.637,1.2599,1.553,0.307574832009774,2
3867,AUGW,20171026,34944,5,0.0369788929004289,0.5964,-1.843,6.645,5.070095,1.636,1.2587,1.546,0.308740831295844,2
3868,AUGW,20171026,34944,5.6,0.0365085214731664,0.5965,-1.843,6.678,5.07424,1.634,1.2587,1.542,0.309853121175031,2
3869,AUGW,20171026,34944,6.25,0.0363687788061485,0.5964,-1.843,6.695,5.057731,1.634,1.2594,1.54,0.310097919216646,2
3870,AUGW,20171026,34944,6.9,0.0359413880538893,0.5964,-1.843,6.697,5.076849,1.634,1.2599,1.539,0.31015911872705,2
3871,AUGW,20171026,34945,3.45,0.0344867057456594,0.5975,-1.843,7.071,7.25539,1.624,1.2605,1.471,0.316871921182266,2
3872,AUGW,20171026,34945,4,0.0345206844420011,0.5973,-1.843,7.174,7.276,1.624,1.2608,1.469,0.316995073891626,2
3873,AUGW,20171026,34945,4.5,0.0341787159569593,0.5973,-1.844,7.214,7.24524,1.624,1.2602,1.468,0.317241379310345,2
3874,AUGW,20171026,34945,5,0.0337134137925198,0.5972,-1.844,7.243,7.266707,1.623,1.2601,1.467,0.317498459642637,2
3875,AUGW,20171026,34945,6,0.0331084969648803,0.5972,-1.843,7.266,7.2979,1.623,1.2605,1.465,0.317744916820702,2
3876,AUGW,20171026,34945,6.9,0.0321726264444256,0.597,-1.843,7.281,7.32298,1.623,1.2604,1.462,0.318052988293284,2
3877,AUGW,20171026,34946,3.45,0.0337207586003305,0.5971,-1.843,7.093,7.24914,1.624,1.2593,1.47,0.317487684729064,2
3878,AUGW,20171026,34946,4.1,0.0338498932532779,0.5972,-1.843,7.208,7.28828,1.623,1.2598,1.468,0.317806531115219,2
3879,AUGW,20171026,34946,5,0.0289626401918637,0.5974,-1.844,7.81,9.58597,1.628,1.2691,1.459,0.313759213759214,2
3880,AUGW,20171026,34946,6,0.0276125421793293,0.5979,-1.843,7.62,9.50999,1.627,1.268,1.459,0.315058389674247,2
3881,AUGW,20171026,34946,6.9,0.027893356162124,0.5974,-1.843,7.721,9.608919,1.629,1.2697,1.458,0.313566605279312,2
3882,AUGW,20171026,34957,3.45,0.0415431962766104,0.7965,-1.972,7.895,7.2622,1.637,1.2462,1.53,0.306658521686011,2
3883,AUGW,20171026,34957,4.2,0.0470334787523641,0.7971,-1.971,8.264,7.41306,1.631,1.255,1.504,0.310852237890865,2
3884,AUGW,20171026,34957,5,0.0479991224162089,0.7969,-1.97,8.474,7.42949,1.626,1.254,1.492,0.31549815498155,2
3885,AUGW,20171026,34957,6,0.0476329112397007,0.7969,-1.97,8.523,7.46043,1.625,1.2546,1.491,0.316,2
3886,AUGW,20171026,34957,6.9,0.0473603771918101,0.7968,-1.969,8.551,7.459759,1.626,1.2555,1.491,0.315559655596556,2
3887,CMOD,19960116,960116010,0.89,0.0470273990337769,-0.831,-5.211,32.72,2.93514,0.6753,1.4131,1.47051381467943,0.325929216644454,2
3888,CMOD,19960116,960116011,0.89,0.0488848178002798,-0.8349,-5.215,32.12,3.0022,0.6757,1.4149,1.46312324364274,0.32706822554388,2
3889,CMOD,19960116,960116012,0.95,0.0492266433000093,-0.8337,-5.212,30.19,3.01284,0.6757,1.4157,1.47114790958801,0.325884268166346,2
3890,CMOD,19960116,960116016,0.87,0.0470245252309805,-0.8321,-5.212,28.3,2.86929,0.6751,1.4105,1.46512212320341,0.327062657384091,2
3892,CMOD,19960116,960116018,0.81,0.0636048653133918,-0.8446,-5.21,23.96,2.47055,0.6756,1.4267,1.47366675851128,0.326524570751924,2
3897,CMOD,19960116,960116027,0.9,0.0642622310363893,-1.023,-5.222,39.12,3.02039,0.6748,1.4139,1.48979533075469,0.325281564908121,2
3899,CMOD,19960125,960125004,0.87,0.0567323255559932,-1.014,-5.227,36.56,3.02117,0.6753,1.413,1.47948606558776,0.326965792980897,2
3902,CMOD,19960125,960125012,0.79,0.0626761252446184,-1.112,-5.215,39.52,2.8616,0.6753,1.4031,1.45608948930759,0.325336887309344,2
3903,CMOD,19960130,960130006,0.87,0.0712817105108861,-1.112,-5.224,40.81,2.5583,0.6746,1.3879,1.44946539585486,0.327008597687519,2
3904,CMOD,19960130,960130007,0.9,0.0635283482763108,-1.108,-5.219,42.6,2.84303,0.6752,1.3911,1.44552165139843,0.327458530805687,2
3905,CMOD,19960130,960130008,0.83,0.0717645192002539,-1.115,-5.22,38.36,2.5208,0.6753,1.3928,1.45275991446566,0.326225381312009,2
3906,CMOD,19960130,960130009,0.88,0.0750670750620347,-1.113,-5.219,40.78,2.5792,0.6752,1.3895,1.44749867871576,0.326866113744076,2
3907,CMOD,19960130,960130013,0.87,0.0700050031269543,-1.113,-5.218,34.06,2.3985,0.6755,1.3872,1.44748183702919,0.327165062916358,2
3911,CMOD,19960130,960130026,0.91,0.054709991826637,-1.01,-5.219,33.61,2.735716,0.6753,1.3911,1.44357857791141,0.326669628313342,2
3912,CMOD,19960130,960130027,0.95,0.0475962582744905,-1.001,-5.216,32.64,2.80833,0.6758,1.395,1.43901058697357,0.327315773897603,2
3913,CMOD,19960130,960130028,0.86,0.055062627259826,-1.004,-5.217,30.2,2.26898,0.6754,1.3893,1.44161482166072,0.326473201066035,2
3914,CMOD,19960130,960130031,0.81,0.062357596935124,-1.021,-5.227,25.43,2.3753,0.6757,1.393,1.4429170406774,0.325736273494154,2
3915,CMOD,19960130,960130032,0.92,0.0485355819811453,-0.8237,-5.22,24.86,2.3842714,0.6755,1.3906,1.42338303151214,0.327313101406366,2
3916,CMOD,19960130,960130033,0.92,0.0463473514068889,-0.822,-5.219,24.97,2.39429,0.676,1.3925,1.42146138712626,0.327366863905325,2
3917,CMOD,19960130,960130034,0.92,0.0443659689645298,-0.822,-5.219,25.04,2.46184187,0.6758,1.393,1.42273189563314,0.327167801124593,2
3918,CMOD,19960206,960206007,0.76,0.0530245138836347,-1.024,-5.507,29.4,2.6434,0.6739,1.4126,1.49760700492348,0.32363852203591,2
3919,CMOD,19960206,960206008,0.77,0.0517989777317082,-1.029,-5.191,30.69,2.7977,0.6744,1.4252,1.50095286507747,0.323398576512456,2
3920,CMOD,19960206,960206009,0.91,0.0502101769911504,-1.014,-5.484,34.24,3.0736,0.6755,1.4126,1.4795200941817,0.326720947446336,2
3921,CMOD,19960206,960206010,0.81,0.052888943679335,-1.025,-5.185,31.7,2.8391,0.675,1.4114,1.48631954660151,0.325925925925926,2
3922,CMOD,19960206,960206011,0.81,0.0555225898256848,-1.027,-5.451,30.43,2.811,0.6755,1.4122,1.48089587947164,0.326424870466321,2
3923,CMOD,19960206,960206012,0.88,0.0529702783854942,-1.021,-5.638,30.72,2.92077,0.6752,1.4097,1.47752734617171,0.327014218009479,2
3924,CMOD,19960206,960206013,0.9,0.0550038867835478,-1.021,-5.821,31.24,2.88156,0.6757,1.4112,1.46685076560022,0.328104188249223,2
3925,CMOD,19960206,960206015,0.78,0.0656154181501126,-1.22,-5.626,31.23,2.7526,0.6767,1.4282,1.48532233145238,0.326437121324073,2
3926,CMOD,19960206,960206016,0.8,0.0649169659684933,-1.221,-5.632,31.56,2.8121,0.6761,1.4298,1.49058547561202,0.326578908445496,2
3927,CMOD,19960214,960214014,0.76,0.0655738388625592,-1.032,-5.207,27.82,2.6375,0.6767,1.4042,1.44226803482467,0.3265848972957,2
3928,CMOD,19960214,960214016,0.77,0.0613936215150662,-1.033,-5.207,30.99,2.8408,0.6768,1.4009,1.43965878518011,0.327127659574468,2
3929,CMOD,19960214,960214017,0.75,0.0653792528604986,-1.035,-5.208,29.75,2.6394,0.6766,1.3992,1.44095753013742,0.327224357079515,2
3930,CMOD,19960214,960214018,0.75,0.0666045970322956,-1.035,-5.204,28.27,2.7496,0.6769,1.4025,1.43901029314017,0.326931599940907,2
3931,CMOD,19960214,960214019,0.76,0.064263693014103,-1.036,-5.208,28.68,2.7441,0.6766,1.3979,1.43966025262217,0.327076559266923,2
3932,CMOD,19960214,960214020,0.76,0.060888614298323,-1.035,-5.205,29.6,2.8325,0.6768,1.3971,1.43835302420947,0.327718676122931,2
3933,CMOD,19960214,960214025,0.82,0.059643510211057,-1.028,-5.209,32.13,2.92575,0.6763,1.4384,1.4662303342747,0.327665237320716,2
3941,CMOD,19960214,960214039,0.77,0.0694266363951206,-1.031,-5.432,30.76,2.5987,0.6739,1.6962,1.52150830220039,0.338477518919721,2
3961,CMOD,19980217,980217012,0.99,0.0654856197672639,-1.006,-5.331,34.42,2.74474,0.676,1.4169,1.50985587667778,0.327366863905325,2
3962,CMOD,19980217,980217013,0.9,0.0670369837386674,-1.009,-5.333,35.31,2.7796,0.6759,1.4238,1.51611599757136,0.326527592839177,2
3963,CMOD,19980217,980217015,1,0.0672135915685738,-1.006,-5.331,34.05,2.9224,0.6763,1.4238,1.50970198853298,0.326038740204051,2
3964,CMOD,19980217,980217020,0.85,0.0797771220850338,-1.005,-5.334,32.83,1.92841,0.6757,1.4204,1.51565921446359,0.32618025751073,2
3965,CMOD,19980217,980217022,0.93,0.0739580733715997,-1.007,-5.332,33.3,2.32406,0.6758,1.4202,1.51618266588067,0.326427937259544,2
3971,CMOD,19980217,980217031,0.8,0.0894500305538581,-1.001,-5.325,30.13,1.8001,0.6766,1.4481,1.45399908978484,0.326633165829146,2
3972,CMOD,19980217,980217031,1.11,0.0788262846748522,-0.9959,-5.333,33.96,2.199,0.676,1.4342,1.4448047039462,0.328402366863905,2
3973,CMOD,19980217,980217033,1,0.0700511380499053,-1.001,-5.326,36.47,2.62818,0.6766,1.4277,1.40597483978723,0.327667750517292,2
3979,COMPASS,19960130,17209,0.12,0.0128100088573959,0.1714,1.118,4.467,0.18064,0.5561,1.2365,1.50770849703449,0.290595216687646,2
3983,COMPASS,19960304,17753,0.113,0.0125,0.1716,1.119,3.803,0.15864,0.5566,1.2606,1.52483720666052,0.289435860582106,2
3985,COMPASS,19960304,17753,0.14,0.0158500217859992,0.1711,1.119,4.695,0.176719,0.5569,1.2621,1.5295098209151,0.285688633506913,2
3988,COMPASS,19961216,22053,0.16,0.014981252603805,0.1593,1.112,6.235,0.180025,0.5577,1.2403,1.48530646328586,0.296037296037296,2
3989,COMPASS,19961216,22053,0.25,0.0136253532498991,0.1596,1.113,6.814,0.14862,0.5574,1.2324,1.46459947023966,0.301758162899175,2
3990,COMPASS,19961216,22056,0.16,0.0151156322933213,0.1597,1.114,5.999,0.174389,0.5567,1.2376,1.49292870652183,0.295311657984552,2
3991,COMPASS,19961216,22057,0.15,0.0178495798893367,0.1597,1.115,5.892,0.14639,0.5566,1.2369,1.48272916125473,0.295903701042041,2
3993,COMPASS,19961216,22058,0.14,0.0140014908727384,0.1599,1.115,5.737,0.173053,0.5564,1.2331,1.48640919802419,0.295830337886413,2
3995,COMPASS,19961212,22059,0.17,0.0173279245407473,0.1603,1.115,5.952,0.151605,0.5563,1.2263,1.46475177834734,0.305051231349991,2
3997,COMPASS,19961216,22063,0.16,0.0111404845582061,0.1609,1.119,4.42,0.160765,0.5546,1.2222,1.48718290519876,0.305445366029571,2
3998,COMPASS,19961216,22067,0.17,0.0135744539219077,0.1606,1.117,4.949,0.153229,0.5557,1.2254,1.48184502870438,0.305380601043729,2
4011,COMPASS,19970731,24794,0.16,0.00721039613055399,0.2417,2.117,5.128,0.6504497,0.5496,1.369,1.54298751650478,0.320596797671033,2
4013,COMPASS,19980226,26343,0.1466,0.0115020785611267,0.2446,2.079,4.64,0.47148,0.5578,1.3437,1.5105663445722,0.311581211903908,2
4014,COMPASS,19980226,26347,0.1469,0.0100004648430732,0.2424,2.077,4.224,0.473278,0.5584,1.3518,1.5165404686135,0.308202005730659,2
4016,COMPASS,19980227,26366,0.1465,0.0117675212252372,0.2407,2.067,5.07,0.48056,0.5594,1.4003,1.51091997336758,0.308723632463354,2
4024,D3D,19871009,57157,2.5,0.13455162387025,2.018,2.14581996434938,10.71,9.02412,1.683,1.3355,1.7643741800071,0.374331550802139,1.5
4025,D3D,19871009,57158,2.36,0.127793778326018,2.019,2.15589423648247,9.941,9.07955,1.683,1.3345,1.76194332899379,0.373737373737374,1.5
4026,D3D,19871009,57162,2.38,0.0983746130898035,1.505,2.14709571938169,8.495,8.92649,1.682,1.379,1.74934355828063,0.37871581450654,1.5
4027,D3D,19871009,57165,2.37,0.0544452141129444,1.03,2.14581996434938,4.741,8.8061,1.683,1.3485,1.71842400110873,0.3767082590612,1.5
4028,D3D,19871009,57169,2.22,0.0373540177793272,0.78,2.15589423648247,3.646,8.6055,1.683,1.4015,1.7101206085434,0.378490790255496,1.5
4029,D3D,19871009,57173,2.24,0.0767663972558207,1.249,2.15589423648247,6.328,8.9207,1.683,1.3435,1.72427476682512,0.374331550802139,1.5
4030,D3D,19871009,57174,2.34,0.113972279358797,1.745,2.14581996434938,10.02,9.21768,1.683,1.3375,1.76119412820262,0.37551990493167,1.5
4033,D3D,19890206,62880,2.58,0.140135148575028,1.017,1.6985151155898,5.496,3.61972,1.687,1.3215,1.78456837280367,0.370480142264375,2
4036,D3D,19890206,62885,2.58,0.117415855976742,1.022,1.69750888625592,5.643,5.3658,1.688,1.332,1.78699413091084,0.37085308056872,2
4038,D3D,19890206,62889,2.58,0.09322272782185,1.024,1.69750888625592,5.483,7.4499,1.688,1.2925,1.7626260291257,0.37085308056872,2
4039,D3D,19890206,62892,2.2,0.0975927638101391,1.024,1.69449733885275,5.118,8.9771,1.691,1.2985,1.76755908106422,0.371377882909521,2
4040,D3D,19890206,62902,2.35,0.175620945786979,1.021,1.69750888625592,5.32,3.57036,1.688,1.3285,1.7788714303158,0.37085308056872,2
4046,D3D,19890207,62931,3.2,0.122747560049632,1.028,2.06792776791001,6.07,5.3997,1.689,1.3305,1.75700810113134,0.371225577264654,2
4047,D3D,19890207,62932,3.34,0.167346053696932,1.523,2.07160735468565,8.431,5.71839,1.686,1.3225,1.7519735166794,0.370699881376038,2
4048,D3D,19890207,62934,3.35,0.175369805569474,1.526,2.07160735468565,8.486,5.72801,1.686,1.3225,1.76827094474153,0.370699881376038,2
4050,D3D,19890207,62937,3.3,0.245191702994832,2.035,2.074067695962,10.31,4.484124,1.684,1.3125,1.7960446671762,0.369952494061758,2
4052,D3D,19890208,62947,2.94,0.167541076746122,1.283,2.09172004744958,7.171,5.03387,1.686,1.365,1.7764196587726,0.370699881376038,2
4053,D3D,19890208,62948,3,0.168038632697876,1.284,2.08166370106762,7.492,5.1459,1.686,1.325,1.78456837280367,0.370699881376038,2
4065,D3D,19890209,63008,1.77,0.086996282527881,0.729,1.08647560258671,4.187,4.035,1.701,1.4215,1.91231706941471,0.353321575543798,1.5
4072,D3D,19890210,63033,2.3,0.0946362707194596,0.919,1.0803185840708,5.492,4.5006,1.695,1.3265,1.86825446412865,0.354572271386431,1.5
4074,D3D,19890210,63039,2.58,0.0842695417789757,0.91,1.08672997032641,6.305,4.6375,1.685,1.301,1.64578210840898,0.35786350148368,1.5
4075,D3D,19890210,63041,2.5,0.088095291304445,0.912,1.08931588340274,6.477,4.4747,1.681,1.3095,1.57232788838121,0.361094586555622,1.5
4076,D3D,19890210,63042,2.4,0.08384532228278,0.913,1.08996428571429,5.931,4.4402,1.68,1.3085,1.56534787325837,0.360119047619048,1.5
4077,D3D,19890210,63043,2.2,0.0661438408569242,0.713,1.08802139037433,4.432,4.1824,1.683,1.3175,1.55308504142534,0.358882947118241,1.5
4078,D3D,19890210,63044,2.395,0.0619008147025388,0.711,1.08802139037433,4.421,4.2224,1.683,1.317,1.55100370606907,0.357100415923945,1.5
4079,D3D,19890210,63045,2.225,0.0564205091866174,0.519,1.08223404255319,3.848,3.9514,1.692,1.385,1.55250681636191,0.354018912529551,1.5
4080,D3D,19890210,63046,2.22,0.0572584544135983,0.514,1.08223404255319,3.729,3.9299,1.692,1.387,1.55770348826487,0.353427895981087,1.5
4085,D3D,19890210,63052,2.58,0.0877032526964259,1.005,1.08996428571429,7.183,4.59219,1.68,1.307,1.55981622712628,0.357738095238095,1.5
4086,D3D,19890210,63053,2.6,0.069561011562025,0.805,1.08931588340274,5.269,4.3418,1.681,1.3105,1.55308504142534,0.35930993456276,1.5
4087,D3D,19890210,63054,2.25,0.0546931541245107,0.607,1.08672997032641,3.896,4.0623,1.685,1.3715,1.53099999989461,0.354896142433234,1.5
4090,D3D,19890210,63057,2.26,0.0452799324573901,0.425,1.0803185840708,3.249,3.7902,1.695,1.404,1.52849527893663,0.351032448377581,1.5
4092,D3D,19890424,64382,2.74,0.151270511090484,1.011,2.13709976105137,5.448,3.84609,1.674,1.401,1.67177397330565,0.366786140979689,2
4094,D3D,19890424,64384,2.725,0.153504906125223,1.012,2.14722819593787,4.988,3.76672,1.674,1.3995,1.67177397330565,0.366786140979689,2
4096,D3D,19890424,64389,2.7,0.153797840813429,1.012,2.13709976105137,5.029,3.78939,1.674,1.398,1.67723282346425,0.366188769414576,2
4097,D3D,19890424,64390,2.7,0.156542153589316,1.004,2.13709976105137,4.951,3.8336,1.674,1.398,1.67723282346425,0.366188769414576,2
4099,D3D,19890424,64402,2.7,0.0984018775145284,1.011,2.13582388059702,5.13,7.1584,1.675,1.4025,1.68021727620113,0.366567164179104,2
4101,D3D,19890424,64403,2.7,0.0995039474603507,1.017,2.13073555687909,5.045,7.1565,1.679,1.4045,1.66391777082795,0.367480643240024,2
4102,D3D,19890424,64406,2.8,0.0815678689270679,1.012,2.14221856287425,5.259,8.789,1.67,1.3985,1.71650282348545,0.364670658682635,2
4103,D3D,19890424,64407,2.7,0.0734623372086253,1.014,2.14093656493118,5.275,10.3046,1.671,1.4025,1.71650282348545,0.364452423698384,2
4104,D3D,19890424,64408,2.7,0.058672480620155,1.015,2.14221856287425,4.37,10.32,1.67,1.401,1.70528388083474,0.365868263473054,2
4108,D3D,19890424,64414,2.8,0.147158904627683,1.519,2.1551234939759,8.433,8.93687,1.66,1.3805,1.71958718769314,0.369277108433735,2
4112,D3D,19890425,64448,3.17,0.175857562108467,1.662,2.14607378524295,9.556,7.54406,1.667,1.345,1.67269632287689,0.371925614877025,2
4117,D3D,19890425,64451,3.46,0.181704242895768,1.915,2.13846846846847,11.13,7.76333,1.665,1.3375,1.68641265142398,0.371771771771772,2
4119,D3D,19890425,64452,2.9,0.156578345401152,1.908,2.15253008423586,10.3,7.82522,1.662,1.337,1.67810519993913,0.372442839951865,2
4120,D3D,19890425,64453,2.9,0.165114888528231,1.91,2.15123571858088,10.56,7.84369,1.663,1.337,1.68641265142398,0.372218881539387,2
4122,D3D,19890425,64454,3.46,0.144335635054071,1.777,2.141040288635,9.36,7.83327,1.663,1.34,1.68064056249456,0.371016235718581,2
4124,D3D,19890425,64455,2.99,0.172394449937636,1.779,2.13846846846847,10.11,7.73685,1.665,1.3425,1.69187471311639,0.371171171171171,2
4125,D3D,19890425,64456,3,0.11503464997343,1.317,2.14736194477791,6.75,7.35787,1.666,1.35,1.67227916666126,0.370348139255702,2
4127,D3D,19890425,64457,2.7,0.137463259307642,1.324,2.13590281943611,7.06,7.3488,1.667,1.346,1.69472010290883,0.371325734853029,2
4128,D3D,19890425,64458,2.76,0.177431721668656,1.318,2.14478717026379,7.74,5.76464,1.668,1.3455,1.69472010290883,0.371103117505995,2
4130,D3D,19890425,64459,2.67,0.137201716878596,1.321,2.14478717026379,6.788,7.33657,1.668,1.345,1.68925767260835,0.371702637889688,2
4132,D3D,19890425,64460,2.7,0.0548150543007039,0.787,2.13709976105137,3.574,6.8047,1.674,1.3615,1.68900195832787,0.36857825567503,2
4134,D3D,19890425,64461,2.7,0.0710106771976013,0.779,2.14722819593787,3.919,6.837,1.674,1.4085,1.7308089374944,0.36857825567503,2
4136,D3D,19890425,64465,2.7,0.096646775854529,1.009,2.1423285198556,5.106,7.0887,1.662,1.3905,1.69121703260157,0.368231046931408,2
4138,D3D,19890426,64512,2.83,0.195033303874421,1.923,2.15624475104979,11.26,7.84143,1.667,1.3515,1.70821418870812,0.367126574685063,2
4140,D3D,19890426,64513,2.9,0.192610448919362,1.919,2.14350209706411,11.42,7.8611,1.669,1.352,1.70264544200158,0.367285799880168,2
4143,D3D,19890426,64515,2.2,0.248007600634616,1.921,2.14736194477791,8.744,4.33648,1.666,1.3815,1.70264544200158,0.367947178871549,2
4145,D3D,19890426,64516,2.825,0.210326121417999,1.914,2.14994290865385,9.869,4.683869,1.664,1.3785,1.72521134481466,0.367788461538462,2
4146,D3D,19890426,64517,3.16,0.206264340929849,1.918,2.13718487394958,11.65,6.28446,1.666,1.346,1.70528388083474,0.366746698679472,2
4147,D3D,19890426,64518,3,0.232647838615249,1.901,2.15123571858088,9.118,3.144882,1.663,1.3775,1.71958718769314,0.368610944076969,2
4149,D3D,19890426,64519,2.965,0.240866235238663,1.912,2.15253008423586,8.493,3.124971,1.662,1.372,1.72233671964309,0.3676293622142,2
4151,D3D,19890426,64520,3,0.13527398645642,1.918,2.14607378524295,10.52,11.12409,1.667,1.349,1.70821418870812,0.367126574685063,2
4155,D3D,19890426,64523,3.05,0.24518508088359,1.914,2.13846846846847,9.894,4.594937,1.665,1.383,1.72233671964309,0.366966966966967,2
4157,D3D,19890426,64524,3.05,0.244097841291577,1.913,2.13846846846847,10.59,4.550962,1.665,1.383,1.72233671964309,0.366966966966967,2
4165,D3D,19890518,65235,2.02,0.15479193571051,1.243,2.07796625222025,5.478,2.98898,1.689,1.295,1.89337356996522,0.353463587921847,2
4182,D3D,19890627,65863,2.7,0.0782326845037485,1.008,1.49454437164979,5.258,5.8156,1.679,1.3225,1.6365679425149,0.368671828469327,1
4184,D3D,19890627,65866,2.7,0.0542944076800257,1.012,1.49365476190476,5.628,9.9583,1.68,1.327,1.63353420576755,0.367857142857143,1
4185,D3D,19890627,65867,2.1,0.0876460262695963,1.01,1.48621645796064,3.205,2.47815,1.677,1.2615,1.58592141058204,0.372093023255814,1
4186,D3D,19890627,65867,2.7,0.0964336475164572,1,1.48621645796064,4.806,3.20832,1.677,1.269,1.6199530395452,0.369111508646392,1
4188,D3D,19890627,65868,2.7,0.0971174646429346,1.009,1.48533075089392,5.499,4.52102,1.678,1.273,1.63883358332803,0.367699642431466,1
4190,D3D,19890627,65869,2.66,0.101376518577243,1.006,1.49365476190476,5.627,4.51574,1.68,1.2795,1.62826049103005,0.368452380952381,1
4192,D3D,19890627,65871,2.69,0.125234595178167,1.306,1.49721957040573,7.652,4.77951,1.676,1.275,1.60853113118947,0.36873508353222,1
4195,D3D,19890627,65878,2.7,0.0815842857521678,0.809,1.49543504171633,4.023,3.01688,1.678,1.322,1.61374939582811,0.367699642431466,1
4196,D3D,19890627,65880,2.71,0.0724070764013016,0.812,1.49454437164979,4.456,4.3638,1.679,1.33,1.61899309471562,0.366885050625372,1
4197,D3D,19890627,65882,2.36,0.121184660625338,0.8093,1.49632677400119,3.019,1.6663,1.677,1.316,1.59302730712867,0.370304114490161,1
4198,D3D,19890627,65882,2.7,0.114537430532854,0.807,1.49721957040573,3.409,1.8354,1.676,1.317,1.60853113118947,0.36873508353222,1
4199,D3D,19890627,65883,2.7,0.0815334005587423,0.808,1.49632677400119,4.188,3.02465,1.677,1.32,1.62738165997321,0.367322599880739,1
4200,D3D,19890627,65884,2.7,0.0778516778832554,0.809,1.49632677400119,4.136,3.04014,1.677,1.323,1.61374939582811,0.367918902802624,1
4202,D3D,19890627,65886,2.7,0.0474731272892677,0.609,1.49365476190476,3.213,4.1771,1.68,1.3385,1.62426239341241,0.366071428571429,1
4204,D3D,19890627,65890,2.7,0.104803690582651,1.159,1.49721957040573,6.383,4.65184,1.676,1.274,1.60019677299678,0.36873508353222,1
4207,D3D,19890628,65908,2.2,0.147532387415176,0.8219,1.4874570243035,4.169,3.5662,1.687,1.352,1.56957170531831,0.369887374036752,2
4209,D3D,19890628,65912,2.18,0.154940223923082,0.8203,1.48833926453144,4.133,3.1618,1.686,1.3485,1.56139685268645,0.370106761565836,2
4211,D3D,19890628,65913,2.4,0.130088959854015,0.818,1.48833926453144,4.96,4.384,1.686,1.354,1.58790915041307,0.368920521945433,2
4213,D3D,19890628,65922,2.98,0.158622688779841,1.31,1.49454437164979,8.223,4.8297,1.679,1.2805,1.59817024908535,0.369267421083979,2
4215,D3D,19890628,65923,2.9,0.164877519615558,1.311,1.49454437164979,8.857,4.86731,1.679,1.28,1.60853113118947,0.368076235854675,2
4217,D3D,19890628,65924,2.9,0.14802199017652,1.308,1.48533075089392,7.985,4.88218,1.678,1.281,1.61164558806036,0.368891537544696,2
4219,D3D,19890628,65928,2.88,0.155755560774749,1.155,1.49454437164979,7.49,4.64099,1.679,1.3295,1.60645092395108,0.369267421083979,2
4221,D3D,19890628,65929,2.9,0.13000930028995,1.01,1.4835625,6.675,4.56975,1.68,1.3315,1.60645092395108,0.369047619047619,2
4223,D3D,19890628,65930,2.9,0.121172734490189,0.812,1.48922255192878,5.955,4.4085,1.685,1.3495,1.60333813657551,0.367359050445104,2
4226,D3D,19890628,65931,2.9,0.111797880050734,0.814,1.49187871581451,5.44,4.4152,1.682,1.35,1.59817024908535,0.368608799048751,2
4228,D3D,19890628,65932,2.9,0.0860654178948369,0.615,1.47828291814947,4.317,4.2068,1.686,1.369,1.6199530395452,0.367141162514828,2
4229,D3D,19890628,65934,2.14,0.102516150441792,0.6236,1.48393849793022,3.242,3.22437,1.691,1.3675,1.54825566590272,0.369603784742756,2
4230,D3D,19890628,65934,2.9,0.0862087872791856,0.618,1.4874570243035,4.157,4.1947,1.687,1.371,1.62211079166142,0.365737996443391,2
4252,D3D,19890927,67056,2.35,0.0964431285598587,1.257,1.47698687350835,7.615,6.77871,1.676,1.3265,1.77461591208635,0.370525059665871,2
4253,D3D,19890927,67059,4.5,0.0883783797595139,1.263,1.47786865671642,6.677,7.82748,1.675,1.327,1.7752182950433,0.368955223880597,2
4254,D3D,19890927,67069,4.5,0.103063769640474,1.268,2.07632915173238,7.297,7.96633,1.674,1.333,1.7308089374944,0.36857825567503,2
4255,D3D,19890928,67079,2,0.102190788691598,1.258,2.09909389952153,6.944,7.82321,1.672,1.3345,1.70032966460366,0.371411483253589,2
4256,D3D,19890928,67079,5,0.107848741744408,1.267,2.08770472205619,7.435,6.57736,1.673,1.289,1.69736335416118,0.368798565451285,2
4257,D3D,19890928,67080,2,0.100170610335551,1.26,2.09783921099821,6.451,7.74279,1.673,1.293,1.70854342950177,0.369396294082487,2
4258,D3D,19890928,67080,5,0.100116444717832,1.252,2.0889533492823,7.045,6.53529,1.672,1.289,1.68641265142398,0.370215311004785,2
4259,D3D,19890928,67081,2,0.114252146377211,1.25,2.09658602150538,6.551,5.94956,1.674,1.2895,1.69753834747408,0.37037037037037,2
4260,D3D,19890928,67081,4.5,0.108065913459076,1.263,2.09020347097546,5.795,4.49013,1.671,1.2785,1.68900195832787,0.369239976062238,2
4261,D3D,19890928,67081,5.5,0.107590688688299,1.259,2.0889533492823,7.124,6.37676,1.672,1.287,1.69449018203396,0.368421052631579,2
4262,D3D,19890928,67083,2,0.122809381674606,1.264,2.09783921099821,7.024,5.93668,1.673,1.2905,1.70572474999448,0.368798565451285,2
4263,D3D,19890928,67084,2,0.0769869597483832,1.263,2.09408412887828,6.31,11.3188,1.676,1.3375,1.72521214588716,0.36873508353222,2
4264,D3D,19890928,67084,5,0.101498182429451,1.253,2.07881279904306,5.372,4.7591,1.672,1.3175,1.71409969720553,0.370813397129187,2
4265,D3D,19890928,67085,5,0.119847750569273,1.256,2.07757023311417,5.629,4.21151,1.673,1.3195,1.72244754166109,0.368798565451285,2
4266,D3D,19890928,67086,5,0.109894479349297,1.257,2.09145508982036,5.833,4.30058,1.67,1.276,1.67520599673101,0.370059880239521,2
4267,D3D,19890928,67087,1.5,0.112255647898865,1.534,2.09658602150538,6.704,9.3973,1.674,1.293,1.74456481181791,0.369772998805257,2
4268,D3D,19890928,67087,5,0.116361989153232,1.528,2.08645758661888,8.256,8.0577,1.674,1.3255,1.73354650407985,0.369175627240143,2
4269,D3D,19890928,67089,2,0.117478600586419,1.533,2.09658602150538,7.733,9.80868,1.674,1.334,1.74456481181791,0.369772998805257,2
4270,D3D,19890928,67094,2,0.102786897085196,1.536,2.09533432835821,8.144,11.49271,1.675,1.335,1.75287226330276,0.36955223880597,2
4271,D3D,19890928,67099,4.1,0.121818610806208,1.694,2.09408412887828,7.995,11.69772,1.676,1.3315,1.75854957865792,0.36873508353222,2
4272,D3D,19890928,67100,2.9,0.112244254352918,1.682,2.09533432835821,8.852,11.73236,1.675,1.3315,1.72238037207126,0.370149253731343,2
4273,D3D,19890928,67102,4,0.119282680285257,1.673,2.08645758661888,10.05,11.77606,1.674,1.329,1.72777679578624,0.371565113500597,2
4285,D3D,19891129,67804,2.4,0.146325375158034,1.26,2.13828673408685,7.195,4.91193,1.681,1.295,1.64550171027261,0.370017846519929,2
4286,D3D,19891129,67807,2.4,0.147739556830653,1.258,2.13701545778835,7.361,4.86586,1.682,1.296,1.63727420172124,0.369797859690844,2
4288,D3D,19891129,67811,2.4,0.136435543563525,1.263,2.13828673408685,6.522,6.87123,1.681,1.267,1.63789152024446,0.37180249851279,2
4296,D3D,19891212,68040,3.1,0.143783703474296,2.006,2.1282004759072,11.31,9.55762,1.681,1.7905,1.86096608415001,0.377156454491374,2
4298,D3D,19891213,68068,3.9,0.085960638742302,1.499,2.13073555687909,8.028,9.62266,1.679,1.805,1.86061277164385,0.375223347230494,2
4299,D3D,19891213,68087,3.25,0.0619253804279886,0.982,2.14851165570831,4.28,8.7993,1.673,1.773,1.7624897661119,0.361028093245666,2
4300,D3D,19891213,68088,3.275,0.0680075866846869,0.984,2.14851165570831,4.342,8.8049,1.673,1.783,1.77131673249934,0.359234907352062,2
4303,D3D,19891213,68091,3.275,0.0676910157624176,0.994,2.14851165570831,4.165,8.8121,1.673,1.7815,1.7742201148825,0.359832635983264,2
4304,D3D,19891214,68105,2,0.106211531757057,1.494,2.14083382966051,8.216,9.37949,1.679,1.789,1.86116429077878,0.379988088147707,2
4305,D3D,19891214,68106,2.5,0.106024009973568,1.49,2.14083382966051,8.431,9.48106,1.679,1.8,1.86501885348031,0.378796902918404,2
4306,D3D,19891214,68107,2,0.110495301244947,1.493,2.14083382966051,7.971,9.18754,1.679,1.8025,1.86701240749234,0.379392495533055,2
4307,D3D,19891214,68109,2.1,0.150226071182029,2.01,2.13955952380952,10.28,9.45941,1.68,1.803,1.87093473128379,0.380357142857143,2
4322,D3D,19901218,70678,2.175,0.0707013765018679,0.7025,1.51293872694825,5.102,5.9426,1.681,1.505,1.7783758346099,0.366448542534206,2
4324,D3D,19901218,70678,3.175,0.0541293568264972,0.7113,1.51024346793349,5.47,8.3088,1.684,1.512,1.80354153038268,0.365795724465558,2
4325,D3D,19901218,70683,2.175,0.072643929058663,0.7001,1.92096004770423,4.194,5.4975,1.677,1.542,1.74753172916101,0.367918902802624,2
4327,D3D,19901218,70683,3.175,0.0453094462540717,0.7019,1.91752976190476,4.962,9.21,1.68,1.5555,1.79582504330515,0.364880952380952,2
4328,D3D,19901218,70684,2.675,0.0569326988443236,0.6993,1.92670454545455,4.682,7.355,1.672,1.546,1.79582504330515,0.366626794258373,2
4329,D3D,19901218,70684,3.175,0.050416134970018,0.7043,1.91198985680191,5.174,8.8553,1.676,1.5555,1.81353233189394,0.363961813842482,2
4330,D3D,19901218,70690,2.175,0.0648610730906105,0.7084,2.14350209706411,4.063,5.8448,1.669,1.4365,1.7796678297062,0.363690832834032,2
4334,D3D,19910130,71029,2.5,0.119330681638184,0.9991,2.12440914489311,3.361,2.27276,1.684,1.3495,1.75365154735027,0.362232779097387,2
4335,D3D,19910130,71029,3,0.121890334395255,1.003,2.11686686390533,5.063,4.09007,1.69,1.3265,1.74225036583773,0.360355029585799,2
4336,D3D,19910130,71029,3.5,0.0904432506243599,1.003,2.10683431952663,4.823,5.5657,1.69,1.332,1.73937539634338,0.359763313609467,2
4337,D3D,19910130,71029,4,0.0823699255067275,1.002,2.10434397163121,5.052,6.9268,1.692,1.3355,1.73076462705455,0.359338061465721,2
4338,D3D,19910130,71029,4.5,0.0755051726918735,1.005,2.09556179775281,5.341,8.6802,1.691,1.34,1.72783284437495,0.358959195742164,2
4340,D3D,19910130,71030,1.8,0.0865209577366804,1.013,2.0882991202346,4.91,8.6245,1.705,1.341,1.783552653236,0.362463343108504,2
4341,D3D,19910130,71030,3,0.0728174946627431,1.008,2.09814378314673,5.083,8.6655,1.697,1.3435,1.75070707897449,0.360636417206836,2
4343,D3D,19910130,71031,2.52,0.119386831338158,1.003,2.10683431952663,5.36,3.95454,1.69,1.363,1.73938955845144,0.361538461538462,2
4344,D3D,19910130,71031,3.02,0.0902274493183584,1.002,2.10683431952663,5.211,5.6628,1.69,1.3255,1.75083287995516,0.360355029585799,2
4345,D3D,19910130,71031,3.52,0.0794472725249659,1.004,2.10434397163121,5.208,7.1898,1.692,1.336,1.74225036583773,0.359929078014184,2
4346,D3D,19910130,71031,4.02,0.0736873784609686,1.002,2.10185950413223,5.501,8.6392,1.694,1.3375,1.74509714955832,0.360094451003542,2
4347,D3D,19910130,71031,4.495,0.0686873742672609,1.002,2.09185064935065,5.795,10.3891,1.694,1.338,1.76520770420986,0.358913813459268,2
4348,D3D,19910130,71031,4.845,0.0649198117499152,1.01,2.08938384433962,6.22,12.0903,1.696,1.3475,1.75087536764881,0.357311320754717,2
4349,D3D,19910130,71034,2.02,0.146660702226772,1.009,1.69049852507375,5.097,2.32489,1.695,1.3115,1.76465030515596,0.362241887905605,2
4350,D3D,19910130,71034,2.52,0.105215596722393,1.004,1.69449733885275,5.356,4.09445,1.691,1.3145,1.77076034293417,0.36073329390893,2
4351,D3D,19910130,71034,3.02,0.0993332737510055,1.003,1.69049852507375,5.388,5.5945,1.695,1.3235,1.78470139118758,0.361061946902655,2
4352,D3D,19910130,71034,3.52,0.0800179362143378,1.002,1.69249556999409,5.569,7.1364,1.693,1.331,1.75083287995516,0.359716479621973,2
4353,D3D,19910130,71034,4.02,0.0729124495390559,1,1.69149645808737,5.603,8.6453,1.694,1.3375,1.75941539407259,0.359504132231405,2
4354,D3D,19910130,71034,4.495,0.0677102889216224,1.002,1.69249556999409,6.01,10.3869,1.693,1.3375,1.76520770420986,0.35912581216775,2
4355,D3D,19910130,71034,4.845,0.0627938157981858,1.01,1.68950176886792,6.302,12.0824,1.696,1.3465,1.7796678297062,0.357900943396226,2
4357,D3D,19910130,71037,2.02,0.133935551854244,0.9987,1.70251033668045,4.832,2.35352,1.693,1.306,1.7308089374944,0.364441819255759,2
4358,D3D,19910130,71037,2.52,0.13048058960389,1.003,1.6955,6.041,4.10038,1.69,1.321,1.73370992286794,0.362130177514793,2
4359,D3D,19910130,71037,3.02,0.101250312578145,1.004,1.69449733885275,5.821,5.5986,1.691,1.3275,1.74225036583773,0.360141927853341,2
4360,D3D,19910130,71037,3.52,0.0916793355855856,1.002,1.69149645808737,5.914,7.104,1.694,1.3325,1.75365154735027,0.360094451003542,2
4361,D3D,19910130,71037,4.02,0.0822815196214862,1.002,1.69049852507375,6.048,8.6232,1.695,1.338,1.75941539407259,0.35929203539823,2
4362,D3D,19910130,71037,4.495,0.0759433916821611,1.004,1.69049852507375,6.329,10.3801,1.695,1.3425,1.76799790819001,0.35929203539823,2
4363,D3D,19910130,71037,4.845,0.0697922612990494,1.01,1.68651854031783,6.613,12.0873,1.699,1.3495,1.77658042230744,0.358446144791054,2
4365,D3D,19910130,71041,2.52,0.141401349653417,0.9985,1.6955,6.329,4.03511,1.69,1.3545,1.75644239725979,0.361538461538462,2
4366,D3D,19910130,71041,3.02,0.104815924657534,0.9987,1.69449733885275,5.993,5.6064,1.691,1.328,1.73654275176636,0.36073329390893,2
4367,D3D,19910130,71041,3.52,0.0900120980221141,0.9987,1.69249556999409,5.978,7.1086,1.693,1.3315,1.74509714955832,0.360307147076196,2
4368,D3D,19910130,71041,4.02,0.0812162036173783,0.9963,1.69149645808737,6.19,8.5808,1.694,1.338,1.74509714955832,0.360094451003542,2
4369,D3D,19910130,71041,4.495,0.0735378093514387,0.9989,1.69349586288416,6.549,10.3321,1.692,1.337,1.75375033704058,0.358747044917258,2
4370,D3D,19910130,71041,4.845,0.0691901774213654,0.9973,1.67950471698113,6.789,12.0335,1.696,1.3425,1.77406092302616,0.356721698113208,2
4371,D3D,19910130,71041,5.245,0.0631492818632106,0.9961,1.68751177856302,7.04,13.6882,1.698,1.35,1.7796678297062,0.357479387514723,2
4373,D3D,19910130,71042,2.52,0.135645720779091,0.9973,1.3961759478673,6.202,4.01288,1.688,1.314,1.77381847349869,0.360189573459716,2
4374,D3D,19910130,71042,4.02,0.0854472579450259,0.9965,1.38777580071174,5.615,5.2643,1.686,1.3255,1.77709451067565,0.357651245551601,2
4375,D3D,19910130,71042,4.495,0.0761814364195933,0.9973,1.38777580071174,5.679,6.9534,1.686,1.326,1.79490988314518,0.355871886120996,2
4376,D3D,19910130,71042,4.845,0.066184143103368,0.9973,1.38695317131002,5.765,8.5868,1.687,1.3325,1.80090790697981,0.355068168346177,2
4378,D3D,19910130,71043,2.52,0.133163716978746,1.001,1.39700355660937,6.184,4.03263,1.687,1.3125,1.77381847349869,0.360403082394784,2
4379,D3D,19910130,71043,3.02,0.0857241968192977,1.003,1.3961759478673,5.582,5.6214,1.688,1.326,1.77994015983578,0.35781990521327,2
4380,D3D,19910130,71043,3.52,0.0743329454157962,0.9989,1.39452366863905,5.501,7.1321,1.69,1.332,1.78866535669772,0.357396449704142,2
4381,D3D,19910130,71043,4.02,0.0660176229889333,1,1.3836723832052,5.63,8.6024,1.691,1.3355,1.79739055355966,0.357185097575399,2
4382,D3D,19910130,71043,4.495,0.0599564902102973,1.001,1.3836723832052,5.757,10.3425,1.691,1.3365,1.80935318646433,0.356002365464222,2
4383,D3D,19910130,71043,4.845,0.0539408353152251,0.9973,1.38285460992908,5.681,11.9835,1.692,1.3395,1.81813645435979,0.355791962174941,2
4384,D3D,19910130,71043,5.245,0.0512204823004287,0.9937,1.38040707964602,5.878,13.5766,1.695,1.3485,1.82086531143121,0.35575221238938,2
4386,D3D,19910130,71045,1.87,0.11270311706574,0.9951,1.09225472813239,5.717,4.09616,1.692,1.3265,1.747763699365,0.362884160756501,2
4387,D3D,19910130,71045,2.37,0.0933626689574166,0.9951,1.09419478981646,6.25,5.7041,1.689,1.328,1.78554616700819,0.358792184724689,2
4391,D3D,19910621,72523,3.4,0.0958110848183093,1.634,2.14581996434938,7.286,15.47107,1.683,1.754,1.97760435922288,0.344622697563874,2
4399,D3D,19910819,73187,2.65,0.167739039699782,1.622,2.13718487394958,7.99,8.64438,1.666,1.833,1.89129984858821,0.368547418967587,2
4400,D3D,19910820,73194,2.95,0.142503494874185,1.618,2.1231845416417,8.243,10.3008,1.669,1.856,1.88900464460872,0.367285799880168,2
4401,D3D,19910820,73195,2.6,0.219743043349769,1.625,2.13334331935291,7.48,7.71492,1.669,1.7495,1.88967545832722,0.369682444577591,2
4402,D3D,19910820,73203,3.6,0.14920244593576,1.624,2.12445743405276,8.166,10.97167,1.668,1.8555,1.88900464460872,0.367505995203837,2
4403,D3D,19910820,73210,3.8,0.1184468437128,1.625,2.11045399879735,7.248,10.60138,1.663,1.856,1.9178944572562,0.365003006614552,2
4404,D3D,19910821,73221,3.45,0.158852959813871,1.62,2.16511690647482,8.109,10.5733,1.668,1.87,1.88668432782687,0.366906474820144,2
4405,D3D,19910821,73229,3.5,0.101476898321968,1.308,2.14221856287425,6.11,10.4408,1.67,1.8845,1.88967545832722,0.369461077844311,2
4406,D3D,19910827,73294,3.65,0.0811362792424805,1.02,2.14083382966051,5.057,10.2334,1.679,1.804,1.92507306017014,0.365693865396069,2
4407,D3D,19910827,73295,3.9,0.0850562327429457,1.31,2.15108318372232,5.674,10.3943,1.671,1.789,1.91040188240734,0.368043087971275,2
4408,D3D,19910828,73311,2.95,0.188958517837591,1.627,2.17658668266347,7.972,8.02827,1.667,1.853,1.8781857497736,0.367126574685063,2
4409,D3D,19910828,73332,2.95,0.118447642474836,2.032,2.15366087477531,11.27,15.4887,1.669,1.8365,1.87903861770102,0.369083283403235,2
4410,D3D,19910828,73334,2.95,0.118451415952782,2.038,2.15366087477531,10.44,15.50087,1.669,1.843,1.8851542804372,0.36848412222888,2
4411,D3D,19911021,74011,5,0.0941264355000557,0.9918,1.74626347305389,4.713,4.4845,1.67,1.6745,1.80169854729413,0.366467065868263,2
4418,D3D,19920210,74476,3.5,0.110926631888711,1.052,2.00358966745843,5.783,5.9808,1.684,1.565,2.01595789831084,0.356294536817102,2
4419,D3D,19920210,74479,3.2,0.121107804232804,1.049,2.00121293001186,5.905,6.048,1.686,1.6115,2.00258508016441,0.3570581257414,2
4420,D3D,19920210,74480,3.5,0.167081887701815,1.052,2.01676329946204,5.8,3.92562,1.673,1.6425,2.06591145690997,0.355050806933652,2
4421,D3D,19920210,74488,3.5,0.105208351232924,1.053,2.01796949760766,5.569,5.8195,1.672,1.691,2.1194857551058,0.352272727272727,2
4422,D3D,19920210,74489,3.5,0.10735153256705,1.051,2.01676329946204,5.681,5.8464,1.673,1.649,2.11547740745769,0.350866706515242,2
4423,D3D,19920210,74497,3.5,0.134588133391078,1.054,2.0042328358209,6.464,5.7725,1.675,1.691,2.09098879179824,0.354029850746269,2
4424,D3D,19920317,74978,2.9,0.0660654067725165,1.012,2.10061946902655,5.207,11.3872,1.695,1.345,1.6441587904884,0.363421828908555,2
4425,D3D,19920317,74980,3.2,0.0427843901449569,1.012,2.10061946902655,4.796,13.8041,1.695,1.344,1.64950999538255,0.36283185840708,2
4426,D3D,19920317,74981,3.3,0.0444047523186952,1.01,2.10061946902655,4.678,13.6607,1.695,1.344,1.66333067041017,0.362241887905605,2
4427,D3D,19920317,74982,3.3,0.0521588946459413,1.01,2.10185950413223,4.715,11.2905,1.694,1.341,1.64109412805917,0.363046044864227,2
4428,D3D,19920317,74983,2.8,0.0807277111074579,1.011,2.11186835891381,5.102,9.1245,1.694,1.341,1.62738165997321,0.363636363636364,2
4429,D3D,19920317,74984,3.4,0.0570381022426644,1.009,2.10310100413467,3.92,9.1097,1.693,1.341,1.62426239341241,0.363260484347312,2
4430,D3D,19920317,74986,3.2,0.0885381622443905,1.005,2.10558840922531,4.772,6.8366,1.691,1.3335,1.62738165997321,0.36428149024246,2
4431,D3D,19920317,74987,3.875,0.108068150119091,0.9989,2.10808170515098,4.797,4.6603,1.689,1.3205,1.61060452945802,0.364712847838958,2
4432,D3D,19920317,74988,3.2,0.105183046565688,1.01,2.10808170515098,5.118,4.71055,1.689,1.3265,1.62426239341241,0.364120781527531,2
4433,D3D,19920317,74989,3.2,0.117556310992125,1.005,2.11308605341246,4.067,2.54746,1.685,1.308,1.62955745882823,0.364391691394659,2
4434,D3D,19920317,74990,3.2,0.12754534127094,1.517,2.11183274021352,8.081,7.223,1.686,1.322,1.62738165997321,0.365361803084223,2
4435,D3D,19920317,74991,3.2,0.131795932841343,1.516,2.11183274021352,7.335,7.16274,1.686,1.321,1.63047218749473,0.365954922894425,2
4436,D3D,19920317,74992,3.4,0.162129308929688,1.771,2.11308605341246,9.676,7.37103,1.685,1.3195,1.64186856396024,0.366765578635015,2
4437,D3D,19920317,74993,3.4,0.163610810723239,1.769,2.12188908659549,9.108,7.40709,1.686,1.3225,1.64186856396024,0.366548042704626,2
4438,D3D,19920317,74998,3.9,0.148355114916629,2.029,2.10427256532066,10.4,9.7636,1.684,1.3175,1.69472010290883,0.367577197149644,2
4440,D3D,19920317,75007,3.2,0.0545120914203876,0.765,2.09690812720848,3.361,6.7031,1.698,1.351,1.61678118267903,0.35924617196702,2
4441,D3D,19920320,75092,2.05,0.0424845966470841,0.3261,1.34549061662198,2.834,2.0937,1.865,1.777,1.33806107986414,0.265415549597855,2
4443,D3D,19920616,76100,2.75,0.227006406408525,1.617,2.14581996434938,7.856,6.61369,1.683,1.7555,1.825311942959,0.371360665478313,2
4444,D3D,19920616,76102,3,0.0819111875468536,0.9475,2.14454572446556,5.156,9.0708,1.684,1.7855,1.7468379639659,0.369952494061758,2
4445,D3D,19920617,76113,4,0.118288089285024,1.27,2.04629310344828,8.864,6.72722,1.682,1.602,1.8061157504216,0.35909631391201,2
4450,D3D,19930506,77557,2.7,0.119966366316489,0.9981,2.00478015448604,4.878,4.8166,1.683,1.327,1.64487539399974,0.367795603089721,2
4451,D3D,19930506,77559,2.7,0.0672494440610383,0.9957,1.99529568302779,5.024,13.041,1.691,1.3545,1.62301227368253,0.366646954464814,2
4455,D3D,19930609,78151,4,0.112488319492597,1.349,2.0954486036839,6.361,7.20217,1.683,1.287,1.64165606520244,0.37551990493167,2
4460,D3D,19930709,78557,2.9,0.12571130958122,0.9943,2.08061356932153,6.093,5.1841,1.695,1.388,1.73932039646951,0.362241887905605,2
4461,D3D,19930709,78558,2.9,0.162471650699499,0.9904,2.08676923076923,6.103,2.69407,1.69,1.3635,1.75920565702776,0.362130177514793,2
4462,D3D,19930709,78563,3.02,0.249364890602215,1.988,2.09928613744076,10.11,6.54218,1.688,1.4205,1.79054807487648,0.36196682464455,2
4463,D3D,19940602,81321,3.9,0.11468403150734,0.9919,1.98409574468085,2.94,3.57504,1.692,1.287,1.60573562149432,0.354018912529551,2
4464,D3D,19940602,81329,3.8,0.0832378448140688,0.9996,1.96247649823737,5.354,8.2907,1.702,1.358,1.63680943375757,0.346650998824912,2
4465,D3D,19940609,81499,4,0.120873492418087,1.347,1.91282043709392,4.808,5.99387,1.693,1.3235,1.49791013230091,0.370348493797992,2
4466,D3D,19940609,81507,3.8,0.112077533111128,1.34,2.01644146948941,4.902,5.91644,1.606,1.2915,1.72657008846799,0.334993773349938,2
4467,D3D,19940722,82183,3.775,0.158535786172354,1.332,1.66267020612117,6.873,4.2726,1.601,1.2715,1.81367194153201,0.339163023110556,2
4468,D3D,19940722,82188,3.775,0.158655801129646,1.334,1.57791049199763,6.469,4.25443,1.687,1.294,1.49198159358886,0.376407824540605,2
4469,D3D,19940725,82202,3.6,0.11980449204766,1.338,1.87942205097807,4.501,4.83254,1.687,1.3115,1.48553640164341,0.375222288085359,2
4470,D3D,19940725,82204,3.75,0.123848507485597,1.342,1.8905931198102,5.293,4.88605,1.686,1.3605,1.50121456199975,0.372479240806643,2
4471,D3D,19940725,82205,2.5,0.152093080236674,1.341,1.89,6.072,6.04038,1.685,1.323,1.47817672523555,0.370919881305638,2
4472,D3D,19940725,82205,3.662,0.138727022302273,1.34,1.88053677342823,5.342,6.04064,1.686,1.3695,1.49121466768526,0.370699881376038,2
4473,D3D,19940725,82206,3.65,0.143698906552953,1.351,1.88388888888889,5.09,6.08077,1.683,1.339,1.54350314214022,0.368983957219251,2
4474,D3D,19940725,82210,3.706,0.132492372971951,1.349,1.8816528189911,5.113,6.08035,1.685,1.37,1.51234773689525,0.370326409495549,2
4475,D3D,19940725,82211,3.712,0.147220184098186,1.34,1.87942205097807,5.087,4.79744,1.687,1.315,1.46633357280218,0.374629519857736,2
4476,D3D,19940725,82214,3.6,0.1138927494901,1.335,1.8783086492891,4.921,6.09433,1.688,1.316,1.47098490556066,0.373815165876777,2
4477,D3D,19940725,82215,3.7,0.117803281486977,1.339,1.87719656601539,4.064,6.09236,1.689,1.319,1.48035421248793,0.372409709887507,2
4478,D3D,19940913,82775,3.24,0.0696168263223657,0.6602,0.948108268887567,3.347,2.8812,1.681,1.3475,1.50018447468448,0.367638310529447,2
4479,D3D,19940913,82776,3.3,0.061155803080308,0.6662,0.948672619047619,2.79,2.9088,1.68,1.345,1.47996706249521,0.367261904761905,2
4480,D3D,19940913,82777,2.94,0.0580747617884192,0.6601,0.938580357142857,2.635,2.8651,1.68,1.3415,1.47747092215561,0.369642857142857,2
4481,D3D,19940913,82779,2.88,0.0466966061848213,0.663,0.947544589774078,2.608,3.3178,1.682,1.3665,1.48224080096517,0.368608799048751,2
4482,D3D,19940913,82780,2.5,0.0503414396209323,0.6658,0.937464328180737,2.408,2.8702,1.682,1.358,1.4905214758309,0.368608799048751,2
4483,D3D,19940913,82781,2.78,0.0432201667005489,0.6644,0.947544589774078,2.527,3.4433,1.682,1.3625,1.47747092215561,0.369203329369798,2
4484,D3D,19940913,82788,3.54,0.0620687530803351,0.656,0.949803337306317,2.857,3.2464,1.678,1.3545,1.48224080096517,0.369487485101311,2
4485,D3D,19950804,86209,2.265,0.141844493767248,1.197,2.16,4.222,4.59107,1.635,1.238,1.50871326216211,0.337003058103976,2
4486,D3D,19950927,87085,3.5,0.0512827310141892,1.181,1.58260107015458,5.024,15.0889,1.682,1.906,1.90639824999383,0.366825208085612,2
4487,D3D,19960319,88880,3.57,0.113676982121739,1.109,2.09408412887828,6.652,4.89589,1.676,1.215,1.46162361048315,0.334128878281623,2
4488,D3D,19960319,88881,3.61,0.0993412766842841,1.15,2.09283542039356,7.102,6.34409,1.677,1.212,1.48192393840653,0.333929636255218,2
4489,D3D,19960319,88882,3.63,0.102034552094875,1.145,2.09408412887828,7.131,6.09225,1.676,1.206,1.53493962491711,0.33054892601432,2
4490,D3D,19960319,88883,3.35,0.117118800562786,1.142,2.09283542039356,7.451,6.36832,1.677,1.21,1.51101178316048,0.336314847942755,2
4491,D3D,19960319,88884,3.59,0.0978362420120333,1.14,2.09283542039356,7.46,6.42216,1.677,1.211,1.47621514565359,0.335718545020871,2
4492,D3D,19960319,88885,3.08,0.118351964404802,1.149,2.09158820023838,6.806,5.80303,1.678,1.216,1.486257425556,0.335518474374255,2
4493,D3D,19960319,88886,3.75,0.106443234747273,1.149,2.09283542039356,6.5,6.26052,1.677,1.213,1.49207410236822,0.333929636255218,2
4494,D3D,19960319,88887,3.69,0.178835315033603,1.136,2.09408412887828,6.427,3.17236,1.676,1.207,1.47098498095755,0.336515513126492,2
4495,D3D,19960319,88888,3.225,0.119315613287173,1.144,2.09034246575342,6.753,6.9902,1.679,1.22,1.486257425556,0.335318642048839,2
4498,D3D,19960618,90108,3.09,0.15013223180733,1.358,1.9264753123141,6.963,5.86562918168118,1.681,1.2515,1.6392601964286,0.362284354550863,2
4499,D3D,19960618,90109,3.3,0.229403866563663,1.355,1.93337611940299,7.574,3.71924855836387,1.675,1.242,1.64022556428192,0.365373134328358,2
4500,D3D,19960618,90110,3.28,0.141683723504207,1.357,1.93337611940299,7.052,6.34434201592187,1.675,1.248,1.65182020492691,0.365970149253731,2
4501,D3D,19960618,90111,3.31,0.15453571845265,1.36,1.92991954707986,7.186,6.39463814511456,1.678,1.2965,1.68317346467607,0.366507747318236,2
4503,D3D,19960618,90117,2.96,0.214390377674033,1.134,1.62151823072325,3.146,1.2314918368278,1.673,1.2295,1.61552370949058,0.362821279139271,2
4504,D3D,19960618,90117,3.02,0.144290052093593,1.131,1.61138374178123,3.177,1.72735400939721,1.673,1.231,1.61021385701095,0.363419007770472,2
4506,D3D,19960618,90118,3.03,0.183848503844641,1.131,1.65192169754931,2.663,1.26887081005093,1.673,1.2715,1.62416287371246,0.362821279139271,2
4508,D3D,19960618,90120,3.425,0.315199340137314,1.136,1.65687350119904,3.251,1.22478048282658,1.668,1.2345,1.63487845923535,0.367505995203837,2
4521,D3D,19960731,90651,3,0.281548322155655,1.37,1.92991954707986,5.061,3.36794761460437,1.678,1.25,1.63800076172372,0.365911799761621,2
4523,D3D,19960731,90658,3.67,0.177501405550356,0.9558,1.35236309523809,4.693,2.47333252736104,1.68,1.268,1.61584652608903,0.366071428571429,2
4524,D3D,19960805,90740,3.04,0.338993773005659,1.366,1.91981525625745,6.096,3.05374340897618,1.678,1.2535,1.64109412805917,0.366507747318236,2
4536,D3D,19960805,90766,3.05,0.184093790867007,0.8046,1.14178486293206,4.722,1.84047489273971,1.678,1.2595,1.63707252560135,0.364123957091776,2
4540,D3D,19970522,92113,2.18,0.137266542052775,1.392,1.9,3.978,4.53133,1.672,1.246,1.635788527555,0.361842105263158,2
4541,D3D,19970522,92120,1.58,0.0882122590307644,0.9561,1.89,4.225,7.2779,1.681,1.226,1.55266097350003,0.363474122546104,2
4542,D3D,19980416,95883,3.4,0.173778250660405,1.269,1.99,9.413,6.54144,1.719,1.253,1.6490229754177,0.322280395578825,2
4543,D3D,19980615,96648,2.3,0.154208929212942,1.446,2.07,4.421,5.23316,1.68,1.279,1.5774929337134,0.361904761904762,2
4545,D3D,19980615,96660,2.75,0.102798359830228,1.437,2.06,4.08,6.9505,1.681,1.269,1.5908299204373,0.364663890541344,2
4546,D3D,19980615,96662,2.5,0.0741214507431509,1.434,2.07,3.964,8.52115,1.675,1.274,1.59745708048354,0.361791044776119,2
4547,D3D,19980615,96664,2.25,0.141561839937871,1.442,2.07,4.229,4.04318,1.677,1.271,1.59988093386435,0.362552176505665,2
4548,D3D,19980615,96665,2.5,0.145004743646356,1.437,2.07,4.174,4.57454,1.677,1.272,1.60092416041948,0.361359570661896,2
4549,D3D,19990331,98889,1.7,0.106148697911798,1.22,2.01725163593099,2.255,2.67455,1.681,1.061,1.57209348385819,0.356930398572278,2
4551,D3D,19990331,98889,2.5,0.163589272813883,1.215,2.01365795724466,3.61,3.16989,1.684,1.061,1.56670116439722,0.355700712589074,2
4552,D3D,19990331,98889,3,0.159344705245157,1.221,2.01246290801187,3.782,3.28646,1.685,1.063,1.5612639533809,0.354896142433234,2
4553,D3D,19990331,98889,3.5,0.157339866391591,1.217,2.02492869875223,3.653,3.25728,1.683,1.064,1.55717247080912,0.357100415923945,2
4554,D3D,19990331,98889,4,0.156656422306031,1.215,2.01246290801187,3.977,3.52389,1.685,1.062,1.56304418593892,0.354896142433234,2
4555,D3D,19990331,98889,4.5,0.159122121510149,1.22,2.02492869875223,4.044,3.38589,1.683,1.063,1.56157873133772,0.357100415923945,2
4582,D3D,19990416,99246,2.305,0.0686690292220996,-0.6801,0.95,2.849,3.4426,1.681,1.354,1.49765031913373,0.364663890541344,2
4584,D3D,20020314,110000,1.73,0.150592074568026,1.195406375,1.73173105716705,5.76239266681124,6.167133875,1.65920746326447,1.68528360128403,1.70795956975558,0.36230074187188,2
4585,D3D,20020314,110002,1.8,0.21959975031015,1.206992375,1.7313677072525,5.13567455741613,4.7137103203125,1.66308331489563,1.59449052810669,1.70457829911101,0.360710600866435,2
4586,D3D,20020314,110003,2.15,0.180086314511013,1.19790975,1.72893643379211,5.00193831930183,5.3396746484375,1.66265726089478,1.52957093715668,1.6433292472368,0.362096967315724,2
4587,D3D,20020314,110004,1.84,0.148811115449642,1.20720775,1.72795701026917,5.94303846901298,6.532749671875,1.66521310806274,1.55294692516327,1.67448034833869,0.361031031969774,2
4589,D3D,20020314,110011,2.95,0.14640947418055,1.190625,1.72309219837189,5.12132988891552,6.4036389140625,1.66444301605225,1.56893491744995,1.58242458259039,0.365188872081796,2
4590,D3D,20020314,110012,2.12,0.127952516859418,1.192604,1.71967804431915,4.3256225597917,6.512335140625,1.66859829425812,1.52928453683853,1.6145829619694,0.366357183717306,2
4591,D3D,20020314,110015,3.3,0.134552292755849,1.196337,1.72744584083557,3.85032523353204,6.31155029101562,1.66424584388733,1.52786791324616,1.63334343917014,0.364616015837594,2
4592,D3D,20020416,110663,2.45,0.141334251290595,1.21230475,1.72372114658356,5.6237270981673,6.4672582421875,1.66669523715973,1.56590783596039,1.58345391899341,0.36824288924605,2
4593,D3D,20020416,110665,2.3,0.167219221250967,1.19824175,1.72395992279053,4.89494352338899,5.2189107734375,1.66175711154938,1.56401568651199,1.57272298394675,0.36704851257501,2
4594,D3D,20020416,110666,3.8,0.115055739922681,1.194922,1.73189604282379,3.87666337486843,7.8832109765625,1.66138398647308,1.56492906808853,1.57335420166043,0.367831076785113,2
4595,D3D,20020416,110667,2.05,0.14006152729529,1.18452325,1.72986173629761,5.1729906626489,6.416313859375,1.66035318374634,1.61084640026092,1.59626378676257,0.370510212052625,2
4596,D3D,20020416,110670,5.51,0.156494267436665,1.190321,1.72608816623688,4.01957525741885,5.5168594296875,1.66077864170074,1.53920125961304,1.60961674961167,0.367105342587199,2
4598,D3D,20020416,110672,5,0.131408290693071,1.188149875,1.72620725631714,4.25374308663747,6.69699302539062,1.66301345825195,1.5371333360672,1.59928999568287,0.366386571307654,2
4599,D3D,20020416,110673,5.51,0.13421036278045,1.1872,1.7262749671936,2.70978928760744,5.678144578125,1.66145217418671,1.55714893341064,1.61217928203939,0.367550684778963,2
4600,D3D,20020416,110674,4.3,0.173202574780791,1.189647,1.73052954673767,4.81553635382636,5.15857340136719,1.65758037567139,1.55306273698807,1.60995870137207,0.367022606307235,2
4601,D3D,20020522,111322,2.6,0.141210402676835,1.2099115,1.7365700006485,5.5479782236926,6.3743968671875,1.66291880607605,1.53496778011322,1.69405105233879,0.363040512921756,2
4602,D3D,20020522,111323,3.2,0.144335201370344,1.196141625,1.73272168636322,4.84957239597114,6.1880758359375,1.66523230075836,1.52017503976822,1.67768657496231,0.363270878527217,2
4603,D3D,20020522,111325,4.75,0.153143277569485,1.21421025,1.72952604293823,4.63012702744845,5.8976657265625,1.66354858875275,1.53469657897949,1.68072805421226,0.364371881417344,2
4604,D3D,20020522,111326,3.3,0.15686843530768,1.205126625,1.72662568092346,3.82922164715316,5.67134459765625,1.66434478759766,1.53846657276154,1.69146190945326,0.364149904423123,2
4605,D3D,20020522,111329,2.05,0.132430467808532,1.20859525,1.72767639160156,5.89119209771683,7.694139078125,1.66486871242523,1.56445413827896,1.6738238054288,0.369364240736977,2
4606,D3D,20020522,111330,3.25,0.167096170993086,1.197803125,1.73875486850739,5.86341227673409,5.9015430703125,1.65777313709259,1.53348797559738,1.66131018064725,0.370145376854658,2
4607,D3D,20020522,111332,3.5,0.0942752137543901,1.195460375,1.73005449771881,5.5730506072431,8.075930625,1.6658810377121,1.53732019662857,1.64670761827888,0.36231810787465,2
4608,D3D,20020522,111335,2.75,0.127272099167331,1.20073175,1.73008668422699,3.13128772982234,6.43798360253906,1.66531348228455,1.55570214986801,1.69202091445379,0.361619880280567,2
4609,D3D,20020523,111343,2.05,0.143293142475683,1.21708975,1.72362542152405,3.99728068004476,6.2218758359375,1.66970670223236,1.55136209726334,1.6730290987221,0.358161005789092,2
4610,D3D,20020523,111344,1.62,0.12981058304876,1.212207625,1.73285281658173,3.53132722350027,6.3941689296875,1.66771161556244,1.52512317895889,1.67919590961781,0.356861927554395,2
4611,D3D,20020523,111345,1.95,0.132563363862923,1.21244975,1.73287642002106,3.60670666206803,6.224895078125,1.66646265983582,1.51755499839783,1.69384026184027,0.357822193125235,2
4612,D3D,20020523,111363,2.55,0.119953495917479,1.21220675,1.71149158477783,3.59326491251615,6.8799268828125,1.66990685462952,1.58709287643433,1.71641331162797,0.359764185161912,2
4613,D3D,20020523,111368,3,0.153820711040206,1.204784,1.71757566928864,3.85218516740158,5.663201640625,1.66530513763428,1.56061148643494,1.70096983317397,0.360080308716245,2
4614,D3D,20020523,111369,3,0.146347769156,1.210644,1.71797859668732,3.84262733272365,5.78689498828125,1.66754293441772,1.58055883646011,1.70273092186815,0.361680751230095,2
4615,D3D,20030408,113567,4.95,0.102362318435111,1.200494625,1.72750091552734,4.21517397795369,10.2965614921875,1.66196238994598,1.5392644405365,1.6582128507051,0.362700534538805,2
4616,D3D,20030429,113992,4.7,0.12182098020112,1.200358375,1.72648692131042,4.96468334691557,8.49733840625,1.6610164642334,1.53783535957336,1.66526933103651,0.36282555798868,2
4617,D3D,20030429,113993,4.7,0.109519140626681,1.19900375,1.72798871994019,5.02299264755979,9.7546568984375,1.66164827346802,1.51663720607758,1.65553415454201,0.362673503448904,2
4618,D3D,20030429,113996,4.8,0.110777541032868,1.200900375,1.88609719276428,5.09485232950472,10.1447883085937,1.66315650939941,1.54135495424271,1.65362598658552,0.363105458827281,2
4619,D3D,20030603,114408,2.05,0.131667184392197,1.207642375,1.88105940818787,4.45440088007403,6.388067484375,1.66365814208984,1.51527428627014,1.66219134006491,0.363677877890847,2
4620,D3D,20030603,114409,3.9,0.0911204168846354,1.20165975,1.87308049201965,5.61510824641949,11.0999330976562,1.66691696643829,1.51672458648682,1.66904496086545,0.364293129863143,2
4621,D3D,20030603,114410,2.7,0.156605855390766,1.205469625,1.70836782455444,4.92171355289278,6.22277,1.66549813747406,1.51656073331833,1.66278123350996,0.364477495902109,2
4622,D3D,20040406,117740,5,0.150035639447916,1.196288875,1.72930085659027,3.61195089272787,5.3110807109375,1.66299760341644,1.53860008716583,1.63536201080181,0.365173884167543,2
4623,D3D,20040406,117743,4.5,0.154225185386393,1.26406075,1.83254778385162,4.24735712310335,6.67221721875,1.664874792099,1.51883184909821,1.63132106915736,0.364505911578577,2
4624,D3D,20040406,117749,2.5,0.164797875640581,1.2028765,1.73123300075531,4.62677703542094,5.795735359375,1.66505432128906,1.54213261604309,1.63639084526847,0.364244236329396,2
4625,D3D,20040406,117752,4.5,0.178543991440884,1.09736225,1.72421753406525,4.02787701001321,4.72906806152344,1.66458857059479,1.52204585075378,1.62551168450583,0.363835967292344,2
4626,D3D,20040406,117753,2.55,0.165627003826681,1.204046375,1.72922945022583,4.63775719834056,5.7298936953125,1.66552400588989,1.51961427927017,1.63941184705578,0.363966124293094,2
4627,D3D,20040406,117754,1.95,0.170154712952963,1.198566875,1.73048901557922,4.34282112067337,5.59198990722656,1.66415905952454,1.51873302459717,1.64424284905007,0.363487105781971,2
4628,D3D,20040406,117756,3.5,0.170261521527864,1.198146625,1.72821664810181,3.85967240178209,5.32756227734375,1.66388845443726,1.51757383346558,1.63180889454463,0.364570279017156,2
4629,D3D,20040406,117757,5.2,0.099779260230872,1.191674125,1.69881510734558,3.83012764473444,8.23605023828125,1.69243323802948,1.5596889257431,1.63101584632865,0.35936552517303,2
4630,D3D,20040406,117758,3.5,0.158085882559051,1.19873,1.75111472606659,3.68408325355649,5.56521527734375,1.6637396812439,1.53993594646454,1.63107750811644,0.364893640650995,2
4631,D3D,20040406,117759,3.6,0.159780297591363,1.197606625,1.74812090396881,3.86459821387452,5.61353512304687,1.66484296321869,1.54062288999557,1.62825159763453,0.364976730514693,2
4632,D3D,20040406,117760,3,0.149239646250046,1.20048525,1.74957132339478,3.41151300161687,5.520864671875,1.66407132148743,1.54035538434982,1.6339122736621,0.364645229303997,2
4633,D3D,20040406,117761,3.1,0.158063684720154,1.2004885,1.74912106990814,3.61126303825354,5.53913028979492,1.66518080234528,1.54104232788086,1.63061520521587,0.365197201226841,2
4634,D3D,20040406,117762,2.35,0.168355054260543,1.205227125,1.73467838764191,3.50188450113168,5.16714058984375,1.66580438613892,1.52155566215515,1.61998595667577,0.364846913290461,2
4635,D3D,20040406,117763,2.16,0.176465728185457,1.206352,1.73682761192322,4.37183019565596,5.32572153125,1.66527152061462,1.54281663894653,1.63840317777839,0.363921553748898,2
4636,D3D,20040406,117764,3.1,0.182009576820595,1.202541,1.75202190876007,4.2193956627997,5.1255479453125,1.66530406475067,1.51962685585022,1.6369643765363,0.364184027540407,2
4637,D3D,20040406,117765,3.1,0.180531887877509,1.199564625,1.74860489368439,4.02921489576189,5.1297644609375,1.66468548774719,1.54018211364746,1.62882307829697,0.364974985667119,2
4638,D3D,20040406,117766,4.5,0.130776838734438,1.194236375,1.66644394397736,4.5636452767773,7.01716249609375,1.6646112203598,1.51887315511703,1.63579294611214,0.363925618659888,2
4639,D3D,20040507,118334,4.5,0.116592418284049,1.19873125,1.71938920021057,4.80473870983695,8.1575693203125,1.6678729057312,1.54205900430679,1.64093342683491,0.365713689213997,2
4640,D3D,20040507,118335,1.9,0.168805969470005,1.198437125,1.72161829471588,4.77897451357025,5.6289555390625,1.66617870330811,1.54348123073578,1.66074879819707,0.363327149329036,2
4641,D3D,20040507,118336,2.35,0.181218263698167,1.20229525,1.72560155391693,4.82603581026232,5.1259196875,1.66648733615875,1.54220306873321,1.6565896410566,0.364191260222373,2
4642,D3D,20040507,118337,2.4,0.164534518989277,1.198338,1.72287857532501,5.0123630089471,5.64340700976562,1.66534328460693,1.54107087850571,1.65491146694984,0.364211707274893,2
4643,D3D,20040507,118338,2.75,0.111788786833205,1.205078625,1.72481203079224,4.25182641796793,7.4987725625,1.66640317440033,1.56014716625214,1.65420652305513,0.36582048548792,2
4644,D3D,20040507,118339,1.8,0.182588168489624,1.196630625,1.72950601577759,4.76533793055792,5.16733975354004,1.66295349597931,1.56138962507248,1.66829210477001,0.36343989708861,2
4645,D3D,20040507,118340,4.5,0.113633692434969,1.199122125,1.72113692760468,4.01303008460103,7.8134398046875,1.6651017665863,1.53915697336197,1.6462080061234,0.36562261461756,2
4646,D3D,20040507,118341,4.7,0.1152371823222,1.187743375,1.72355794906616,5.48387801520721,8.67801231640625,1.66168510913849,1.53722059726715,1.64805345107181,0.364083297313875,2
4647,D3D,20040507,118344,1.7,0.146193566050701,1.203466375,1.72153425216675,5.58177589171648,6.2233284453125,1.66594886779785,1.57458925247192,1.66263867227053,0.36277673718883,2
4648,D3D,20040507,118345,3.1,0.127325120058681,1.19692275,1.72712349891663,6.15280549638334,7.81762890625,1.66094124317169,1.64452242851257,1.65369581592253,0.365520561459013,2
4649,D3D,20040507,118346,4.5,0.0988483873398285,1.19638625,1.72322249412537,6.69975051874609,9.920166265625,1.66308641433716,1.64547365903854,1.65804925315115,0.365730436141403,2
4650,D3D,20040507,118347,1.8,0.170867430754023,1.18818225,1.72872579097748,5.58780781250646,5.4484423828125,1.65978693962097,1.64452922344208,1.65925115800741,0.364347982971281,2
4651,D3D,20040512,118437,4,0.100779009689336,1.17758975,1.728924036026,7.19290435364549,7.6399833984375,1.66128730773926,1.49690461158752,1.62037615139954,0.365671279792145,2
4652,D3D,20040512,118438,4,0.118255932148286,1.179883,1.72675704956055,6.54549475482959,7.5663656015625,1.66352570056915,1.50164490938187,1.62010434907195,0.364924632730346,2
4653,D3D,20040512,118440,4.5,0.126503232488463,1.17641525,1.72296786308289,6.80310373214774,7.14914426757812,1.66271495819092,1.52601128816605,1.61238772271992,0.364967065924933,2
4654,D3D,20040512,118444,4.5,0.132229192879572,1.198876375,1.7196489572525,4.46483832405418,6.6121277265625,1.6645325422287,1.54157835245132,1.65721045974909,0.363317386791525,2
4655,D3D,20040512,118446,4.5,0.117767629376086,1.19516625,1.72488498687744,3.32654076390141,6.638206640625,1.66294586658478,1.53732496500015,1.65370712041418,0.36481093888006,2
4656,D3D,20040630,119232,2.35,0.178182483655093,1.201951,1.72700619697571,5.04331909912016,5.5215317578125,1.66389966011047,1.53615617752075,1.65866813266994,0.364193982691545,2
4657,D3D,20040720,119487,3.4,0.155590968280085,1.19106425,1.72447657585144,5.42467854994915,5.9573346640625,1.6637237071991,1.52075493335724,1.65233210300504,0.363384245968458,2
4658,D3D,20040720,119488,2.6,0.17899267886918,1.194834125,1.72800290584564,5.17273249731869,5.25861652734375,1.66401565074921,1.53995734453201,1.65739690765913,0.364112037051961,2
4659,D3D,20040720,119493,4.5,0.167790453320994,1.187110125,1.72170913219452,4.36347742572207,5.2179969765625,1.66223096847534,1.54730880260467,1.6480795990904,0.36394985901982,2
4660,D3D,20040720,119494,4.5,0.155346327841846,1.195751125,1.71792829036713,4.44784471213993,5.5718665,1.66449964046478,1.54442149400711,1.65408816351546,0.364078176101057,2
4661,D3D,20040720,119495,4.5,0.153827497192691,1.18759475,1.72005593776703,3.86358314473976,5.38852539453125,1.66259491443634,1.54078006744385,1.65304973074103,0.364483876188018,2
4662,D3D,20040720,119496,2.4,0.0991731400206057,1.193988125,1.72256052494049,3.21757586305392,6.94201575,1.66279816627502,1.49124944210052,1.63881080050941,0.365055408579036,2
4663,D3D,20040720,119497,4.5,0.148024744183972,1.19067125,1.72026252746582,3.34208763841584,5.36904892578125,1.66239452362061,1.49238565564156,1.63692875387283,0.364170986440041,2
4664,D3D,20040720,119498,4.5,0.179330456711095,1.19135625,1.72477567195892,3.54040369198756,4.70370550390625,1.66081488132477,1.49076187610626,1.62834134879358,0.365682093465188,2
4665,D3D,20040720,119499,4.3,0.0867652476501895,1.18984375,1.72095143795013,3.27715597923752,8.660670296875,1.66211569309235,1.50119125843048,1.63903001330783,0.363850556382463,2
4666,D3D,20040720,119500,4.4,0.132230361104028,1.19106375,1.70983612537384,3.97147294311761,6.5145395859375,1.67315268516541,1.51538920402527,1.65935323291439,0.356743495136803,2
4667,D3D,20040720,119501,4.5,0.0993004224841512,1.192334,1.71212542057037,3.54160567809904,7.975842828125,1.67270147800446,1.51469212770462,1.65839996534289,0.357242957468184,2
4668,D3D,20040720,119504,2,0.146600366107745,1.194949125,1.70340299606323,3.8986505287914,6.13274410644531,1.67393934726715,1.51742327213287,1.67420564163017,0.356017520554912,2
4669,D3D,20040720,119505,2.05,0.167838891340191,1.191582875,1.7021404504776,3.92974339821095,5.541237671875,1.67166864871979,1.51239621639252,1.66698169218848,0.357352253334581,2
4670,D3D,20040720,119506,4.5,0.102707439972386,1.188626125,1.70315372943878,3.50384515026633,7.515964765625,1.66248917579651,1.49291729927063,1.62867223064243,0.365012580695354,2
4671,D3D,20040720,119509,3.5,0.183584071726386,1.192338125,1.71305274963379,3.62697703853539,4.6619280546875,1.66179609298706,1.49060064554214,1.63216711427709,0.365341320427117,2
4672,D3D,20040720,119511,3.9,0.162308194219833,1.19208975,1.74385344982147,3.43398701928861,5.18775073046875,1.6619873046875,1.49177479743957,1.63678212053647,0.364390722548659,2
4673,D3D,20040720,119512,3.8,0.18361780788581,1.189307,1.66340065002441,3.68064024284527,4.5727531328125,1.66254639625549,1.4909340441227,1.6295816355398,0.365082655442784,2
4674,D3D,20040720,119513,3.8,0.188529021707532,1.188720875,1.67865777015686,3.45917023361119,4.42077030078125,1.6615948677063,1.48917585611343,1.63321530017991,0.365482777590765,2
4675,D3D,20040720,119515,3.8,0.147882629188091,1.192335,1.67656207084656,3.37699889181633,5.369716625,1.66248321533203,1.49022126197815,1.63113144843294,0.365466925093504,2
4676,D3D,20040720,119516,4,0.172393112627203,1.193507375,1.67603361606598,3.66507841497271,4.80051515625,1.66300904750824,1.49434810876846,1.63866814269379,0.363715957707383,2
4677,D3D,20040729,119725,4.5,0.0925728497284355,1.19091875,1.66090214252472,3.96143440195601,7.964536703125,1.68343436717987,1.50725811719894,1.57451595060484,0.372098316127037,2
4678,D3D,20040729,119726,4.5,0.132343230075786,1.18901425,1.65700590610504,3.50544208095452,5.67998654101562,1.68442666530609,1.5093497633934,1.57669393866636,0.371907704142854,2
4679,D3D,20040729,119727,4.5,0.132945784502225,1.190185125,1.65928602218628,3.60022394151067,5.395610390625,1.68483352661133,1.51023423671722,1.57741649587646,0.371812516839533,2
4680,D3D,20040729,119728,4.5,0.179585593065633,1.19433825,1.67833721637726,3.84940604181122,4.4982095234375,1.6638103723526,1.49525225162506,1.62947484871293,0.36451025872009,2
4681,D3D,20040729,119729,4.5,0.0974123746578438,1.194336625,1.67111670970917,3.35123557515893,7.5823413359375,1.66734385490417,1.49946612119675,1.6193296853046,0.364711846845295,2
4682,D3D,20040729,119732,2,0.193901821404773,1.19150475,1.71646571159363,4.18758019433837,4.798091734375,1.6635981798172,1.49507039785385,1.63527712526738,0.363706750846078,2
4683,D3D,20040729,119733,4.5,0.183318572323357,1.194726875,1.67903792858124,3.73284813356464,4.53301733203125,1.66461741924286,1.49500173330307,1.62356847501948,0.365328248574907,2
4684,D3D,20040729,119734,4.5,0.11395705844705,1.192971,1.6811192035675,3.56352092396155,6.71863946875,1.66429626941681,1.4965732395649,1.62712856778375,0.36388511272978,2
4685,D3D,20040729,119735,4.5,0.127710896838788,1.192726375,1.68390774726868,3.71539976364113,6.2107484140625,1.66414380073547,1.49399864673615,1.6302708317337,0.364395104531926,2
4686,D3D,20040729,119737,5,0.0755115638374347,1.190731875,1.67807793617249,3.43503265484662,9.02334022265625,1.66509735584259,1.49313560128212,1.62556565829981,0.365228712022875,2
5173,JET,19880422,15925,54.4,0.916330031098714,-3.026,3.069,4.071,6.2382,2.802,1.4651,1.68660116435231,0.392933618843683,2
5174,JET,19880422,15925,54.6,0.995962214919162,-3.026,3.07,4.294,6.0553,2.803,1.4683,1.69010998219959,0.392079914377453,2
5175,JET,19880422,15925,54.61,0.996629472747351,-3.026,3.067,4.305,6.0673,2.803,1.4683,1.68984643783935,0.392079914377453,2
5176,JET,19880422,15925,54.8,0.90839833253446,-3.025,3.069,4.492,6.8847,2.805,1.4691,1.69107771164988,0.39144385026738,2
5218,JET,19880505,16245,55.1,0.684542577519748,-3.025,3.4,2.977,6.83471,2.799,1.465,1.66122061658489,0.397642015005359,2
5219,JET,19880505,16245,55.4,0.669454318760611,-3.023,3.399,3.256,7.5392,2.8,1.4699,1.66163558318011,0.397142857142857,2
5220,JET,19880505,16245,55.65,0.69956678700361,-3.024,3.397,3.381,7.6175,2.802,1.472,1.66478703839594,0.396145610278373,2
5264,JET,19880506,16283,54.2,1.01132359003684,-4.044,3.664,4.383,7.5197,2.776,1.5272,1.71989555109982,0.388328530259366,2
5277,JET,19880506,16287,53.95,1.00472693231648,-4.045,3.696,4,6.69779,2.756,1.5123,1.7118799926677,0.390058055152395,2
5278,JET,19880506,16287,54.2,0.955632760215218,-4.032,3.69,4.435,7.77443,2.758,1.5156,1.71356759111892,0.389050036258158,2
5308,JET,19880708,17010,55.8,0.721724382341029,-3.141,2.456,1.924,3.9504,2.753,1.493,1.6690077846214,0.399927351979659,2
5309,JET,19880708,17010,56.3,0.657424480188309,-3.131,2.453,2.329,5.098,2.756,1.498,1.67020226572973,0.399129172714078,2
5310,JET,19880708,17010,56.59,0.634802409551112,-3.128,2.453,2.473,5.5114,2.757,1.4991,1.671661876983,0.398621690243018,2
5313,JET,19880708,17011,54.89,0.73602648010231,-3.157,2.457,2.069,3.9879,2.753,1.4921,1.671371074436,0.399927351979659,2
5314,JET,19880708,17011,55.29,0.705084817912862,-3.156,2.452,2.386,4.6983,2.756,1.4975,1.67576428350379,0.398403483309144,2
5315,JET,19880708,17011,55.5,0.679401896141391,-3.155,2.452,2.515,5.1262,2.757,1.4999,1.67897091171702,0.39753355096119,2
5362,JET,19880715,17160,53,1.00743890124434,-4.133,2.8,3.444,4.94159,2.741,1.4695,1.67898611939415,0.401678219627873,2
5363,JET,19880715,17160,53.3,0.816163999705037,-4.111,2.795,3.748,6.7805,2.747,1.4745,1.6808242336944,0.400800873680379,2
5364,JET,19880715,17160,53.6,0.771451561678494,-4.112,2.789,3.945,7.49386,2.752,1.4791,1.68476305005206,0.400072674418605,2
5368,JET,19880715,17178,53.5,0.788534643838264,-5.126,2.822,3.846,8.53615,2.751,1.4733,1.71074384358179,0.395492548164304,2
5369,JET,19880715,17178,53.7,0.741223728297289,-5.125,2.84,3.988,9.45504,2.755,1.4766,1.71450844807882,0.39491833030853,2
5370,JET,19880715,17178,53.9,0.721245813300539,-5.12,2.857,4.104,9.96907,2.758,1.48,1.71511881174914,0.394851341551849,2
5376,JET,19880715,17179,53.2,0.929140799493502,-5.134,2.798,4.935,9.09776,2.752,1.4782,1.72001953621778,0.394622093023256,2
5377,JET,19880715,17179,53.4,0.954614018247512,-5.123,2.811,5.051,9.40731,2.755,1.4813,1.72008902623475,0.394555353901996,2
5472,JET,19880831,17899,53,0.579607189702925,-3.116,2.442,1.986,4.03299,2.769,1.4746,1.68565667479007,0.386421090646443,2
5473,JET,19880831,17899,53.41,0.613945806403857,-3.116,2.438,2.161,4.32302,2.773,1.4747,1.68992603312023,0.385503065272268,2
5474,JET,19880831,17899,53.8,0.589409067471225,-3.114,2.436,2.282,4.69326,2.774,1.4766,1.69253403860591,0.385003604902668,2
5503,JET,19880831,17917,53.8,0.451535285593197,-3.108,2.424,2.62,7.3146,2.787,1.4811,1.69857752651833,0.391101542877646,2
5504,JET,19880831,17917,54.3,0.487936470246811,-3.108,2.425,2.925,7.5807,2.79,1.4861,1.70365591259335,0.389605734767025,2
5505,JET,19880831,17917,54.7,0.483809181409072,-3.107,2.423,3.123,8.0663,2.791,1.4896,1.70741013280082,0.388391257613759,2
5509,JET,19880901,17932,53.5,0.47322593626907,-3.123,2.454,2.993,8.2001,2.753,1.4988,1.68738892762384,0.399927351979659,2
5510,JET,19880901,17932,53.8,0.491143297071968,-3.121,2.452,3.079,7.9883,2.758,1.5057,1.69213381014271,0.39811457577955,2
5511,JET,19880901,17932,54.1,0.489041129139917,-3.124,2.445,3.12,8.2399,2.762,1.5116,1.69849827108114,0.396451846488052,2
5678,JET,19880927,18637,53.2,0.571690184600795,-3.096,2.438,2.893,6.1159,2.773,1.5319,1.69633909029482,0.388748647673999,2
5684,JET,19880927,18638,52.9,0.844001299719812,-4.086,2.904,3.54,5.87819,2.753,1.509,1.70976079470697,0.391572829640392,2
5808,JET,19880928,18700,53,0.684272899305415,-5.017,2.899,3.108,7.40874,2.751,1.4872,1.73590916601084,0.392584514721919,2
5809,JET,19880928,18700,53.3,0.737628594631629,-5.014,2.901,3.379,7.56058,2.753,1.4865,1.73411983238261,0.393025790047221,2
5810,JET,19880928,18700,53.8,0.88502261879942,-5.016,2.895,3.873,7.14671,2.756,1.4898,1.73651249632735,0.392235123367199,2
5815,JET,19880928,18701,52.9,0.701437900276098,-5.041,2.901,3.683,9.85882,2.755,1.4918,1.73678489044442,0.392377495462795,2
5831,JET,19880928,18704,52.8,0.753740644830824,-5.038,2.901,3.486,8.78525,2.755,1.4918,1.73140092389659,0.392740471869329,2
5869,JET,19890519,19453,50.45,0.494362328978053,-3.204,3.014,2.811,8.73499,2.78,1.4241,1.74960208716047,0.384892086330935,2
5891,JET,19890520,19513,53.33,0.429545602499837,-3.062,2.511,2.524,6.1444,2.867,1.3674,1.72108356248723,0.376351587024765,2
5892,JET,19890520,19513,53.91,0.414433855690409,-3.058,2.509,2.743,6.9046,2.869,1.3692,1.72391416115106,0.375392122690833,2
5914,JET,19890609,19790,52.5,0.511543426147889,-3.082,2.089,1.556,5.423,2.855,1.3962,1.70997463593907,0.383887915936953,2
5915,JET,19890609,19790,53.5,0.532124277981553,-3.074,2.082,1.895,5.6162,2.858,1.3992,1.71218035209886,0.382435269419174,2
5916,JET,19890609,19790,53.8,0.480582770532875,-3.069,2.081,2.004,6.11081,2.859,1.3997,1.71344911163916,0.381951731374607,2
5921,JET,19890609,19791,53.55,0.505161883141452,-3.069,2.093,1.926,5.5503,2.859,1.4002,1.71138101486632,0.382301504022385,2
5933,JET,19890609,19799,51,0.587541126703821,-3.084,2.891,3.035,8.9358,2.879,1.4078,1.67389856447657,0.388329281000347,2
5946,JET,19890610,19814,51.65,0.606333515667735,-3.085,1.988,2.972,7.6782,2.858,1.4063,1.72176875675168,0.380685794261721,2
5950,JET,19890610,19815,50.59,0.510817020054564,-3.099,1.998,1.208,4.1786,2.851,1.3912,1.71167163226013,0.385128025254297,2
5987,JET,19890623,19971,51.3,0.421222453603057,-3.069,2.985,1.882,4.3699,2.875,1.3787,1.65387620026628,0.389217391304348,2
5988,JET,19890623,19971,51.52,0.406437952620597,-3.067,2.97,1.972,4.8882,2.875,1.3794,1.6547988547039,0.388869565217391,2
5989,JET,19890623,19971,51.69,0.418502021798477,-3.066,2.979,2.041,4.8719,2.876,1.3794,1.65428952910997,0.388734353268428,2
6136,JET,19890710,20269,52.29,0.183003286424539,-1.526,1.28,1.166,5.9335,2.858,1.3069,1.52923061762312,0.384184744576627,1
6137,JET,19890710,20269,52.5,0.177366728298193,-1.526,1.27,1.194,6.4361,2.86,1.307,1.53151555577792,0.382867132867133,1
6138,JET,19890710,20269,52.8,0.233891198394495,-1.532,1.278,1.323,5.5808,2.863,1.3103,1.53126369180083,0.381767376877401,1
6143,JET,19890710,20272,52.14,0.371389042264833,-2.081,1.27,2.839,7.9688,2.86,1.3791,1.69239150399392,0.38986013986014,1.5
6144,JET,19890710,20272,52.41,0.36120025721448,-2.077,1.259,2.979,8.4171,2.863,1.3811,1.6970803934238,0.387705204331121,1.5
6152,JET,19890711,20285,51.69,0.174896521946281,-2.095,1.249,2.243,13.4328,2.888,1.3622,1.66836604708694,0.387465373961219,1.5
6153,JET,19890711,20285,51.9,0.2072746036741,-2.098,1.251,2.492,14.3001,2.893,1.3735,1.68195157885765,0.38299343242309,1.5
6159,JET,19890711,20287,51.9,0.252019153109496,-2.099,1.258,2.199,10.4004,2.88,1.3864,1.68609032840119,0.386111111111111,1.5
6164,JET,19890711,20289,51.67,0.25641690192993,-2.096,1.26,2.755,10.8035,2.887,1.3865,1.67975580880686,0.387253204018012,1.5
6270,JET,19891002,20860,52.2,0.463055321107957,-2.074,1.215,2.886,5.2132,2.899,1.3998,1.7084421547555,0.380131079682649,1.5
6275,JET,19891002,20861,51.77,0.275544981122437,-2.084,1.203,1.858,6.96859,2.891,1.3927,1.70491332087725,0.382220684884123,1.5
6276,JET,19891002,20861,52.31,0.324688098224305,-2.083,1.213,2.814,7.5745,2.901,1.4005,1.71224770845949,0.378834884522578,1.5
6277,JET,19891002,20861,52.74,0.372134861909699,-2.06,1.218,3.716,8.4872,2.901,1.3994,1.71955480729531,0.378145467080317,1.5
6281,JET,19891002,20862,51.82,0.436247924737133,-2.083,1.224,2.634,5.421,2.876,1.391,1.70908517613665,0.382127955493741,1.5
6282,JET,19891002,20862,52.5,0.404178544592043,-2.058,1.232,3.374,7.65215,2.881,1.3949,1.71383891360858,0.379729260673377,1.5
6287,JET,19891002,20872,54.1,0.267873097386246,-2.051,1.233,3.1,10.000519,2.868,1.3954,1.71076960322682,0.382147838214784,1.5
6288,JET,19891002,20872,54.4,0.379739925875336,-2.065,1.236,3.381,8.592012,2.873,1.3984,1.71623254337619,0.380786634180299,1.5
6289,JET,19891002,20872,54.79,0.302262070643951,-2.045,1.236,3.387,10.02577,2.874,1.4006,1.71484480954065,0.380306193458594,1.5
6298,JET,19891002,20873,53.8,0.300606784947807,-2.069,1.236,2.878,8.14951,2.873,1.3955,1.70629524614063,0.383223111729899,1.5
6299,JET,19891002,20873,54.1,0.257335621065545,-2.058,1.241,2.986,9.48829,2.873,1.3993,1.70929541065126,0.382178907065785,1.5
6320,JET,19891002,20880,54.3,0.360073653076611,-2.069,1.308,2.896,6.8972,2.887,1.3999,1.69807915241864,0.382403879459647,1.5
6321,JET,19891002,20880,54.68,0.428394925807675,-2.067,1.307,3.416,8.1747,2.891,1.406,1.70288160529732,0.38083708059495,1.5
6354,JET,19891005,20972,49,0.793970972939526,-3.116,2.043,2.124,3.26454,2.859,1.3872,1.72896643398218,0.382301504022385,2
6355,JET,19891005,20972,49.21,0.63521306516036,-3.096,2.037,2.04,4.2311,2.86,1.3877,1.72782340087668,0.381468531468531,2
6356,JET,19891005,20972,49.4,0.611476608187134,-3.095,2.026,1.941,4.5144,2.861,1.3874,1.72621885972125,0.381335197483397,2
6460,JET,19891007,21009,50.86,0.499799732977303,-4.14,2.945,2.918,10.486,2.908,1.4126,1.72790065100546,0.37585969738652,2
6461,JET,19891007,21009,51.11,0.432394559990731,-4.123,2.948,3.665,13.8088,2.909,1.4156,1.72999901737551,0.375386730835339,2
6547,JET,19900716,21791,50.39,0.761919586526859,-3.118,2.951,2.703,3.62974,2.889,1.4329,1.61140910581512,0.386292834890966,2
6548,JET,19900716,21791,50.69,0.811064924510533,-3.12,2.956,2.788,3.64223,2.889,1.4333,1.61174047165533,0.385946694357909,2
6553,JET,19900716,21792,50,0.853458583199711,-3.115,2.957,2.706,3.23673,2.891,1.4341,1.61158658046528,0.386371497751643,2
6554,JET,19900716,21792,50.36,0.931846944204796,-3.119,2.955,2.831,3.32663,2.894,1.4357,1.61115352943038,0.385625431928127,2
6555,JET,19900716,21792,50.69,0.889454584472826,-3.114,2.944,2.88,3.63466,2.895,1.4372,1.61020426151555,0.385146804835924,2
6561,JET,19900716,21800,51.6,0.982025594707903,-3.17,2.997,4.342,6.81469,2.856,1.4381,1.58942953672708,0.390756302521008,2
6573,JET,19900716,21802,51.66,0.768273265422481,-3.123,2.913,4.271,7.61194,2.938,1.3851,1.55839946797652,0.374404356705242,2
6774,JET,19900908,22236,52.85,0.705742192806652,-3.191,2.408,2.998,6.55133,2.774,1.358,1.67816714993795,0.404470079307859,2
6775,JET,19900908,22236,53.29,0.602943729959369,-3.158,2.42,3.763,8.6387,2.773,1.3605,1.67975580880686,0.403173458348359,2
6848,JET,19900913,22296,53.99,0.430636521596085,-3.169,-3.557,2.829,9.7263,2.862,1.3916,1.71459141711749,0.36722571628232,2
6849,JET,19900913,22296,54.2,0.594838436664968,-3.168,-3.549,3.069,9.6179,2.864,1.3973,1.71468298719199,0.366620111731844,2
6850,JET,19900913,22296,54.38,0.538233110616184,-3.159,-3.552,3.344,10.9107,2.865,1.4006,1.7163069040702,0.365794066317627,2
6855,JET,19900913,22310,53.99,0.457616840646251,-3.164,-2.987,2.474,9.2348,2.86,1.3884,1.73218619461442,0.365734265734266,2
6856,JET,19900913,22310,54.26,0.370710880338219,-3.153,-2.971,2.455,11.48604,2.861,1.3908,1.72927691313203,0.365606431317721,2
6868,JET,19900913,22312,54.24,0.627808650753714,-3.165,-2.967,2.065,9.1414,2.874,1.3694,1.74048582139601,0.352470424495477,2
6909,JET,19900914,22328,50.09,0.440798156991673,-4.182,2.992,3.41,12.5013,2.859,1.3759,1.72498645936464,0.386498775795733,2
7048,JET,19900917,22391,54.51,0.336957814328418,-2.094,1.156,2.69,7.21252,2.803,1.3208,1.67202378723925,0.404209775240813,2
7049,JET,19900917,22391,54.81,0.315522474466695,-2.085,1.109,2.885,8.7239,2.805,1.3246,1.67767289887498,0.402852049910873,2
7087,JET,19900921,22506,55.1,0.486028012648315,-3.156,-2.985,2.417,10.0883,2.857,1.3969,1.72441059662805,0.371018550927546,2
7092,JET,19900921,22507,55.35,0.474129846782736,-3.144,-2.987,3.084,13.4058,2.859,1.4068,1.72902834578912,0.37425673312347,2
7102,JET,19900921,22509,54.8,0.448984835525946,-3.165,-2.972,1.688,8.8859,2.863,1.3849,1.72944646433865,0.362556758644778,2
7109,JET,19900921,22510,55.1,0.533053329422118,-3.149,-2.973,2.132,8.5225,2.863,1.3829,1.73064645524836,0.361159622773315,2
7110,JET,19900921,22510,55.27,0.504298466708675,-3.145,-2.97,2.281,9.522,2.866,1.3795,1.72785619454378,0.35973482205164,2
7315,JET,19901008,22873,51.34,0.82399496003465,-3.14,2.357,2.813,5.0794,2.849,1.3737,1.7497492020282,0.383643383643384,2
7316,JET,19901008,22873,51.59,0.723325568346058,-3.137,2.347,2.883,5.8811,2.85,1.3744,1.75296121231181,0.38280701754386,2
7328,JET,19901009,22876,52,0.814453195408814,-3.146,2.979,2.192,5.6456,2.851,1.3941,1.73596174647236,0.376359172220274,2
7329,JET,19901009,22876,52.23,0.723739687348343,-3.143,2.998,2.276,6.7999,2.853,1.3965,1.73781705618516,0.375744830003505,2
7358,JET,19901009,22883,53.01,1.19529309488326,-3.13,2.342,2.046,3.2208,2.862,1.3579,1.77338488048424,0.352550663871419,2
7359,JET,19901009,22883,53.54,1.32117030251898,-3.129,2.34,2.071,3.3188,2.865,1.3653,1.7782388114533,0.351483420593368,2
7363,JET,19901009,22884,53.01,0.986822519233481,-3.127,2.346,2.233,3.19105,2.858,1.3508,1.77174718886316,0.353393981805458,2
7364,JET,19901009,22884,53.53,1.19827205730597,-3.121,2.348,2.25,3.14941,2.861,1.3564,1.77471230996808,0.35232436211115,2
7365,JET,19901009,22884,53.81,1.20821795068388,-3.122,2.347,2.227,3.32589,2.862,1.36,1.7743990333026,0.352201257861635,2
7411,JET,19901009,22898,52.61,0.553075026154536,-3.136,2.347,2.105,8.0292,2.863,1.3829,1.77541137054032,0.358016067062522,1.5
7423,JET,19901009,22900,51.11,0.601167082592388,-3.135,2.344,2.27,6.6919,2.857,1.371,1.76174051042573,0.35666783339167,1.5
7424,JET,19901009,22900,51.4,0.51212548789194,-3.132,2.352,2.355,8.033285,2.86,1.3656,1.76708388440965,0.354545454545455,1.5
7434,JET,19901009,22907,57.04,0.572927673528876,-3.115,2.368,3.078,8.2335,2.832,1.3982,1.76548822707179,0.374293785310734,1.5
7435,JET,19901009,22907,57.19,0.518275718717022,-3.107,2.362,3.246,9.3813,2.832,1.399,1.76825639815047,0.373940677966102,1.5
7436,JET,19901009,22907,57.41,0.490562170700739,-3.103,2.368,3.279,10.0023,2.832,1.4013,1.76605481507791,0.374293785310734,1.5
7453,JET,19901013,22985,55.76,0.726230995668099,-3.506,2.653,2.396,4.78312,2.878,1.423,1.69796732445061,0.38047255038221,2
7454,JET,19901013,22985,56.37,0.739794579639748,-3.503,2.652,2.302,4.76389,2.879,1.4233,1.70392053402928,0.379645710316082,2
7617,JET,19901029,23336,53.4,0.811617143804743,-3.16,2.33,3.225,6.6333,2.857,1.4062,1.79789478321391,0.352817640882044,1.5
7618,JET,19901029,23336,53.99,0.630403104246516,-3.146,2.333,3.456,8.8793979,2.86,1.408,1.80202635878602,0.351398601398601,1.5
7619,JET,19901029,23336,55.37,0.571600977509046,-3.127,2.326,3.387,8.97383,2.862,1.4091,1.81457646015011,0.348986722571628,1.5
7730,JET,19940810,31271,57.29,0.191312665768077,2.036,2.958,4.06,10.303552,2.818,1.2233,1.50985501908038,0.357345635202271,2
7733,JET,19940810,31273,55.39,0.231769382460005,2.053,2.361,4.031,9.31551,2.816,1.2002,1.51240372434664,0.356889204545455,2
7734,JET,19940810,31273,57.79,0.201419568877849,2.025,2.381,3.938,11.9966,2.818,1.2304,1.53761570558185,0.356635911994322,2
7735,JET,19940810,31273,59.75,0.203485002173598,2.017,2.394,5.195,13.802,2.817,1.2604,1.56748447446116,0.356052538161164,2
7737,JET,19940810,31275,55.39,0.229638455076886,2.058,2.384,5.472,11.6666,2.817,1.2304,1.52856630926965,0.356052538161164,2
7738,JET,19940810,31275,57.51,0.18759922590546,2.034,2.379,5.508,14.15331,2.817,1.2495,1.56178913321362,0.356052538161164,2
7746,JET,19940902,31595,60.75,0.386276214564232,-2.021,-2.559,5.193,6.07296,2.854,1.1903,1.63651986526559,0.315557112824106,2
7747,JET,19940902,31595,62.51,0.374101152659657,-2.035,-2.537,5.087,7.30658,2.853,1.1965,1.6527481529809,0.313774973711882,2
7748,JET,19940902,31599,62.51,0.300838347991565,-2.027,-2.561,6.324,9.7215,2.857,1.201,1.65505614637311,0.312740637031852,2
7750,JET,19940903,31614,60.5,0.322780839359603,-2.022,-2.544,6.228,8.11309,2.855,1.1942,1.64721652485626,0.313590192644483,2
7751,JET,19940907,31690,55.01,0.422808970236623,-2.01,-1.804,6.878,7.2774,2.86,1.1849,1.68030397353789,0.30972027972028,2
7752,JET,19940907,31691,55.76,0.430010090854451,-2.003,-2.19,5.555,7.072741,2.862,1.1984,1.66644206247556,0.311425576519916,2
7753,JET,19940907,31691,59.75,0.500785531603946,-1.987,-2.194,4.972,5.474,2.863,1.1943,1.68117820101536,0.308941669577366,2
7754,JET,19940907,31692,57.77,0.419349258193091,-2.006,-2.171,4.968,7.2256,2.86,1.2027,1.66852193463944,0.310699300699301,2
7755,JET,19940907,31692,64.77,0.525516116136378,-2.034,-2.169,5.408,5.720757,2.86,1.1976,1.7085548380696,0.307482517482517,2
7756,JET,19940907,31695,58.5,0.423727290324365,-2.019,-2.187,5.463,7.2326,2.864,1.2018,1.68542990141844,0.307472067039106,2
7757,JET,19940907,31695,64.01,0.527980452951558,-2.006,-2.174,4.919,5.61517,2.855,1.1982,1.68253036766142,0.309982486865149,2
7758,JET,19940907,31696,61.5,0.443085201260479,-2.002,-2.196,5.158,6.7276,2.86,1.1985,1.69008823380386,0.30979020979021,2
7759,JET,19940907,31703,69.75,0.506697611667015,-2.029,-2.161,4.658,6.2261,2.856,1.1933,1.68566502163888,0.310854341736695,2
7760,JET,19940908,31715,61,0.524109484131161,-2.538,-2.563,5.925,8.93134,2.816,1.1868,1.49603597888586,0.353373579545455,2
7761,JET,19940908,31717,59.25,0.460786812813323,-2.498,-2.558,5.587,9.4152,2.854,1.1862,1.67668701385121,0.311492641906097,2
7762,JET,19940908,31719,54.25,0.483845864317467,-2.505,-2.555,6.747,9.8303,2.852,1.2014,1.66812371941648,0.312622720897616,2
7763,JET,19940908,31719,58.24,0.582868633108583,-2.49,-2.557,4.994,6.6889,2.858,1.1851,1.68336453104372,0.310811756473058,2
7764,JET,19940908,31730,60.25,0.607286384235416,-3.04,-2.955,6.04,9.12222,2.822,1.1731,1.48203636455928,0.353330970942594,2
7765,JET,19940908,31731,57.26,0.489813943579456,-2.971,-2.921,5.779,11.2654,2.851,1.1933,1.66932817862816,0.311680112241319,2
7766,JET,19940914,31840,57.26,0.405297363007294,-2.511,-2.544,8.425,10.694,2.856,1.1921,1.68646810607404,0.308088235294118,2
7767,JET,19940914,31840,60.5,0.427575223932516,-2.53,-2.561,6.934,9.1992,2.862,1.1833,1.69435746299189,0.307547169811321,2
7768,JET,19940914,31843,58.02,0.505613126079447,-2.512,-2.567,5.958,7.9902,2.862,1.1935,1.68465738291713,0.308805031446541,2
7769,JET,19940914,31843,61.25,0.414737900834698,-2.536,-2.526,7.2,10.87699,2.864,1.1923,1.69184389561089,0.308379888268156,2
7770,JET,19940914,31844,58.5,0.446163161322016,-2.509,-2.544,5.001,8.7533,2.856,1.1796,1.67884566336262,0.30983893557423,2
7771,JET,19940914,31844,61.76,0.425549386460132,-2.536,-2.566,6.705,10.7165,2.861,1.1942,1.69764428639246,0.307654666200629,2
7772,JET,19940915,31858,63.26,0.476674488054607,-2.535,-2.611,6.766,9.376,2.818,1.1973,1.5113064448195,0.354116394606104,2
7773,JET,19941128,32729,59,0.441363559800648,-3.048,-2.899,4.164,10.0927,2.897,1.1689,1.69409838334562,0.301933034173283,2
7774,JET,19941128,32730,58.75,0.435830591935117,-3.039,-2.892,4.329,10.14993,2.897,1.1665,1.69210541359401,0.302036589575423,2
7776,JET,19941129,32743,58.24,0.453142596094597,-3.035,-2.938,6.046,11.29512,2.866,1.1834,1.69873004177517,0.306350314026518,2
7778,JET,19941130,32779,58.24,0.391965106606541,-3.043,-2.798,5.883,18.2728,2.982,1.1921,1.70773163650946,0.294902749832327,2
7779,JET,19941216,33074,55.76,0.515755390880566,-2.515,-2.825,3.846,7.4895,2.896,1.2253,1.58161156818527,0.328245856353591,2
7780,JET,19941216,33075,57.51,0.402484266810856,-2.526,-2.863,2.588,6.6579,2.886,1.2156,1.56281345346391,0.331358281358281,2
7781,JET,19941216,33076,57.26,0.337841990258114,-2.525,-2.84,2.762,8.7868,2.886,1.2184,1.56453290324371,0.331323631323631,2
7782,JET,19941216,33078,56.01,0.375816193274567,-2.523,-2.83,4.65,12.252,2.9,1.2334,1.60776971228351,0.324862068965517,2
7783,JET,19941216,33079,57.01,0.434737608434422,-2.528,-2.846,4.135,11.4009,2.898,1.236,1.59690408239394,0.325534851621808,2
7785,JET,19941219,33131,55.51,0.322291985095054,-2.845,-3.069,7.283,20.0202,2.93,1.2771,1.70339366575027,0.322764505119454,2
7786,JET,19941219,33131,55.67,0.312713696755972,-2.838,-3.061,7.468,20.78003,2.934,1.2776,1.70799900522372,0.322460804362645,2
7787,JET,19941219,33131,55.76,0.331938721659529,-2.837,-3.073,7.381,19.7068,2.927,1.2686,1.69981244021537,0.323300307482064,2
7788,JET,19941221,33175,57.77,0.530394065721419,-2.529,-2.535,7.217,8.3717,2.85,1.1949,1.66937903164715,0.310350877192982,2
7789,JET,19941221,33176,56.56,0.53883712231608,-2.533,-2.534,6.554,8.47501,2.851,1.2146,1.67392354246097,0.307927043142757,2
7790,JET,19950109,33316,57.26,0.310303678265189,-2.02,-3.212,3.523,9.2598,2.84,1.2009,1.64905586245442,0.314119718309859,2
7791,JET,19950110,33333,56.51,0.31672433793712,-1.999,-3.174,3.831,10.0859,2.863,1.1899,1.61832708708005,0.307090464547677,2
7792,JET,19950111,33340,56.26,0.295663767379849,-2.011,-3.215,3.686,11.0257,2.837,1.1992,1.64292546623418,0.319175185054635,2
7793,JET,19950111,33343,57.77,0.298407249008187,-1.992,-3.163,3.686,10.59676,2.874,1.1591,1.63511591714071,0.306193458594294,2
7795,JET,19950111,33352,56.51,0.571817325471863,-3.026,-2.545,7.675,9.74542,2.861,1.1853,1.68684133022287,0.306990562740301,2
7796,JET,19950117,33465,63.26,0.361142397425583,-1.055,-1.066,3.095,2.2374,2.871,1.2026,1.55322659983622,0.330825496342738,2
7797,JET,19950117,33465,63.51,0.342948894755506,-1.046,-1.066,3.056,2.5379,2.875,1.2081,1.56105472011858,0.328973913043478,2
7803,JET,19950224,34059,53.64,0.473671046488361,-2.795,-2.006,5.61,8.9958,2.892,1.2011,1.72906552069095,0.330082987551867,2
7804,JET,19950224,34059,53.8,0.462852836864207,-2.806,-1.981,5.856,9.31592,2.89,1.2057,1.72774367298504,0.330103806228374,2
7807,JET,19950225,34082,53.13,0.472922468780882,-2.841,-2.043,6.08,11.131,2.841,1.2201,1.66942041465754,0.339809926082365,2
7808,JET,19950225,34082,53.38,0.523684467918623,-2.834,-2.017,6.302,10.224,2.851,1.2247,1.68210491225725,0.338372500876885,2
7809,JET,19950225,34082,53.63,0.502074914375804,-2.831,-2.016,6.539,11.0366,2.852,1.2231,1.67109456814016,0.338744740532959,2
7816,JET,19950225,34085,52.87,0.517662051787059,-2.85,-2.028,5.967,8.6315,2.868,1.2113,1.66557314432667,0.337412831241283,2
7817,JET,19950225,34085,53.13,0.526939449417632,-2.845,-1.998,6.229,8.9033,2.867,1.2109,1.65775242610409,0.337565399372166,2
7818,JET,19950225,34085,53.38,0.536547391423108,-2.84,-2.017,6.473,9.1525,2.872,1.2156,1.66907888020282,0.336142061281337,2
7819,JET,19950227,34121,55.37,0.289993859542801,-2.029,-2.548,3.707,9.98297,2.87,1.1116,1.49845555447849,0.318885017421603,2
7820,JET,19950227,34123,55.62,0.285362353743954,-2.03,-2.513,3.806,9.9654,2.9,1.1216,1.66535845548722,0.316586206896552,2
7821,JET,19950227,34125,55.62,0.287969872857933,-2.036,-2.543,3.261,9.55152,2.88,1.1115,1.66448048141909,0.3053125,2
7822,JET,19950228,34132,60.14,0.383501294124126,-2.532,-2.557,5.826,12.7113,2.859,1.2081,1.68952070825053,0.308534452605806,2
7823,JET,19950228,34133,59.11,0.395552615235061,-2.529,-2.969,5.424,11.1099,2.841,1.2156,1.65217707923267,0.315381907778951,2
7824,JET,19950308,34328,59.13,0.766703373881014,-2.948,-2.524,3.985,4.71297,2.851,1.1813,1.67447265947132,0.309505436688881,2
7825,JET,19950309,34340,55.87,0.246782323731379,-2.033,-2.116,5.129,15.9898,2.87,1.2222,1.65782569123337,0.306724738675958,2
7828,JET,19950502,34851,54.63,0.370957144313663,-2.039,-2.512,4.296,8.8273,2.889,1.1124,1.6547056194157,0.296953963309104,2
7829,JET,19950502,34852,54.63,0.310478300405653,-2.041,-2.513,4.053,11.14007,2.893,1.1173,1.66091169822119,0.295679225717249,2
7830,JET,19950506,34915,56.64,0.276436186962976,-2.015,-2.545,3.956,11.1145,2.864,1.1998,1.67735006918887,0.308624301675978,2
7831,JET,19950506,34918,56.37,0.43611059467212,-2.532,-2.548,6.11,11.2953,2.858,1.1935,1.67642999089847,0.308642407277817,2
7832,JET,19950517,35156,55.63,0.371224713429124,-2.056,-2.132,5.645,8.1219,2.864,1.1924,1.55730076001053,0.332925977653631,2
7833,JET,19950517,35156,55.88,0.347383491533831,-2.045,-2.132,5.534,8.8706,2.861,1.1898,1.55385574156565,0.333869276476756,2
7835,JET,19950518,35174,63.63,0.220369750078337,-1.042,-1.066,2.602,6.47843,2.873,1.24,1.57381869387158,0.329133310128785,2
7836,JET,19950518,35174,63.9,0.229505466169965,-1.04,-1.058,2.446,6.24386,2.871,1.2375,1.56401561686591,0.332776036224312,2
7837,JET,19950518,35174,64.38,0.215691908869145,-1.024,-1.072,2.38,6.47289,2.871,1.2441,1.57336460512267,0.33030303030303,2
7838,JET,19950518,35175,64.36,0.370079907504147,-1.031,-1.064,3.248,2.279886,2.871,1.2232,1.56841742921138,0.328770463253222,2
7839,JET,19950605,35450,56.37,0.433556302465354,-2.046,-2.559,3.329,6.0397,2.82,1.1123,1.61184208282777,0.314893617021277,2
7840,JET,19950605,35451,58.38,0.425233888637707,-2.052,-2.577,2.881,5.7506,2.824,1.1056,1.6214890994718,0.313314447592068,2
7843,JET,19950618,35733,58.38,0.364136139167541,-2.535,-2.479,4.735,11.6234,2.916,1.147,1.58160999349252,0.314163237311385,2
7844,JET,19960704,37270,56.38,0.449948085339376,-2.568,-2.59,2.695,7.92647,2.891,1.2127,1.63611738629455,0.32487028709789,2
7845,JET,19960704,37274,57.13,0.460629355953919,-2.575,-2.563,3.86,9.0537,2.902,1.1937,1.69857327430353,0.302343211578222,2
7848,JET,19960704,37281,56.37,0.377512156562148,-2.566,-2.597,2.999,8.3494,2.881,1.1971,1.59867271929608,0.321207913918778,2
7849,JET,19960704,37281,57.64,0.523758208930992,-2.568,-2.59,2.469,4.92756,2.881,1.1917,1.60032557708696,0.320444290177022,2
7853,JET,19960706,37319,57.13,0.61568855800025,-2.566,-2.579,3.918,4.8086,2.896,1.1732,1.70814323728953,0.303660220994475,2
7854,JET,19960706,37321,55.88,0.58237511653988,-2.578,-2.581,4.899,7.4009,2.897,1.1827,1.69362266168446,0.305074214704867,2
7855,JET,19960706,37323,61.63,0.574560967930744,-2.566,-2.551,6.509,9.46514,2.941,1.3094,1.76427860476009,0.301190071404284,2
7856,JET,19960709,37375,55.88,0.25413452457276,-1.971,-2.071,4.259,14.5059,2.931,1.2172,1.57747707045093,0.321187308085978,2
7857,JET,19960709,37375,56.12,0.241400672408481,-1.976,-2.087,4.099,14.9314,2.931,1.2199,1.59234460885695,0.320266120777892,2
7858,JET,19960709,37375,56.62,0.275749411014357,-1.977,-2.078,3.909,13.06059,2.937,1.2184,1.60438008829912,0.31685393258427,2
7865,JET,19960725,37718,55.12,0.326293500680212,-1.973,-2.072,3.798,9.1148,2.937,1.2127,1.59675867824467,0.31699012597889,2
7866,JET,19960725,37718,55.38,0.312594453187697,-1.973,-2.071,3.793,9.5947,2.935,1.2131,1.59128521923156,0.318262350936968,2
7867,JET,19960725,37718,55.88,0.319896797037773,-1.974,-2.074,3.829,9.2633,2.945,1.2176,1.6063365567522,0.315076400679117,2
7869,JET,19960725,37728,57.88,0.261880028166899,-2.554,-2.658,4.168,16.91347,2.915,1.2469,1.5406226815292,0.329605488850772,2
7870,JET,19960725,37728,58.13,0.258424426728035,-2.566,-2.687,3.994,17.0338,2.911,1.2397,1.54089510837665,0.328065956715905,2
7871,JET,19960725,37728,58.38,0.276014532060096,-2.562,-2.676,3.938,15.8546,2.91,1.2416,1.54387022859471,0.328900343642612,2
7873,JET,19960730,37809,57.39,0.306916514320536,-2.563,-2.564,2.215,8.205,2.883,1.1962,1.60443376409932,0.320221990981616,2
7874,JET,19960730,37811,57.85,0.325902879339736,-2.573,-2.546,2.738,10.7351,2.895,1.2018,1.62028859381057,0.315924006908463,2
7875,JET,19960731,37818,56.42,0.479641460016521,-2.975,-3.165,4.565,11.35494,2.889,1.218,1.62650326580342,0.325406715126341,2
7876,JET,19960731,37820,57.88,0.30702947845805,-1.985,-2.049,3.518,10.584,2.909,1.2375,1.66660672871376,0.320316259883121,2
7878,JET,19960731,37825,57.13,0.437032060744813,-2.966,-3.153,3.986,11.3129,2.893,1.22,1.63680202128081,0.324541997926028,2
7879,JET,19960731,37834,57.88,0.377327935222672,-2.572,-2.574,4.827,13.9555,2.915,1.2329,1.66684997397524,0.317941680960549,2
7880,JET,19960731,37835,60.64,0.446491443543765,-3.057,-3.081,4.728,10.9917,2.926,1.2965,1.74637756337103,0.307587149692413,2
7881,JET,19960801,37840,57.63,0.368917706641836,-2.577,-2.547,2.761,8.8063,2.89,1.2003,1.61056017950158,0.319134948096886,2
7882,JET,19960801,37843,53.64,0.510600144568488,-3.863,-3.524,5.867,12.94888,2.895,1.2131,1.63137735885403,0.326286701208981,2
7883,JET,19960801,37844,57.38,0.400385285753601,-2.57,-2.574,4.207,10.901,2.907,1.203,1.63003379292166,0.31186790505676,2
7884,JET,19960801,37847,55.37,0.452501269277147,-3.821,-3.521,4.515,12.6056,2.909,1.1928,1.60536841884877,0.322722585080784,2
7886,JET,19960801,37851,56.63,0.38292049024475,-2.581,-2.541,4.149,12.692191,2.926,1.2361,1.6452986283101,0.322863978127136,2
7887,JET,19960801,37853,54.87,0.55935717322014,-3.865,-3.49,5.781,13.22098,2.914,1.2683,1.72972783758099,0.312251201098147,2
7888,JET,19960801,37854,57.38,0.491586465569121,-2.559,-2.577,1.656,8.57428,2.89,1.21,1.55044790245809,0.339100346020761,2
7889,JET,19960801,37859,56.88,0.508049578015093,-2.559,-2.587,1.434,8.39485,2.881,1.2064,1.55004443562737,0.339257202360292,2
7890,JET,19960801,37862,56.12,0.443239871202779,-2.576,-2.562,3.602,11.01266,2.936,1.2359,1.64383266891305,0.32033378746594,2
7891,JET,19960805,37937,58.63,0.498943376563224,-2.556,-2.569,4.656,10.3632,2.91,1.2342,1.66816904073253,0.317972508591065,2
7892,JET,19960805,37940,58.63,0.457389705518925,-2.573,-2.571,3.792,10.1161,2.917,1.2113,1.64512999896535,0.310250257113473,2
7894,JET,19960805,37944,60.89,0.443624016384607,-2.564,-2.594,5.712,12.0601,2.89,1.3075,1.703640133104,0.316539792387543,2
7895,JET,19960805,37944,61.37,0.434572364055062,-2.561,-2.545,5.785,11.82887,2.891,1.3088,1.70773712263307,0.316015219647181,2
7896,JET,19960805,37944,61.88,0.456646263904184,-2.572,-2.564,6.03,11.7141,2.89,1.3118,1.7142501953508,0.316297577854671,2
7897,JET,19960805,37944,62.12,0.428735936904545,-2.562,-2.587,6.048,12.0706,2.897,1.3045,1.71331610970097,0.313013462202278,2
7898,JET,19960805,37954,62.88,0.434805918936307,-2.564,-2.544,5.865,12.1238,2.937,1.3219,1.76167843412439,0.305958461014641,2
7899,JET,19960806,37956,62.13,0.462083776312992,-2.566,-2.497,5.896,11.7575,2.95,1.3237,1.80112190677226,0.297491525423729,2
7901,JET,19960807,38006,61.62,0.445072732953756,-2.56,-2.571,6.504,11.5216,2.897,1.3052,1.71909052535513,0.312875388332758,2
7902,JET,19960809,38047,57.64,0.32609008712468,-1.971,-2.081,4.018,9.7217,2.94,1.2167,1.61289740827596,0.317244897959184,2
7903,JET,19960809,38047,58.12,0.325891050288374,-1.969,-2.063,3.879,9.48768,2.945,1.2194,1.61432468301582,0.316027164685908,2
7904,JET,19960809,38047,58.63,0.32466646993462,-1.969,-2.078,3.917,9.38671,2.951,1.2228,1.62474314114322,0.314300237207726,2
7908,JET,19960829,38272,55.38,0.527748143374025,-4.459,-3.551,5.046,14.98821,2.887,1.2108,1.60730347568884,0.334568756494631,2
7909,JET,19960830,38281,57.63,0.552605464296271,-3.46,-2.792,5.713,14.2086,2.904,1.2256,1.63754866868993,0.327031680440771,2
7910,JET,19960830,38287,57.64,0.391406790828795,-2.559,-2.552,4.715,11.9897,2.907,1.2254,1.65692184211821,0.319023047815617,2
7911,JET,19960830,38288,62.39,0.53098608194471,-2.587,-2.544,6.29,11.0001,2.928,1.2919,1.69308750451683,0.299521857923497,2
7912,JET,19960830,38294,63.15,0.492856656336205,-2.562,-2.579,6.925,11.7452,2.9,1.3007,1.71168973104905,0.312413793103448,2
7914,JET,19960830,38299,60.38,0.368849680443823,-2.564,-2.533,3.888,12.0949,2.913,1.2119,1.64240156982979,0.311191211809132,2
7915,JET,19960831,38309,63.86,0.350159407962876,-2.565,-2.586,6.381,17.2827,2.898,1.303,1.71475467507575,0.312491373360939,2
7918,JET,19960831,38313,62.39,0.58519539092838,-2.569,-2.577,6.214,8.701709,2.905,1.3003,1.73981773208725,0.308502581755594,1.993
7920,JET,19960831,38313,63.15,0.579069964424869,-2.553,-2.58,6.124,8.2642,2.905,1.2958,1.73052759797141,0.309294320137694,2
7921,JET,19960831,38313,63.63,0.697822472730222,-2.564,-2.553,6.649,7.3983,2.911,1.3018,1.75126625752527,0.305668155273102,1.992
7922,JET,19960831,38321,64.14,0.176941083207443,-1.481,-1.523,3.497,13.3714,2.911,1.3229,1.68323574874215,0.315802129852284,2
7923,JET,19960831,38321,64.62,0.240807200432937,-1.483,-1.544,3.55,10.5327,2.919,1.3328,1.70518408378701,0.313497773210003,2
7924,JET,19960905,38407,57.88,0.314970801595605,-1.472,-1.555,2.997,5.45749,2.916,1.2075,1.6270690348439,0.320404663923182,2
7925,JET,19960905,38407,58.39,0.315277925579086,-1.469,-1.567,3.067,5.6382,2.917,1.2093,1.62864785850266,0.319780596503257,2
7926,JET,19960905,38407,58.87,0.294934655089415,-1.468,-1.544,2.942,5.6087,2.923,1.2132,1.6418747871936,0.317550461854259,2
7928,JET,19960905,38409,58.39,0.183476039373615,-1.682,-1.769,2.971,13.5827,2.922,1.233,1.63211037150065,0.316016427104723,2
7929,JET,19960905,38415,56.61,0.179213912405636,-1.668,-1.804,3.755,16.3595,2.882,1.1978,1.56195085096398,0.33587786259542,2
7930,JET,19960905,38415,57.13,0.192978062971337,-1.682,-1.803,3.709,15.13514,2.892,1.2012,1.57679950404453,0.334474412171508,2
7931,JET,19960905,38415,57.64,0.168830849592871,-1.667,-1.808,3.627,16.2725,2.888,1.1979,1.57724528336612,0.333587257617729,2
7932,JET,19960905,38427,58.63,0.233905570546613,-2.567,-2.724,4.887,21.81671,2.949,1.229,1.61069941841738,0.316887080366226,2
7933,JET,19960905,38427,59.14,0.232440698701828,-2.554,-2.735,4.872,22.0695,2.938,1.2209,1.60907026202061,0.317188563648741,2
7934,JET,19960905,38427,59.62,0.23884947853049,-2.555,-2.738,4.759,21.286,2.936,1.2186,1.59409510069305,0.319073569482289,2
7935,JET,19960905,38429,58.39,0.24834587147648,-1.473,-1.582,2.348,7.7231,2.89,1.1935,1.5818363330766,0.334532871972318,2
7936,JET,19960905,38429,58.87,0.246088431163816,-1.474,-1.558,2.381,8.0786,2.895,1.1975,1.58819258801419,0.331848013816926,2
7938,JET,19960913,38581,55.62,0.463907276354073,-3.464,-2.724,4.904,15.7414,2.912,1.2281,1.62515901911209,0.330254120879121,2
7939,JET,19960913,38582,55.14,0.423157947256671,-3.457,-2.719,5.401,18.0383,2.916,1.2286,1.60864318187449,0.332716049382716,2
7940,JET,19960913,38584,54.88,0.355916915347394,-3.446,-2.724,6.13,23.7252,2.926,1.2318,1.60608039680066,0.33069036226931,2
7945,JET,19960913,38596,62.12,0.413559040448091,-2.556,-2.38,4.101,11.79759,2.914,1.2287,1.66233518125536,0.316849691146191,2
7948,JET,19960919,38703,56.61,0.579305973147853,-3.99,-2.945,5.595,14.4346,2.89,1.2189,1.61006384676534,0.334359861591696,2
7949,JET,19960920,38721,57.37,1.07021385186599,-3.848,-2.967,4.147,5.13346,2.884,1.2045,1.59325561691156,0.335818307905687,2
7952,JET,19960920,38725,55.86,0.461668096580463,-3.854,-3.02,6.376,17.9498,2.898,1.2196,1.62373335195657,0.330020703933747,2
7953,JET,19960920,38730,54.63,0.607604315933696,-4.744,-3.55,6.585,16.54613,2.892,1.2126,1.60812928966891,0.333195020746888,2
7954,JET,19960920,38733,54.87,0.500694346695623,-3.951,-2.965,6.298,16.41111,2.909,1.2205,1.60604805088069,0.332485390168443,2
7955,JET,19960927,38873,62.61,0.437080797558346,-2.568,-2.543,4.553,10.9434,2.939,1.2146,1.63546593110225,0.302347737325621,2
7956,JET,19960927,38874,62.61,0.4294182033243,-2.566,-2.542,4.321,11.3287,2.928,1.2117,1.61220772464827,0.306454918032787,2
7957,JET,19960927,38875,62.87,0.412903163931753,-2.563,-2.546,3.871,10.4269,2.923,1.2098,1.62169595059029,0.306979131029764,2
7959,JET,19960927,38880,55.62,0.655421791524442,-4.699,-3.517,6.199,15.17847,2.891,1.213,1.6107763272745,0.332929782082324,2
7960,JET,19961125,39335,59.38,0.442178999566704,-2.569,-2.569,5.197,10.3855,2.914,1.2017,1.71246858244629,0.300857927247769,2
7961,JET,19961125,39337,60.89,0.413421898684071,-2.563,-2.562,4.822,10.3577,2.922,1.2016,1.73060313845766,0.297843942505133,2
7962,JET,19961125,39351,61.61,0.37994201202996,-2.558,-2.573,4.503,11.00918,2.908,1.206,1.76316370002828,0.297077028885832,2
7964,JET,19961126,39363,61.88,0.486629760763678,-2.56,-2.578,5.247,10.2242,2.903,1.2259,1.6319297980984,0.322976231484671,2
7965,JET,19961126,39367,61.88,0.440222627075802,-2.557,-2.564,5.057,10.4839,2.919,1.2116,1.63997243018859,0.309900650907845,2
7966,JET,19961126,39368,61.38,0.658240661333633,-2.578,-2.558,5.16,7.1129,2.926,1.2821,1.67517053214775,0.301913875598086,2
7967,JET,19961126,39369,61.87,0.441516285697616,-2.562,-2.582,6.784,11.31238,2.898,1.2971,1.69189047135132,0.315804002760525,2
7968,JET,19961126,39370,60.39,0.417696935247028,-2.565,-2.594,6.402,12.6666,2.883,1.2911,1.62136131818305,0.330697190426639,2
7969,JET,19961126,39370,61.86,0.395890404569638,-2.562,-2.597,6.757,12.86404,2.884,1.2843,1.61506933586524,0.330617198335645,2
7970,JET,19961205,39600,61.37,0.511135879046327,-2.56,-2.421,6.464,10.318,2.953,1.3167,1.7756278713247,0.299898408398239,2
7971,JET,19961205,39604,62.89,0.366779995804783,-2.56,-2.353,4.136,11.4416,2.912,1.2064,1.77024511352862,0.296325549450549,2
7972,JET,19961206,39608,61.14,0.364766989675209,-2.553,-2.347,4.252,11.0317,2.918,1.2058,1.63976759617663,0.310246744345442,1.992
7973,JET,19961206,39609,61.9,0.450556127134567,-2.558,-2.348,5.468,10.68191,2.915,1.208,1.6244106187776,0.312178387650086,1.996
7974,JET,19961206,39610,61.86,0.441133224410453,-2.557,-2.352,6.494,11.25567,2.911,1.2088,1.62212739392803,0.313603572655445,1.999
7975,JET,19961206,39611,62.13,0.312226940687148,-2.545,-2.36,6.119,11.4444,2.903,1.1967,1.61653729977495,0.315122287289011,1.976
7976,JET,19961206,39612,61.86,0.400257343985209,-2.558,-2.36,6.562,11.20679,2.905,1.204,1.6179950920337,0.315318416523236,1.995
7977,JET,19961206,39614,63.12,0.511245319676976,-2.555,-2.468,6.361,9.96459,2.894,1.3059,1.96929428599934,0.287940566689703,2
7978,JET,19961206,39617,62.62,0.442951711708589,-2.559,-2.352,5.083,11.5411,2.911,1.2309,1.65005922362536,0.319958777052559,1.993
7979,JET,19961206,39618,62.89,0.429340915196561,-2.551,-2.35,6.862,11.167,2.91,1.2258,1.63693399965378,0.322027491408935,1.99
7981,JET,19961206,39620,60.38,0.443273293944435,-2.56,-2.355,4.899,10.4598,2.911,1.2287,1.6534437669979,0.320199244245964,2
7982,JET,19961206,39622,61.14,0.464868458543072,-2.562,-2.351,4.466,10.529,2.912,1.2292,1.65249246705941,0.319471153846154,2
7983,JET,19961206,39623,64.14,0.425653492720741,-2.563,-2.336,4.328,10.72774,2.926,1.2837,1.67458932921405,0.301708817498291,2
7984,JET,19961206,39624,63.88,0.47045312071465,-2.56,-2.342,4.276,10.2092,2.92,1.2342,1.66982628067838,0.316267123287671,2
7985,JET,19961206,39627,60.64,0.40153815369357,-2.564,-2.353,4.843,11.4943,2.908,1.2252,1.64375254634295,0.321045392022008,2
7986,JET,19961206,39629,63.88,0.445150943066408,-2.561,-2.361,5.828,11.4414,2.899,1.2992,1.71413499467459,0.312969989651604,2
7987,JET,19970115,39978,62.63,0.422953630856463,-2.577,-2.558,3.989,11.6047,2.926,1.2322,1.63030713535161,0.32282980177717,2
7988,JET,19970115,39981,62.37,0.356695559056096,-2.589,-2.717,3.672,12.8869,2.921,1.2379,1.62484187013073,0.327695994522424,2
7989,JET,19970115,39988,59.38,0.419950413645619,-2.578,-2.604,6.942,9.38968,2.874,1.2912,1.64765474164273,0.326757132915797,2
7991,JET,19970116,40004,61.38,0.446406727828746,-2.579,-2.558,5.158,11.118,2.926,1.24,1.65876472311541,0.319207108680793,2
7992,JET,19970116,40005,60.65,0.44655666154087,-2.576,-2.571,5.1,10.8601,2.913,1.2323,1.62822621765679,0.324442155853072,2
7993,JET,19970116,40008,56.61,0.462566974274622,-3.47,-3.094,6.728,16.5362,2.895,1.2318,1.61876326152836,0.332884283246978,2
7994,JET,19970116,40013,55.63,0.509127541255849,-3.978,-2.975,7.026,16.94487,2.894,1.2248,1.61744091775138,0.333241188666206,2
7995,JET,19970116,40014,55.63,0.51304347826087,-3.976,-2.974,6.575,16.6175,2.893,1.222,1.61372847811011,0.333598340822675,2
7996,JET,19970116,40017,56.12,0.453233230040102,-3.953,-2.942,5.334,17.5552,2.925,1.2273,1.6203549843697,0.328854700854701,2
7998,JET,19970116,40023,54.36,0.435800040192427,-3.973,-2.954,6.151,20.15305,2.919,1.2304,1.61217281039676,0.331346351490236,2
7999,JET,19970201,40268,58.65,0.461122657332458,-2.586,-2.353,5.105,10.9704,2.908,1.2283,1.65352388149865,0.320770288858322,2
8000,JET,19970201,40269,59.87,0.421263545321267,-2.58,-2.35,5.456,12.02537,2.911,1.2255,1.65865405267967,0.319306080384748,2
8002,JET,19970201,40271,56.12,0.42455654692859,-3.482,-2.815,5.879,19.13844,2.903,1.2298,1.63286306183361,0.329900103341371,2
8004,JET,19970201,40275,55.14,0.448098214832421,-3.979,-3.551,5.25,17.9647,2.882,1.2188,1.59373355007466,0.337820957668286,2
8005,JET,19970201,40282,55.14,0.426901820546164,-3.969,-2.986,5.585,18.456,2.886,1.2165,1.61650235869381,0.334615384615385,2
8006,JET,19970201,40283,55.14,0.435230295530503,-3.98,-2.976,6.281,20.5258,2.898,1.2254,1.630968874499,0.331573498964803,2
8007,JET,19970201,40284,55.14,0.517422601160109,-3.959,-2.984,5.03,14.309,2.889,1.2184,1.61670322123985,0.335444790584978,2
8009,JET,19970210,40426,56.36,0.452760891590679,-2.598,-2.574,4.544,11.0544,2.91,1.2275,1.64948763986117,0.320515463917526,2
8010,JET,19970211,40431,54.61,0.602688605871145,-3.982,-3.545,7.334,15.94953,2.883,1.2235,1.59664304515625,0.33721817551162,2
8011,JET,19970211,40434,54.89,0.525098899656454,-3.98,-2.953,7.137,17.67448,2.918,1.2275,1.60783301348545,0.331836874571624,2
8012,JET,19970211,40439,56.12,0.464985601502253,-3.485,-2.517,6.813,17.4671,2.915,1.2327,1.63690443570056,0.32778730703259,2
8013,JET,19970211,40443,58.12,0.394611839173187,-2.983,-3.122,6.156,17.7259,2.897,1.2407,1.60792729709626,0.333172247152226,2
8014,JET,19970211,40444,57.38,0.32692372311828,-2.587,-2.577,4.438,17.856,2.905,1.2449,1.63640542906105,0.328123924268503,2
8015,JET,19970211,40448,54.12,0.502040781666083,-3.97,-3.542,6.971,20.01929,2.888,1.2242,1.59711868905565,0.335837950138504,2
8017,JET,19970211,40457,54.89,0.446099439889164,-3.485,-2.818,6.106,18.5499,2.898,1.2144,1.60689136572659,0.33064182194617,2
8018,JET,19970313,40879,56.36,0.354202458209922,-3.502,-3.518,4.685,19.6159,2.9,1.2234,1.63881729700443,0.324379310344828,2
8019,JET,19970313,40882,57.63,0.414464830734591,-3.512,-3.49,5.831,19.0372003,2.895,1.2763,1.67240208931406,0.321554404145078,2
8020,JET,19970313,40890,56.12,0.305829283706335,-3.481,-3.514,4.545,22.9445,2.905,1.2225,1.6104416743146,0.329018932874355,2
8021,JET,19970317,40939,55.38,0.359224492467464,-2.984,-2.953,6.565,18.3338,2.921,1.2311,1.63276468109179,0.32221841834988,1.811
8022,JET,19970317,40939,55.87,0.359719027719287,-2.98,-2.952,6.793,18.5214,2.92,1.2302,1.63270230709024,0.322157534246575,1.916
8023,JET,19970317,40939,56.32,0.366072745347586,-2.985,-2.949,6.907,18.3077,2.923,1.2309,1.63958273377136,0.320903181662675,1.984
8024,JET,19970317,40943,60.36,0.241089425124202,-1.982,-1.974,4.877,14.09,2.914,1.2327,1.64181163189494,0.319217570350034,1.977
8025,JET,19970317,40944,60.12,0.287511193485912,-1.776,-1.78,3.682,9.6038,2.918,1.235,1.65607679733075,0.31754626456477,1.984
8026,JET,19970317,40946,58.65,0.36740487594855,-1.803,-1.791,3.918,7.4324,2.909,1.226,1.6501158075922,0.318459951873496,1.975
8027,JET,19970317,40946,60.89,0.315870151061883,-1.79,-1.784,3.512,8.0894,2.916,1.2289,1.6563087476338,0.31838134430727,1.982
8028,JET,19970521,41436,64.36,0.299739749529643,-1.99,-1.973,3.483,12.0653,2.917,1.2331,1.64714864048482,0.317586561535824,1.97
8029,JET,19970521,41436,64.77,0.294262369427522,-1.992,-1.967,3.854,13.2302,2.923,1.2423,1.6614514862888,0.315531987683886,1.967
8030,JET,19970521,41436,65.14,0.294589060670955,-1.983,-1.974,3.855,12.77135,2.915,1.2329,1.63712177261389,0.31852487135506,1.968
8031,JET,19970523,41492,67.13,0.210957528081766,-1.478,-1.471,3,8.02389,2.927,1.2392,1.67451024800844,0.311171848308849,1.984
8032,JET,19970523,41492,67.62,0.2216789068745,-1.483,-1.474,2.91,8.0064,2.922,1.2298,1.65540261934466,0.313928815879535,1.983
8033,JET,19970523,41492,68.11,0.216399429672061,-1.48,-1.475,2.92,7.9954,2.922,1.2318,1.66726646439544,0.313381245722108,1.984
8034,JET,19970524,41499,60.14,0.254174862591774,-1.775,-1.785,5.627,12.3537,2.912,1.2368,1.63997417964901,0.32029532967033,1.963
8035,JET,19970524,41499,60.63,0.242869314723901,-1.779,-1.76,5.072,12.3235,2.951,1.2449,1.63903305994913,0.316435106743477,1.963
8036,JET,19970524,41499,61.12,0.259662268750896,-1.771,-1.776,5.175,11.1568,2.919,1.2366,1.65382245640441,0.316478245974649,1.961
8037,JET,19970528,41522,62.89,0.521091147470802,-2.576,-2.733,3.045,7.4747,2.902,1.2181,1.58214048284039,0.328532046864232,1.969
8038,JET,19970528,41522,63.38,0.497670385231565,-2.578,-2.733,3.116,6.8037,2.903,1.2171,1.58086879549116,0.328660006889425,1.97
8039,JET,19970528,41522,63.79,0.448145103550688,-2.574,-2.736,3.017,7.5422,2.903,1.2198,1.58339989590579,0.329521184981054,1.97
8040,JET,19970529,41539,62.65,0.38149106108722,-1.983,-1.977,5.155,8.96194,2.907,1.2256,1.62898726960839,0.321603027175783,1.967
8041,JET,19970529,41539,63.14,0.379733885870359,-1.985,-1.977,5.341,9.23739,2.915,1.2305,1.64536185000428,0.318799313893654,1.966
8042,JET,19970529,41539,63.63,0.381404700215345,-1.981,-1.973,5.262,9.09703,2.913,1.2289,1.64196807665004,0.318846549948507,1.966
8043,JET,19970529,41545,68.89,0.216047515604807,-0.9761,-0.9837,2.078,3.6367,2.916,1.2382,1.64798736955697,0.314849108367627,1.981
8044,JET,19970529,41545,69.38,0.208186786429306,-0.9768,-0.9825,2.074,3.6962,2.917,1.2349,1.63679540260113,0.315598217346589,1.981
8045,JET,19970529,41545,69.87,0.221066243975631,-0.9778,-0.9808,1.844,3.42567,2.925,1.2418,1.66167985602671,0.312512820512821,1.98
8046,JET,19970605,41679,62.65,0.616067798730337,-2.584,-2.73,3.762,6.3954,2.905,1.2247,1.60029164110117,0.329810671256454,2.528
8047,JET,19970605,41679,62.89,0.554349113594188,-2.572,-2.727,3.168,7.5981,2.908,1.2205,1.59514713259051,0.326478679504814,2.531
8049,JET,19970605,41687,62.36,0.517827540670394,-2.575,-2.732,3.204,7.1182,2.907,1.2209,1.58789580328675,0.32827657378741,2.529
8050,JET,19970605,41687,62.65,0.506886089839213,-2.576,-2.731,3.331,7.32709,2.905,1.2206,1.58928208709508,0.329225473321859,2.527
8055,JET,19970609,41738,63.13,0.619859314561265,-2.563,-2.717,6.62,7.13791,2.922,1.2277,1.62043789123542,0.322689938398357,2.908
8056,JET,19970609,41738,63.64,0.633084319505642,-2.563,-2.711,6.824,7.04914,2.925,1.2286,1.62611458850032,0.321333333333333,2.896
8060,JET,19970609,41740,62.65,0.489398510215461,-2.571,-2.739,2.762,6.9943,2.897,1.2193,1.58307550076495,0.332550914739386,2.904
8061,JET,19970609,41740,63.64,0.436455933676355,-2.576,-2.738,2.65,7.2493,2.901,1.2199,1.58519192384483,0.331402964495002,2.908
8067,JET,19970610,41759,60.65,0.492304892336742,-3.169,-3.532,2.236,8.7913,2.895,1.2111,1.57634100316825,0.333056994818653,2.875
8068,JET,19970610,41759,61.14,0.375605906887611,-3.178,-3.529,2.252,8.871,2.896,1.2118,1.57500277263899,0.333011049723757,2.878
8069,JET,19970613,41851,63.14,0.43156367167778,-2.567,-2.722,3.913,7.24922,2.911,1.2165,1.59625016292633,0.325523874957059,2.032
8070,JET,19970613,41851,63.63,0.447806134355273,-2.576,-2.727,3.291,6.997671,2.908,1.2198,1.60736802254646,0.326994497936726,2.045
8071,JET,19970613,41852,62.65,0.468115847579483,-2.579,-2.734,2.974,7.21189,2.898,1.2198,1.5819534987875,0.331435472739821,2.013
8072,JET,19970613,41852,63.14,0.497027969342774,-2.574,-2.738,2.694,6.5107,2.9,1.2181,1.58067618095478,0.330689655172414,2.029
8078,JET,19970613,41857,59.87,0.370109546165884,-3.176,-3.527,2.218,7.668,2.892,1.2098,1.56763031657964,0.334508990318119,2.01
8079,JET,19970613,41857,60.36,0.460604368762649,-3.168,-3.525,2.195,8.31082,2.892,1.209,1.56762635791513,0.333782849239281,2.014
8080,JET,19970613,41857,60.89,0.452474125946141,-3.174,-3.527,2.176,7.7684,2.892,1.2089,1.56545665015806,0.334232365145228,2.015
8083,JET,19970913,42487,61.63,0.23872456300035,-1.973,-1.97,4.053,15.89761,2.915,1.2389,1.66341596478725,0.31663807890223,2.013
8084,JET,19970913,42487,62.12,0.240605199228631,-1.977,-1.97,3.938,15.9716,2.919,1.2427,1.67546895356266,0.315347721822542,2.013
8086,JET,19970913,42490,59.87,0.323338256524523,-1.786,-1.788,4.16,9.01177,2.901,1.2354,1.63784851410162,0.323543605653223,2.045
8087,JET,19970913,42490,60.32,0.331138880999716,-1.789,-1.785,4.692,8.8025,2.905,1.2384,1.65492052057012,0.320895008605852,2.053
8088,JET,19970913,42490,60.65,0.341210145595282,-1.782,-1.781,4.279,8.6816,2.912,1.2386,1.65925126883417,0.318784340659341,2.053
8089,JET,19970913,42493,56.36,0.498370417835915,-2.978,-2.985,4.689,9.0514,2.887,1.2165,1.63384195797755,0.327086941461725,1.99
8090,JET,19970913,42493,56.89,0.470259346919127,-2.971,-2.982,4.818,9.9712,2.89,1.2165,1.63501456955672,0.325951557093426,2.014
8091,JET,19970913,42493,57.38,0.483240636961533,-2.97,-2.985,4.809,9.4574,2.89,1.2123,1.62437620692335,0.326262975778547,1.989
8093,JET,19970913,42501,67.38,0.255033479298441,-0.9807,-0.985,2.768,4.3161,2.912,1.2653,1.65348164676408,0.318200549450549,2.028
8094,JET,19970913,42501,67.87,0.250485121018812,-0.9779,-0.9851,2.435,4.30305,2.91,1.264,1.64907702720783,0.318522336769759,2.027
8095,JET,19970913,42501,68.4,0.247130210954604,-0.9797,-0.985,2.526,4.3331408,2.913,1.2616,1.64759474856098,0.31737040851356,2.033
8097,JET,19970913,42503,59.14,0.305062225847019,-1.978,-1.983,4.799,11.53781,2.903,1.2357,1.64335133403866,0.322493971753359,2.003
8098,JET,19970913,42503,59.38,0.302374677442369,-1.979,-1.983,4.716,11.63358,2.902,1.2369,1.65394525209864,0.321605789110958,1.994
8104,JET,19970930,42756,59.63,0.236231848288624,-1.972,-1.988,5.289,16.61207,2.9,1.2381,1.61635053216569,0.325620689655172,2.552
8105,JET,19970930,42756,60.12,0.242911513402884,-1.986,-1.977,5.599,17.0523,2.912,1.2507,1.66126577915917,0.319299450549451,2.541
8106,JET,19970930,42756,61.38,0.249616038454775,-1.992,-1.977,5.102,17.059,2.912,1.2473,1.65348342198461,0.319162087912088,2.513
8108,JET,19970930,42757,65.87,0.200057657304578,-0.9919,-0.9886,2.535,5.30722,2.91,1.2696,1.6310911644634,0.32192439862543,2.568
8109,JET,19970930,42757,67.62,0.180819596452,-0.9891,-0.9814,2.655,5.26381,2.929,1.2649,1.67669978270088,0.313485831341755,2.544
8110,JET,19970930,42757,68.11,0.176236522270908,-0.9753,-0.9799,2.406,5.389632,2.926,1.2616,1.66865726610304,0.313533834586466,2.545
8111,JET,19970930,42757,69.13,0.168765278801754,-0.9881,-0.983,2.31,5.1542,2.922,1.2569,1.66894856712239,0.313757700205339,2.538
8113,JET,19970930,42758,56.89,0.338232693607947,-2.977,-2.97,6.621,19.227,2.9,1.2325,1.64364064661958,0.323689655172414,2.527
8114,JET,19970930,42758,58.36,0.380136550367413,-2.98,-2.964,6.5,17.283,2.903,1.2293,1.64923050417346,0.321598346538064,2.498
8115,JET,19970930,42758,58.89,0.37643749746537,-2.971,-2.961,6.36,17.2609,2.909,1.2311,1.66297817054175,0.319216225507047,2.488
8117,JET,19970930,42759,60.65,0.435443150384662,-1.78,-1.787,4.77,6.576289,2.909,1.236,1.65541092166275,0.319731866620832,2.531
8118,JET,19970930,42759,61.01,0.429753199544257,-1.784,-1.782,4.624,6.63532,2.915,1.2405,1.67451860778381,0.317530017152659,2.53
8119,JET,19970930,42759,61.87,0.447805882916547,-1.782,-1.777,4.337,6.2622,2.919,1.2396,1.68196528466711,0.315724563206578,2.53
8120,JET,19970930,42760,62.65,0.163013338401735,-1.788,-1.771,3.694,19.20395,2.93,1.2591,1.68880070376845,0.313447098976109,2.478
8122,JET,19970930,42761,60.36,0.528483777451253,-1.783,-1.788,4.315,5.0362,2.903,1.2285,1.65468714323626,0.320427144333448,2.559
8123,JET,19970930,42761,60.89,0.550970527730819,-1.777,-1.786,4.26,4.9097,2.908,1.2342,1.65914586909101,0.320013755158184,2.559
8124,JET,19970930,42761,61.3,0.549101269260924,-1.784,-1.783,4.96,5.19121,2.913,1.2384,1.67017497853772,0.318125643666323,2.551
8126,JET,19970930,42762,53.37,0.383501908914904,-3.782,-3.957,7.145,22.1068,2.884,1.2243,1.61470778361599,0.330582524271845,2.575
8127,JET,19970930,42762,54.38,0.399844994011132,-3.772,-3.955,7.62,22.7088,2.895,1.2292,1.62274831956851,0.328117443868739,2.529
8128,JET,19970930,42762,54.87,0.442415865153871,-3.779,-3.938,7.304,20.8356,2.904,1.2333,1.6416484334477,0.325,2.514
8130,JET,19971001,42776,67.38,0.232112134399352,-0.9819,-0.9831,2.444,3.9524,2.92,1.2543,1.66100193910081,0.316609589041096,2.851
8131,JET,19971001,42776,67.87,0.226748162078988,-0.9791,-0.9859,2.387,4.21128,2.918,1.2533,1.65798115183229,0.316723783413297,2.848
8132,JET,19971001,42776,68.4,0.210267899588241,-0.9769,-0.9813,2.474,4.10191,2.92,1.2562,1.65844925253664,0.316746575342466,2.843
8134,JET,19971001,42780,57.38,0.554655690555832,-2.979,-2.984,6.183,10.555287,2.889,1.22,1.61893726273252,0.328002769124264,2.791
8135,JET,19971001,42780,58.36,0.60026220944359,-2.977,-2.974,6.511,9.8776,2.896,1.2211,1.62771193172709,0.325897790055249,2.83
8136,JET,19971001,42780,59.87,0.588018145085898,-2.972,-2.96,7.12,10.42927,2.91,1.2275,1.66659728373738,0.318865979381443,2.803
8138,JET,19971006,42794,60.89,0.393790686742354,-1.772,-1.791,4.908,7.0201,2.899,1.2324,1.63246706035203,0.324836150396689,2.872
8143,JET,19971007,42808,60.65,0.346746751453104,-1.977,-1.973,5.314,10.20918,2.915,1.2389,1.66132736539897,0.318044596912521,2.854
8144,JET,19971007,42808,61.14,0.340980446420903,-1.977,-1.97,5.458,10.4789,2.915,1.2387,1.66453427501653,0.317667238421955,2.848
8147,JET,19971007,42814,56.36,0.597680563711098,-2.677,-2.761,5.963,8.515,2.9,1.2266,1.630809639188,0.326172413793103,2.817
8148,JET,19971007,42814,56.65,0.617763808788398,-2.672,-2.752,6.335,8.2882,2.902,1.2293,1.63659244217793,0.325051688490696,2.839
8149,JET,19971007,42814,57.14,0.609624227618911,-2.672,-2.753,6.361,8.3508,2.903,1.2292,1.63875926469377,0.325008611780916,2.827
8160,JET,19971105,42982,54.12,0.412145529096885,-3.782,-3.943,7.789,22.72013,2.904,1.233,1.63774833606573,0.325103305785124,2.602
8161,JET,19971105,42982,55.38,0.368457182083405,-3.779,-3.945,6.588,23.308,2.899,1.2277,1.63873879292177,0.325388064849948,2.554
8162,JET,19971105,42982,55.87,0.36539751761154,-3.778,-3.947,6.511,23.848,2.897,1.2269,1.63773814022749,0.325854332067656,2.538
8163,JET,19971105,42983,53.63,0.548844914326313,-4.467,-3.539,8.562,21.90054,2.89,1.2248,1.61642119616024,0.333737024221453,2.586
8164,JET,19971105,42983,54.12,0.534692013583976,-4.468,-3.54,8.448,23.58367,2.889,1.2283,1.61254007663538,0.334925579785393,2.55
8165,JET,19971105,42983,55.63,0.643619268127995,-4.451,-3.525,8.871,18.98638,2.899,1.23,1.63726490274143,0.329665401862711,2.534
8175,JET,19971106,42993,61.87,0.408058577127332,-1.775,-1.78,4.558,6.489632,2.919,1.2352,1.6752529059801,0.315827338129496,2.892
8176,JET,19971106,42993,62.36,0.420380044340207,-1.78,-1.782,4.485,6.467719,2.922,1.2368,1.68493110621666,0.313997262149213,2.895
8178,JET,19971106,42997,60.63,0.286905746281608,-1.791,-1.785,4.759,9.7959,2.91,1.2406,1.66061609139415,0.31979381443299,2.884
8179,JET,19971106,42997,61.12,0.28784703878634,-1.785,-1.783,4.534,10.14584,2.915,1.2412,1.66618500673376,0.318181818181818,2.873
8180,JET,19971106,42997,61.64,0.288899133768471,-1.788,-1.782,4.83,10.30325,2.914,1.2406,1.66254194224441,0.318462594371997,2.841
8182,JET,19971111,43003,61.38,0.523332669358782,-2.577,-2.755,7.152,11.0446,2.904,1.3156,1.71232639751287,0.314669421487603,2.921
8183,JET,19971111,43004,61.63,0.485574092610102,-2.583,-2.765,7.926,10.81977,2.894,1.3055,1.6910862614343,0.319039391845197,2.879
8184,JET,19971111,43005,60.36,0.54053718844261,-2.581,-2.77,7.294,10.0784,2.885,1.3086,1.67112055630736,0.323500866551127,2.988
8185,JET,19971112,43014,65.63,0.102579525052098,-1.011,-0.9906,2.628,7.76422,2.905,1.2811,1.63661090247645,0.322685025817556,2.942
8186,JET,19971112,43014,65.87,0.0930309601252861,-0.9716,-0.9907,2.589,8.301,2.905,1.277,1.62896759282939,0.324406196213425,2.933
8189,JET,19971118,43132,60.89,0.333302113731367,-1.981,-1.982,4.766,10.1432,2.901,1.2315,1.64270975388588,0.322957600827301,2.061
8190,JET,19971118,43132,61.38,0.299305138152742,-1.976,-1.976,4.857,10.9806,2.913,1.2333,1.66127923963738,0.318125643666323,2.052
8191,JET,19971118,43133,60.12,0.253070363031694,-1.788,-1.79,4.434,11.4563,2.902,1.2359,1.63795766517265,0.323742246726396,2.06
8192,JET,19971118,43133,60.89,0.271625414646594,-1.784,-1.784,4.495,10.5813,2.914,1.2411,1.66563400541428,0.318908716540837,2.072
8193,JET,19971118,43133,61.38,0.27029577766,-1.784,-1.78,4.238,10.7547,2.915,1.2408,1.66409630372261,0.318593481989708,2.064
8196,JET,19971118,43134,61.14,0.383436791802148,-1.783,-1.786,4.293,7.1043,2.904,1.2311,1.64260038882965,0.322314049586777,2.094
8197,JET,19971118,43134,61.63,0.390743439928834,-1.779,-1.784,4.6,7.18323,2.912,1.2356,1.66707652036498,0.317822802197802,2.118
8198,JET,19971118,43135,66.11,0.114119663613477,-0.98,-0.9811,2.518,9.3345,2.925,1.2801,1.68059266760914,0.31217094017094,2.021
8199,JET,19971118,43135,66.65,0.118582095645941,-0.99,-0.9801,2.329,8.81752,2.933,1.2801,1.68909122633665,0.310535288100921,2.038
8208,JET,19971118,43137,56.64,0.610429346777193,-3.773,-3.95,5.995,10.62195,2.894,1.2199,1.6305192588449,0.32705597788528,2.01
8209,JET,19971118,43137,56.88,0.571982076376039,-3.766,-3.945,6.213,11.21425,2.896,1.2197,1.62678021736242,0.327348066298343,2.016
8210,JET,19971118,43141,56.65,0.499219619850485,-2.977,-2.984,5.644,10.0592,2.889,1.2158,1.62810611952108,0.326791277258567,2
8211,JET,19971118,43141,57.14,0.475482036375655,-2.971,-2.979,5.977,10.77149,2.894,1.2179,1.63412883275349,0.325017277125086,2.019
8212,JET,19971119,43153,61.38,0.349562149823615,-2.572,-2.778,7.19,12.0475,2.88,1.2945,1.6600572260532,0.325069444444444,1.99
8213,JET,19971119,43154,61.87,0.492045289063638,-2.579,-2.763,7.167,10.9872,2.895,1.304,1.69847927900144,0.316649395509499,2.044
8214,JET,19971119,43155,61.14,0.425629777579684,-2.572,-2.768,7.296,11.93596,2.89,1.3037,1.68117286082884,0.320138408304498,1.991
8215,JET,19971119,43156,61.38,0.4046121683103,-2.574,-2.767,7.229,11.6713,2.888,1.3056,1.68766409589239,0.321260387811634,1.99
8216,JET,19971119,43167,60.88,0.324128097548184,-2.572,-2.782,7.181,12.2032,2.874,1.2908,1.64794583055342,0.327835768963118,2.019
8217,JET,19971120,43180,61.87,0.390569492266492,-2.573,-2.75,5.081,10.9782,2.908,1.2316,1.65795484183547,0.320907840440165,2.022
8218,JET,19971120,43181,61.63,0.30002872737719,-2.566,-2.76,6.032,12.1835,2.899,1.2232,1.63047583571742,0.326353915143153,1.992
8219,JET,19971120,43182,61.87,0.363675912713605,-2.565,-2.76,5.182,11.4932,2.901,1.2256,1.63550738042811,0.324060668734919,2.031
8220,JET,19971120,43183,61.87,0.368761256016321,-2.562,-2.758,5.579,11.12183,2.903,1.2255,1.63559189688774,0.324078539441957,1.991
8221,JET,19971120,43184,61.14,0.295653211734106,-2.562,-2.762,5.996,12.1492,2.894,1.2191,1.61156616109866,0.328507256392536,1.999
8222,JET,19971129,43337,61.14,0.187238226737204,-1.764,-1.777,3.315,10.61749,2.918,1.2206,1.62078102141963,0.320013708019191,1.297
8223,JET,19971129,43337,61.63,0.200723954975951,-1.771,-1.775,3.198,10.0835,2.921,1.2308,1.64064832938387,0.322149948647723,1.317
8224,JET,19971129,43337,62.12,0.196920089846576,-1.782,-1.776,3.409,10.5068,2.922,1.2347,1.65880488158847,0.321218343600274,1.328
8225,JET,19971129,43349,60.36,0.14971928505729,-1.782,-1.771,3.053,14.34017,2.93,1.2372,1.63157683118576,0.324232081911263,1.186
8226,JET,19971129,43349,61.63,0.158212363399119,-1.781,-1.769,3.107,13.4882,2.932,1.2277,1.6149509759616,0.319167803547067,1.235
8227,JET,19971129,43349,62.12,0.145397653194263,-1.769,-1.769,3.065,14.38125,2.932,1.2315,1.61694728233585,0.321793997271487,1.244
8228,JET,19971129,43350,59.87,0.13067809180565,-1.777,-1.768,3.319,16.3149,2.931,1.238,1.62893676327886,0.323541453428864,1.211
8229,JET,19971129,43350,60.36,0.128703284543031,-1.784,-1.766,3.297,15.9048,2.933,1.2399,1.63198360699385,0.324105011933174,1.243
8230,JET,19971129,43350,60.89,0.142297486511788,-1.789,-1.777,3.333,15.973578,2.917,1.2301,1.64000520855158,0.320740486801508,1.253
8231,JET,19971202,43390,61.63,0.335362226471213,-2.57,-2.776,4.395,9.414,2.877,1.2817,1.65671348356877,0.325130344108446,1.036
8232,JET,19971202,43392,61.63,0.358027733211093,-2.576,-2.779,3.422,8.726,2.877,1.2853,1.66883972813578,0.324018074383038,1.058
8233,JET,19971202,43403,60.36,0.26323129488878,-1.684,-1.74,3.871,8.6046,2.893,1.3095,1.69788186127016,0.319633598340823,1.032
8234,JET,19971202,43403,61.38,0.260338063989827,-1.687,-1.734,3.495,8.3357,2.9,1.3135,1.7119801074785,0.318172413793103,1.034
8235,JET,19971202,43403,61.87,0.249871059454689,-1.68,-1.738,3.452,8.58923,2.894,1.302,1.69807408717079,0.318417415342087,1.036
8236,JET,19971204,43452,67.87,0.169060464357249,-0.9746,-0.9855,2.307,5.14733,2.91,1.2619,1.67933085069199,0.315498281786942,1.048
8237,JET,19971204,43452,68.4,0.167354569143861,-0.9696,-0.9835,2.101,4.91591,2.914,1.2627,1.67870643434002,0.314378860672615,1.05
8238,JET,19971204,43452,68.89,0.168119117369505,-0.9686,-0.9815,2.077,4.87452,2.919,1.2605,1.68808095350629,0.312401507365536,1.05
8239,JET,19971204,43453,67.62,0.185944567937697,-0.9741,-0.9843,2.08,4.50317,2.911,1.2587,1.68166709576484,0.314496736516661,1.042
8240,JET,19971204,43453,68.11,0.185019703038022,-0.9725,-0.9801,1.931,4.34197,2.919,1.2589,1.68143149610946,0.31205892428914,1.036
8241,JET,19971204,43453,68.64,0.178159542485138,-0.9684,-0.9819,2.024,4.4239,2.915,1.2552,1.67710973236168,0.314065180102916,1.045
8242,JET,19971205,43466,67.62,0.20794539360365,-1.272,-1.282,2.04,5.15544,2.902,1.2421,1.65223641636439,0.320882150241213,1.035
8243,JET,19971205,43466,68.11,0.198264013276698,-1.271,-1.281,2.189,5.47124,2.904,1.2408,1.64959118900536,0.31952479338843,1.035
8244,JET,19971205,43466,68.64,0.183572813319649,-1.263,-1.281,1.999,5.2614,2.909,1.2346,1.64112320556197,0.317531797868683,1.04
8255,JET,19971206,43489,66.4,0.171272149640679,-1.465,-1.473,2.831,9.41776,2.923,1.2422,1.63425741943672,0.31939787889155,1.034
8256,JET,19971206,43489,66.89,0.160045269642647,-1.466,-1.47,2.797,9.3661,2.929,1.2465,1.6528376972619,0.318607033117105,1.036
8257,JET,19971206,43489,67.38,0.171151799483069,-1.465,-1.472,2.787,9.2082,2.927,1.2431,1.6480789550174,0.317833959685685,1.038
8258,JET,19971206,43490,66.4,0.12141892125957,-0.9788,-0.9795,1.856,6.92808,2.926,1.2554,1.63930869568054,0.316507177033493,1.036
8259,JET,19971206,43490,67.38,0.130540803439632,-0.9762,-0.9778,1.834,6.75421,2.931,1.2624,1.64789043226167,0.316069600818833,1.036
8260,JET,19971206,43490,68.89,0.12070688811858,-0.9794,-0.9752,1.689,7.05345,2.93,1.2687,1.66087178835646,0.31617747440273,1.042
8261,JET,19971210,43572,67.38,0.253393974272454,-1.178,-1.204,2.788,4.83062,2.912,1.2471,1.66236170186444,0.317135989010989,1.954
8263,JET,19971210,43580,61.14,0.36615608884842,-1.975,-1.979,5.05,9.13736,2.904,1.2304,1.64324014428425,0.321108815426997,1.795
8265,JET,19971211,43586,66.89,0.498903089206908,-1.471,-1.479,3.791,3.9201,2.91,1.2458,1.65312766201104,0.319415807560137,1.955
8266,JET,19971211,43586,67.38,0.475881875173262,-1.467,-1.478,4.02,4.11226,2.908,1.242,1.64087151435496,0.32025447042641,1.955
8267,JET,19971211,43586,70.4,0.246264179375201,-1.469,-1.47,3.069,7.1671,2.927,1.2474,1.68114720030098,0.312401776563034,1.948
8268,JET,19971211,43596,69.87,0.278608139290959,-0.9654,-0.9325,2.602,2.8602,2.926,1.256,1.68313194306188,0.311722488038278,1.941
8270,JET,19971212,43599,65.88,0.409925188292979,-1.465,-1.199,3.761,3.9566,2.917,1.2395,1.67176172755327,0.315701062735687,1.953
8271,JET,19971212,43599,66.39,0.419883933021157,-1.462,-1.201,3.975,3.95289,2.914,1.2376,1.65793047630694,0.317982155113246,1.948
8272,JET,19971212,43599,66.88,0.389912194702031,-1.461,-1.199,3.97,4.18198,2.915,1.2379,1.66152730394374,0.317564322469983,1.947
8274,JET,19971212,43600,60.12,0.329940346220262,-2.476,-1.972,5.717,14.0142,2.907,1.2341,1.65629693916942,0.320399036807706,1.915
8275,JET,19971212,43600,60.65,0.337661855271857,-2.469,-1.969,5.717,13.4611,2.911,1.2326,1.66130339024936,0.318412916523531,1.911
8276,JET,19971212,43600,60.89,0.356875919682967,-2.473,-1.969,5.437,12.8441,2.912,1.2346,1.67328140846852,0.317445054945055,1.902
8277,JET,19971212,43601,62.12,0.39859512925599,-2.686,-2.748,5.628,15.2256,2.905,1.2406,1.66254194224441,0.319449225473322,1.876
8278,JET,19971212,43603,53.14,0.454541952137257,-3.982,-3.944,5.764,15.5737,2.886,1.2169,1.60597355774665,0.331358281358281,1.952
8279,JET,19971212,43603,56.89,0.51440924635359,-3.968,-3.949,4.638,11.19663,2.89,1.2142,1.61286972539109,0.330692041522491,1.953
8280,JET,19971212,43604,56.12,0.594763643625367,-2.975,-2.989,3.999,7.0106,2.882,1.2113,1.60800250025631,0.330673143650243,1.969
8281,JET,19971212,43605,61.63,0.494946175991989,-2.675,-2.778,2.72,6.3912,2.882,1.2178,1.61835018345938,0.330152671755725,1.966
8282,JET,19971212,43607,69.13,0.379355576814968,-0.9494,-0.944,1.763,1.01393,2.89,1.2309,1.61374460013075,0.326505190311419,1.965
8283,JET,19971212,43608,61.38,0.473066535723054,-1.975,-1.986,2.635,4.073,2.891,1.2098,1.61264065117901,0.326323071601522,1.966
8284,JET,19971212,43611,64.36,0.309532860922721,-1.974,-2.976,3.768,13.1524,2.911,1.2533,1.63744235525121,0.320474063895569,1.923
8285,JET,19971212,43611,64.89,0.283910680241756,-1.979,-2.983,4.024,14.7918,2.901,1.2488,1.63834273532356,0.320303343674595,1.885
8286,JET,19971212,43611,65.38,0.294327196632221,-1.982,-2.97,3.967,14.28835,2.911,1.2515,1.64996703114515,0.317897629680522,1.887
8288,JET,19971212,43613,66.65,0.450352260253468,-1.079,-1.483,2.82,2.50525,2.901,1.2486,1.62930728012317,0.322992071699414,1.967
8289,JET,19971212,43613,68.4,0.440883940152237,-1.075,-1.476,3.161,2.693033,2.917,1.2546,1.6576084880535,0.31683236201577,1.962
8290,JET,19971212,43613,68.64,0.436850283699335,-1.076,-1.473,3.25,2.67713,2.918,1.2532,1.65890393736687,0.316244002741604,1.964
8291,JET,19971212,43615,69.38,0.507229293170482,-1.466,-1.486,2.025,1.985118,2.891,1.2221,1.61700621517328,0.326496022137669,1.968
8293,JET,19971212,43616,57.87,0.403860073177372,-2.982,-2.41,6.123,15.0593,2.911,1.2218,1.65336154361928,0.319958777052559,1.95
8294,JET,19971212,43616,58.36,0.391981054935655,-2.976,-2.404,6.099,15.8986,2.915,1.2262,1.67289832633166,0.317084048027444,1.948
8295,JET,19971212,43616,58.89,0.431456531939138,-2.984,-2.407,6.215,14.919,2.912,1.2235,1.65581440034091,0.319505494505495,1.942
8296,JET,19971213,43646,67.87,0.317183956499291,-1.48,-2.262,3.481,7.65045,2.903,1.2517,1.64174788734339,0.319462624870823,1.974
8297,JET,19971213,43646,68.4,0.326380574426582,-1.477,-2.261,3.474,7.4335,2.906,1.2519,1.64545825246162,0.318341362697867,1.972
8298,JET,19971213,43646,68.89,0.33585471395959,-1.478,-2.254,3.333,7.33725,2.909,1.2533,1.65883198272985,0.316191130972843,1.971
8304,JET,19980108,43831,68.64,0.197234026972908,-0.8685,-0.8138,2.687,3.96027,2.971,1.4411,1.58407128985039,0.291282396499495,1.981
8305,JET,19980108,43840,71.13,0.327328274152515,-0.8321,-0.8236,2.683,1.37967,2.955,1.4549,1.55668155699928,0.299830795262267,1.981
8307,JET,19980108,43844,68.64,0.279998788172564,-0.8355,-0.8187,3.127,1.6504,2.96,1.419,1.53250560553924,0.298952702702703,1.98
8308,JET,19980108,43846,69.62,0.0985976282795121,-0.8731,-0.8132,2.203,7.0666,2.978,1.4478,1.60160703004528,0.290664875755541,1.985
8309,JET,19980108,43848,66.4,0.302659040932063,-0.8399,-0.8154,3.503,1.55526,2.958,1.4185,1.55137724207953,0.297802569303584,1.986
8310,JET,19980108,43848,68.4,0.237939040430034,-0.8318,-0.8207,3.378,1.7487,2.948,1.4463,1.55545646108416,0.301560379918589,1.987
8311,JET,19980109,43866,70.4,0.263871027743659,-1.05,-1.1,1.984,3.11819,2.966,1.2072,1.57390506611641,0.303472690492245,1.973
8312,JET,19980109,43868,71.13,0.297196887233194,-1.048,-1.107,2.044,2.95814,2.948,1.2477,1.60019558895598,0.303222523744912,1.977
8313,JET,19980109,43869,71.13,0.318446967572375,-1.042,-1.109,2.052,2.49602,2.947,1.2463,1.59761114035957,0.303495079742111,1.98
8314,JET,19980109,43870,71.13,0.286116749682745,-1.035,-1.108,3.394,2.944008,2.944,1.244,1.58152917379885,0.30523097826087,1.988
8315,JET,19980109,43872,71.13,0.320668011656579,-0.9698,-1.032,2.932,2.85504,2.923,1.2575,1.67680379813266,0.312452959288402,1.984
8316,JET,19980109,43873,70.89,0.324022503660172,-0.9634,-1.026,2.393,1.95346,2.925,1.2492,1.68621854298894,0.311897435897436,1.978
8317,JET,19980109,43874,66.65,0.26406308931939,-1.035,-1.114,3.129,2.9165,2.939,1.2375,1.57251500160048,0.308302143586254,1.991
8318,JET,19980109,43874,68.4,0.265510363611507,-1.032,-1.115,3.307,2.85277,2.937,1.2376,1.56762586474637,0.308954715696289,1.989
8319,JET,19980109,43874,70.39,0.2247687039221,-1.03,-1.115,3.493,3.17126,2.933,1.2388,1.56716053338332,0.309955676781452,1.987
8320,JET,19980109,43875,70.63,0.22602281930913,-1.037,-1.113,3.358,3.81519,2.939,1.2459,1.57805752498325,0.306124532153794,1.993
8321,JET,19980109,43876,70.11,0.200847224963867,-1.04,-1.11,3.222,4.40733,2.938,1.2431,1.57852087215935,0.306603131381892,1.994
8322,JET,19980109,43877,69.13,0.296460751014247,-0.9792,-1.03,2.533,3.39168,2.912,1.2592,1.64934429928085,0.318063186813187,1.99
8323,JET,19980109,43878,71.13,0.297465531651882,-0.9687,-1.025,2.636,2.84754,2.923,1.2527,1.66714443086632,0.313855627779678,1.988
8324,JET,19980109,43880,66.65,0.300672383690195,-0.9758,-1.032,2.48,3.49949,2.909,1.2562,1.64417454357196,0.32014437951186,1.989
8325,JET,19980109,43880,71.13,0.32955411149086,-0.9679,-1.026,2.478,2.40217,2.92,1.2427,1.66055952846185,0.314657534246575,1.986
8326,JET,19980109,43881,70.6,0.265832152651189,-1.047,-1.444,2.382,3.428103,2.949,1.2458,1.59531372918023,0.302712783994574,1.986
8327,JET,19980109,43882,71.13,0.310708358074347,-1.168,-1.108,3.225,3.8433147,2.954,1.25,1.60541960701768,0.301963439404198,1.987
8328,JET,19980110,43912,67.62,0.271804108909599,-1.164,-1.028,3.166,3.8307,2.92,1.242,1.67369235305008,0.314486301369863,1.988
8329,JET,19980110,43912,69.87,0.383244268229616,-1.156,-1.028,2.992,2.3204,2.92,1.237,1.67211260425051,0.315308219178082,1.983
8330,JET,19980110,43914,70.4,0.415332535193824,-1.259,-1.029,2.845,2.4223,2.916,1.2364,1.67399011671879,0.315740740740741,1.978
8331,JET,19980112,43917,56.12,0.45014126664044,-3.464,-3.539,3.831,7.26994,2.88,1.204,1.59812050055503,0.333368055555556,1.99
8332,JET,19980112,43918,65.88,0.326960203691441,-1.281,-1.199,4.28,5.36105,2.91,1.3295,1.70419365560415,0.313505154639175,1.987
8333,JET,19980112,43920,55.87,0.452287135162618,-3.468,-3.532,4.935,12.5878,2.89,1.2158,1.61767006151545,0.329307958477509,1.989
8334,JET,19980112,43921,53.63,0.588164304450371,-3.479,-3.544,4.659,9.0734,2.883,1.213,1.60172801161573,0.332466181061394,1.99
8335,JET,19980112,43921,56.65,0.537255273661706,-3.471,-3.536,3.901,9.4953,2.89,1.2112,1.60939167541856,0.329723183391003,1.987
8336,JET,19980112,43923,54.12,0.593720593557727,-3.477,-3.547,3.949,8.289,2.882,1.2103,1.59871173913459,0.332859125607217,1.991
8337,JET,19980112,43923,54.36,0.552491293714569,-3.477,-3.541,4.028,8.8729,2.883,1.2109,1.60207448101042,0.332466181061394,1.991
8338,JET,19980112,43923,54.61,0.541853983096565,-3.475,-3.542,4.035,8.8976,2.884,1.2119,1.60812023063058,0.331761442441054,1.991
8339,JET,19980112,43924,54.36,0.563825358976153,-3.975,-3.968,5.041,11.14698,2.885,1.2129,1.60930177683459,0.331022530329289,1.991
8340,JET,19980112,43925,56.89,0.539837419184615,-3.774,-3.968,4.73,10.15741,2.883,1.2138,1.60543443530692,0.332154006243496,1.992
8341,JET,19980112,43925,57.38,0.501294852115809,-3.769,-3.953,4.328,10.18263,2.883,1.2123,1.60588721973302,0.331460284425945,1.991
8342,JET,19980112,43927,62.65,0.369718121125133,-2.776,-2.864,6.331,16.7909,2.898,1.2326,1.63424841435319,0.323913043478261,1.984
8343,JET,19980112,43930,62.65,0.441518835957744,-1.973,-1.977,5.763,7.5255,2.913,1.2306,1.65920674664713,0.317542052866461,1.992
8344,JET,19980112,43931,62.65,0.351221701487392,-1.971,-1.978,5.033,8.475843,2.907,1.2265,1.64660778433674,0.320020639834881,1.992
8345,JET,19980112,43933,62.65,0.230866607591395,-1.981,-1.973,3.879,15.0091,2.915,1.2374,1.66599330834771,0.316535162950257,1.984
8346,JET,19980112,43934,60.65,0.320653532676634,-1.988,-1.977,4.29,11.9994,2.907,1.2415,1.65148985252495,0.320295837633299,1.988
8347,JET,19980112,43934,62.65,0.241731750352204,-1.978,-1.972,3.995,14.6222,2.916,1.2392,1.66301568664831,0.316460905349794,1.987
8348,JET,19980112,43935,69.62,0.354636788614333,-1.37,-1.38,3.649,5.14893,2.912,1.243,1.64576533845108,0.317548076923077,1.987
8349,JET,19980113,43937,60.89,0.190405106591224,-1.684,-1.735,2.617,12.17877,2.907,1.2173,1.63165430505885,0.324699002407981,1.983
8350,JET,19980113,43946,63.71,0.251968937414947,-1.994,-1.723,3.771,14.89509,2.925,1.2443,1.69075038343262,0.312888888888889,1.977
8351,JET,19980113,43947,64.65,0.255570642163209,-1.68,-1.727,3.641,9.5007,2.915,1.2323,1.67840007307416,0.313481989708405,1.985
8352,JET,19980113,43961,64.12,0.191717127791784,-1.683,-1.976,3.731,13.75151,2.911,1.2393,1.66250437463336,0.317622810030917,1.992
8353,JET,19980113,43962,63.63,0.188043868577862,-1.687,-1.975,3.688,14.81516,2.914,1.2442,1.65322522746765,0.317364447494852,1.99
8354,JET,19980114,43976,62.36,0.306702134742252,-1.973,-1.983,5.284,10.06351,2.901,1.2286,1.63336445689387,0.323164426059979,1.985
8355,JET,19980114,43977,61.87,0.324799375395319,-1.972,-1.982,5.684,10.1184,2.9,1.2301,1.63185935926513,0.323137931034483,1.984
8356,JET,19980114,43978,61.63,0.560916018965224,-1.966,-1.989,3.328,3.272727,2.889,1.2118,1.620795785597,0.327275874004846,1.98
8357,JET,19980115,43984,62.12,0.371481390545791,-2.571,-1.98,5.969,13.8478,2.923,1.2352,1.66273853250949,0.318097844680123,1.984
8358,JET,19980115,43986,62.61,0.359042454682164,-2.574,-1.981,5.704,13.4991,2.926,1.232,1.67466768676851,0.315584415584416,1.982
8359,JET,19980115,43987,62.62,0.286709421238019,-2.56,-1.98,6.928,14.09284,2.922,1.2249,1.66785316684761,0.316837782340862,1.989
8360,JET,19980115,43988,61.12,0.270160001237522,-2.562,-1.99,7.259,15.51488,2.914,1.2251,1.6478297285026,0.321654083733699,1.991
8361,JET,19980115,43989,61.14,0.25385924865555,-2.561,-1.99,7.736,15.5082,2.912,1.2206,1.63859539174732,0.32239010989011,1.991
8362,JET,19980115,43995,57.63,0.318245747110089,-2.596,-3.48,4.919,12.6561,2.9,1.2264,1.61686084879947,0.327862068965517,1.987
8363,JET,19980115,43996,57.14,0.26748491070873,-2.579,-3.535,4.9,13.49964,2.891,1.2178,1.5921952882364,0.331961259079903,1.991
8364,JET,19980115,43997,56.36,0.251178834881229,-2.576,-3.533,5.421,14.6543,2.888,1.2191,1.58481809979522,0.333656509695291,1.992
8365,JET,19980115,43998,56.36,0.325143217845956,-2.587,-3.51,5.329,16.7926,2.905,1.2395,1.6191728907752,0.326850258175559,1.983
8366,JET,19980115,44001,62.12,0.22707345039232,-1.979,-2.752,3.824,13.3437,2.906,1.2289,1.62524050529846,0.322264280798348,1.991
8367,JET,19980116,44004,62.65,0.282138974451893,-1.988,-2.737,3.825,13.2456,2.924,1.2462,1.66133928724424,0.317099863201094,1.981
8368,JET,19980116,44005,62.36,0.207727157189635,-1.981,-2.762,4.565,13.3762,2.902,1.2277,1.62411203331723,0.325155065472088,1.988
8375,JET,19980116,44013,61.63,0.314860579245455,-2.568,-2.75,5.329,14.2841,2.909,1.2295,1.64579969250442,0.321553798556205,1.993
8376,JET,19980116,44014,59.38,0.310944853044777,-2.569,-2.759,5.915,14.1948,2.898,1.2263,1.62419567967245,0.326811594202899,1.994
8377,JET,19980116,44015,61.63,0.26894956103562,-2.564,-2.759,5.815,14.3064,2.901,1.2233,1.62761938891831,0.32609445018959,1.994
8378,JET,19980116,44016,60.89,0.263428298645866,-2.565,-2.764,6.092,14.28662,2.896,1.2194,1.61185244109048,0.32810773480663,1.994
8379,JET,19980116,44017,61.63,0.478102934053889,-2.575,-2.757,3.813,7.8458,2.904,1.224,1.63857114746324,0.323209366391185,1.989
8380,JET,19980116,44018,61.63,0.439303790809945,-2.568,-2.758,5.528,8.5549,2.902,1.2202,1.63506009406817,0.323707787732598,1.994
8381,JET,19980116,44020,61.63,0.368920587087865,-2.561,-2.762,5.463,8.74077,2.897,1.2176,1.62013648515244,0.327476700034519,1.993
8382,JET,19980116,44021,61.63,0.330376733526644,-2.555,-2.768,6.324,9.01486,2.89,1.2131,1.60032363418235,0.330692041522491,1.996
8383,JET,19980116,44026,61.63,0.325033346633985,-2.547,-2.767,6.422,8.7715,2.889,1.2121,1.60033721551859,0.330841121495327,1.997
8384,JET,19980116,44028,61.63,0.376761895983103,-2.572,-2.75,4.544,11.28259,2.908,1.2286,1.64545977132947,0.321733149931224,1.989
8385,JET,19980116,44029,61.63,0.358911373312333,-2.568,-2.751,5.461,11.54923,2.905,1.2274,1.64081993222134,0.323339070567986,1.995
8386,JET,19980116,44030,61.63,0.318047696992997,-2.565,-2.757,5.811,11.267964,2.899,1.2186,1.62067512382984,0.325836495343222,1.997
8387,JET,19980116,44032,60.89,0.279603621168281,-2.56,-2.764,6.002,11.91991,2.893,1.2179,1.60948003531398,0.329623228482544,1.997
8389,JET,19980116,44035,61.63,0.324285119115252,-2.573,-2.754,5.827,13.2015,2.905,1.2263,1.64145011122864,0.323063683304647,1.997
8390,JET,19980117,44048,66.88,0.214259464500226,-1.681,-1.829,4.954,13.76882,2.911,1.3169,1.6275919833737,0.309927859841979,1.99
8391,JET,19980117,44049,67.62,0.209521384928717,-1.682,-1.833,5.038,15.3192,2.908,1.3225,1.61415558301199,0.311760660247593,1.993
8392,JET,19980117,44051,69.88,0.210969240512605,-1.673,-1.833,2.91,10.68971,2.909,1.2798,1.58323075489228,0.308044001375043,1.989
8396,JET,19980117,44055,67.38,0.197913499175104,-1.682,-1.825,4.784,15.4565,2.92,1.2995,1.59765089785688,0.305342465753425,1.989
8397,JET,19980117,44055,70.11,0.222495807162353,-1.68,-1.826,3.932,12.1636,2.918,1.2872,1.60368975720646,0.305243317340644,1.989
8398,JET,19980117,44059,66.13,0.231396445186843,-1.715,-1.834,4.515,12.26056,2.911,1.2988,1.59205640703973,0.308931638612161,1.992
8401,JET,19980119,44077,66.4,0.284531041164282,-0.808,-0.9169,2.713,2.82818,2.915,1.3233,1.59920593739467,0.307169811320755,1.992
8403,JET,19980119,44078,67.87,0.239873936121042,-0.9946,-1.112,3.435,4.65161,2.92,1.3082,1.61135238694727,0.305068493150685,1.993
8405,JET,19980119,44080,68.89,0.206678219141562,-1.218,-1.373,3.484,6.7518,2.915,1.2858,1.59777673836406,0.305969125214408,1.992
8406,JET,19980119,44080,71.62,0.222908534580134,-1.231,-1.372,3.548,6.9939,2.919,1.2866,1.60433900037804,0.301815690304899,1.992
8407,JET,19980119,44082,66.65,0.240184939044434,-1.229,-1.372,3.85,6.9969,2.909,1.308,1.5976643142955,0.310312822275696,1.992
8409,JET,19980119,44082,71.87,0.192060529676171,-1.219,-1.373,3.51,7.22819,2.91,1.2966,1.60007433660846,0.307079037800687,1.993
8410,JET,19980119,44083,66.89,0.259569797163588,-1.48,-1.643,4.761,9.7024,2.902,1.3001,1.57786528148627,0.311164713990351,1.993
8411,JET,19980119,44083,69.38,0.200957723150613,-1.465,-1.636,3.626,8.04199,2.914,1.2693,1.59031626773438,0.304941660947152,1.993
8412,JET,19980119,44084,70.4,0.205598864746319,-1.478,-1.636,3.881,10.8522,2.91,1.2931,1.59048206201423,0.309037800687285,1.994
8413,JET,19980119,44084,72.89,0.183747318058256,-1.469,-1.639,3.601,10.219741,2.907,1.2781,1.58173766010523,0.307395940832473,1.992
8414,JET,19980119,44087,70.11,0.209487290546681,-1.67,-1.834,4.169,11.7747,2.905,1.2824,1.58081017952471,0.309707401032702,1.993
8415,JET,19980119,44090,72.11,0.162744587793768,-0.9822,-1.129,2.816,4.18868,2.884,1.288,1.56718920394122,0.313626907073509,1.993
8416,JET,19980119,44091,66.65,0.222870242098981,-0.9942,-1.115,3.086,4.64149,2.915,1.2982,1.60274772064061,0.305111492281304,1.993
8418,JET,19980119,44091,72.64,0.201026535954422,-0.9852,-1.116,3.593,4.87075,2.914,1.2935,1.60666101879071,0.302539464653397,1.993
8419,JET,19980119,44092,66.4,0.258373405602655,-0.808,-0.9188,2.889,2.99251,2.913,1.3174,1.60954845896749,0.307037418468932,1.993
8420,JET,19980120,44098,66.4,0.213550731450319,-0.8903,-1.239,2.508,3.839837,2.948,1.2562,1.57488127143793,0.307394843962008,1.962
8421,JET,19980120,44098,71.38,0.209473006433645,-0.879,-1.242,2.692,3.82054,2.937,1.2567,1.54742569482101,0.312189308818522,1.962
8422,JET,19980120,44100,68.4,0.168373838406712,-0.8802,-1.237,2.708,3.912514,2.951,1.2483,1.5896909592097,0.306099627245002,1.994
8423,JET,19980120,44100,71.62,0.166449787426154,-0.8788,-1.236,2.857,4.14209,2.952,1.2589,1.5949671558772,0.305826558265583,1.994
8424,JET,19980120,44101,67.38,0.168066500477774,-0.8835,-1.234,2.759,4.28027,2.952,1.2513,1.58555720832327,0.307520325203252,1.993
8425,JET,19980120,44101,71.62,0.154401622617952,-0.8773,-1.233,2.744,4.05271,2.95,1.2479,1.58493181210594,0.306474576271186,1.993
8426,JET,19980120,44102,67.13,0.190643586439334,-0.8828,-1.243,3.029,4.0352,2.944,1.2519,1.57720302632733,0.310224184782609,1.992
8427,JET,19980120,44103,67.87,0.185032616418007,-0.8741,-1.242,3.124,3.87075,2.942,1.2552,1.57607317207018,0.310095173351462,1.993
8428,JET,19980120,44105,67.62,0.189865337637946,-0.8827,-1.24,2.901,4.07315,2.947,1.2588,1.58482178226444,0.308076009501188,1.995
8429,JET,19980120,44105,70.89,0.179740269050948,-0.8772,-1.238,2.789,3.90558,2.951,1.2555,1.58852487286396,0.305760759064724,1.995
8430,JET,19980120,44107,71.38,0.184349927549425,-0.8817,-1.236,2.736,4.00963,2.95,1.2581,1.58598416540763,0.306372881355932,1.995
8431,JET,19980120,44108,68.11,0.191063677909034,-0.8789,-1.241,3.206,4.00657,2.943,1.2505,1.56545057501873,0.31039755351682,1.995
8432,JET,19980120,44108,70.89,0.188862790342733,-0.8765,-1.237,2.757,3.86569,2.949,1.2515,1.58166517181444,0.307121057985758,1.995
8433,JET,19980120,44109,66.4,0.208493002923728,-0.8934,-1.24,2.59,3.87519,2.947,1.2608,1.58466182818639,0.309738717339667,1.993
8434,JET,19980120,44109,68.11,0.218839822315129,-0.8859,-1.235,2.613,3.827,2.954,1.2617,1.5773824120456,0.308632362897766,1.993
8435,JET,19980120,44109,69.38,0.243086854490065,-0.8894,-1.234,2.872,3.91609,2.957,1.2679,1.57891370248078,0.306594521474467,1.992
8436,JET,19980120,44109,72.11,0.204918032786885,-0.8793,-1.233,2.52,3.7393,2.955,1.2568,1.59599056049365,0.305380710659898,1.993
8437,JET,19980120,44110,69.13,0.212814437005739,-0.8826,-1.238,2.646,3.537354,2.953,1.2556,1.58491371553257,0.307890281070098,1.992
8438,JET,19980120,44112,68.4,0.211978723034401,-1.969,-3.134,2.98,11.5054,2.929,1.2298,1.56340292381611,0.313110276544896,1.996
8439,JET,19980120,44113,69.38,0.229312359748765,-2.162,-3.025,3.357,11.79134,2.932,1.2276,1.57480292686292,0.311391541609823,1.996
8440,JET,19980120,44115,67.38,0.288314183295671,-2.181,-3.015,4.608,13.5857,2.948,1.2385,1.59866464651476,0.30753052917232,1.986
8441,JET,19980120,44118,67.13,0.282067112459892,-1.688,-3.042,4.24,11.5001,2.92,1.3089,1.60067166656542,0.30486301369863,1.983
8442,JET,19980120,44118,69.38,0.267449567447471,-1.683,-3.033,3.467,10.96861,2.923,1.2992,1.61068196128731,0.302189531303455,1.976
8443,JET,19980121,44125,67.13,0.22827621478732,-1.688,-3.059,4.176,13.21754,2.904,1.3021,1.59634578871191,0.308264462809917,1.983
8444,JET,19980121,44125,69.13,0.201169325737451,-1.681,-3.055,3.928,13.0246,2.903,1.2855,1.58262778108707,0.309472959007923,1.987
8445,JET,19980121,44127,67.13,0.226507646807441,-1.686,-3.056,3.953,12.96358,2.902,1.3001,1.59025893720257,0.309028256374914,1.989
8446,JET,19980121,44127,69.38,0.196841854804023,-1.674,-3.063,3.373,10.9273,2.894,1.2743,1.56312439650939,0.312404975812025,1.992
8447,JET,19980121,44127,71.62,0.209803132275431,-1.683,-2.827,4.028,12.74409,2.914,1.2887,1.60380227885074,0.305422100205903,1.99
8448,JET,19980121,44136,67.62,0.235262573380327,-1.682,-3.044,3.839,12.34493,2.909,1.2978,1.58209031702684,0.307768992781024,1.987
8450,JET,19980121,44136,71.38,0.238037088814404,-1.683,-2.853,4.221,11.8742,2.926,1.3015,1.61023195473688,0.30416951469583,1.989
8451,JET,19980121,44137,70.4,0.354955630546182,-0.8843,-1.23,2.236,2.4003,2.976,1.2653,1.61613342886601,0.300739247311828,1.987
8452,JET,19980121,44137,73.38,0.293659390980776,-0.8866,-1.231,1.962,2.84326,2.969,1.2645,1.60680689019903,0.301987201077804,1.985
8453,JET,19980121,44138,66.89,0.30029218852247,-0.8903,-1.236,2.265,2.62844,2.957,1.2506,1.58738893430725,0.305512343591478,1.987
8454,JET,19980121,44139,67.38,0.235914076435538,-1.687,-3.057,4.051,13.1745,2.901,1.3052,1.58329324995992,0.31023784901758,1.987
8455,JET,19980121,44139,70.4,0.227116669732083,-1.688,-3.02,3.764,13.0488,2.917,1.3004,1.60407978921127,0.305005142269455,1.986
8456,JET,19980121,44140,66.89,0.243278807362582,-1.692,-3.052,3.87,12.6912,2.906,1.3083,1.58865183097123,0.308912594631796,1.986
8457,JET,19980121,44140,68.64,0.2044745196027,-1.672,-3.058,3.454,11.2459,2.902,1.2888,1.57521459225317,0.311888352860096,1.994
8459,JET,19980121,44142,67.38,0.357127622514343,-2.576,-2.74,7.015,14.0657,2.913,1.2792,1.61557229719517,0.305629934775146,1.992
8460,JET,19980121,44142,70.4,0.306131669083192,-2.56,-2.758,5.947,14.2767,2.903,1.2661,1.5982543331862,0.308646228039959,1.991
8461,JET,19980121,44144,67.38,0.244186730782164,-1.684,-3.053,3.636,11.8952,2.913,1.3043,1.59796730243707,0.306007552351528,1.988
8462,JET,19980121,44144,68.89,0.223475484606613,-1.67,-3.05,3.555,10.9625,2.908,1.2934,1.58422592434441,0.309284731774415,1.992
8463,JET,19980121,44144,70.89,0.223983549159868,-1.679,-2.973,3.754,11.9386,2.903,1.2919,1.60024602475111,0.306958318980365,1.994
8464,JET,19980121,44146,67.13,0.219764023393284,-1.688,-3.064,4.098,12.7216,2.899,1.2949,1.57951550637354,0.309934460158675,1.994
8465,JET,19980121,44146,69.87,0.181274900398406,-1.666,-3.05,3.968,13.5038,2.905,1.2893,1.58784254447321,0.308674698795181,1.997
8466,JET,19980129,44317,60.36,0.36530644877912,-2.572,-2.744,4.493,10.13122,2.908,1.2233,1.60708887978295,0.329057771664374,1.962
8467,JET,19980129,44319,60.36,0.373831775700935,-2.568,-2.746,5.975,10.2613,2.911,1.2233,1.61063885455126,0.327894194434902,1.962
8468,JET,19980129,44320,60.12,0.340883572474873,-2.563,-2.75,6.082,10.64293,2.904,1.2215,1.59739936560163,0.33150826446281,1.996
8469,JET,19980129,44324,60.12,0.385435493369616,-2.574,-2.748,4.613,9.8486,2.907,1.2244,1.60402424479353,0.330374957000344,1.997
8470,JET,19980129,44329,59.38,0.247760782079134,-2.554,-2.741,4.682,11.2316,2.908,1.2042,1.55801068286937,0.326891334250344,1.96
8471,JET,19980129,44332,61.63,0.388068480321615,-2.576,-2.722,3.677,8.7558,2.933,1.2152,1.6181249557444,0.316297306512104,1.977
8472,JET,19980129,44333,62.12,0.364880814923152,-2.574,-2.729,5.357,11.6919,2.932,1.2151,1.59839381278772,0.317769440654843,1.979
8473,JET,19980130,44335,60.65,0.401977850097127,-2.559,-2.735,5.424,11.8917,2.916,1.2123,1.61813325361389,0.312379972565158,1.962
8474,JET,19980130,44337,62.12,0.361021571053648,-2.575,-2.742,4.807,12.6883,2.911,1.2108,1.61493338622441,0.314634146341463,1.962
8475,JET,19980130,44338,61.87,0.318007877224865,-2.567,-2.748,4.915,11.97376,2.907,1.2063,1.60957657002511,0.315961472308222,1.989
8476,JET,19980130,44339,61.63,0.337310481740606,-2.571,-2.749,5.023,12.4922,2.905,1.2281,1.64024559318677,0.322719449225473,1.988
8477,JET,19980130,44340,61.87,0.352758000031857,-2.567,-2.749,6.1,12.5562,2.906,1.2278,1.63964314281029,0.322952512044047,1.992
8478,JET,19980130,44341,61.87,0.269638888225032,-2.565,-2.754,4.809,12.5529,2.905,1.2037,1.60532665216555,0.317005163511188,1.991
8479,JET,19980130,44344,61.87,0.329410261272477,-2.567,-2.748,5.23,12.1291,2.908,1.2059,1.6143099122058,0.3146492434663,1.994
8480,JET,19980130,44345,60.65,0.356865430886103,-2.57,-2.778,4.096,11.0969,2.875,1.1653,1.53466982468368,0.3336,1.991
8481,JET,19980130,44347,59.63,0.401398748904138,-3.45,-2.739,8.56,15.1707,2.914,1.2203,1.65092504018759,0.321105010295127,1.995
8482,JET,19980130,44348,59.63,0.363112853669111,-3.453,-2.748,8.526,15.9153,2.908,1.2161,1.6372544735874,0.324209078404402,1.996
8483,JET,19980130,44349,60.89,0.305547517970014,-2.567,-2.767,3.831,11.78491,2.886,1.1397,1.55893082530221,0.317498267498267,1.992
8484,JET,19980130,44351,60.65,0.281732605542912,-2.562,-2.762,5.107,12.40467,2.888,1.1382,1.55214771216552,0.317970914127424,1.994
8485,JET,19980130,44352,60.65,0.280164698894784,-2.555,-2.77,5.783,12.4591,2.885,1.1355,1.54176130696103,0.319410745233969,1.996
8486,JET,19980130,44353,60.65,0.253652886528785,-2.559,-2.772,6.22,12.49286,2.882,1.1346,1.53642513550238,0.321929215822346,1.996
8487,JET,19980130,44356,64.36,0.515613490262384,-2.578,-2.732,7.906,10.986621,2.921,1.3768,1.73442885853568,0.307428962684012,1.993
8488,JET,19980130,44357,64.36,0.414636681605241,-2.575,-2.745,7.593,12.60272,2.913,1.3613,1.70765208073826,0.311774802608994,1.996
8489,JET,19980130,44359,64.36,0.351401292532211,-2.569,-2.747,8.769,12.70684,2.902,1.354,1.67757320378778,0.317918676774638,1.996
8490,JET,19980131,44363,60.39,0.29507682966242,-2.57,-2.752,3.578,10.2109,2.898,1.2152,1.58770455524566,0.332884748102139,1.995
8491,JET,19980131,44365,58.36,0.414366346783257,-2.568,-2.747,4.827,8.0967,2.904,1.2194,1.59651961038645,0.330957300275482,1.997
8493,JET,19980131,44373,59.87,0.256326724525549,-1.788,-1.842,4.759,11.7873,2.91,1.2415,1.64542544174901,0.322508591065292,1.994
8494,JET,19980131,44374,59.38,0.238228644575259,-1.79,-1.84,4.586,11.470493,2.916,1.2381,1.64366265185755,0.321982167352538,1.995
8495,JET,19980131,44378,59.38,0.25685906288948,-1.788,-1.839,4.186,11.8748,2.915,1.2334,1.63621562045123,0.322469982847341,1.991
8496,JET,19980131,44379,58.87,0.200900611077372,-1.784,-1.844,4.736,12.46487,2.901,1.2222,1.61614447405633,0.327714581178904,1.996
8497,JET,19980131,44380,59.63,0.182910803606069,-1.774,-1.847,5.468,11.98535,2.896,1.2222,1.60147490579668,0.330283149171271,1.995
8498,JET,19980131,44381,59.87,0.374385772844158,-1.785,-1.84,4.249,7.8554,2.914,1.2366,1.64233506619753,0.321482498284145,1.991
8499,JET,19980131,44382,59.63,0.321933845828338,-1.775,-1.846,4.802,7.0895,2.905,1.2207,1.62018836862739,0.323993115318417,1.996
8500,JET,19980131,44383,59.63,0.257594611677333,-1.785,-1.844,4.497,10.1256,2.91,1.2368,1.63815544103602,0.324604810996564,1.996
8501,JET,19980131,44384,59.63,0.21123454734947,-1.788,-1.846,4.47,12.67501,2.909,1.2375,1.63510871721208,0.325266414575456,1.996
8502,JET,19980131,44386,55.63,0.409413080081726,-3.374,-3.526,6.801,15.0259,2.892,1.2185,1.61229222144372,0.329771784232365,1.996
8503,JET,19980131,44387,55.63,0.370421901160625,-3.367,-3.538,7.113,14.94971,2.889,1.2159,1.60826709240027,0.331637244721357,1.993
8504,JET,19980131,44388,54.12,0.449697295936915,-3.372,-3.536,6.098,14.3044,2.89,1.2209,1.60932567037322,0.330519031141869,1.989
8505,JET,19980908,45210,56.89,0.406243380372616,-2.485,-2.447,5.552,11.89644,2.94,1.2477,1.56733700354902,0.319183673469388,1.971
8506,JET,19980908,45211,57.63,0.395451364590623,-2.49,-2.451,5.119,11.432,2.931,1.2226,1.54332247258853,0.314773114977823,1.963
8507,JET,19980908,45212,56.65,0.394807598880941,-2.494,-2.473,4.929,11.9386,2.904,1.2184,1.53927582317542,0.318078512396694,1.959
8508,JET,19980908,45221,57.14,0.423991785237691,-2.493,-2.469,4.761,11.5402,2.913,1.2215,1.54985935362319,0.314898729831789,1.966
8509,JET,19980908,45224,58.65,0.55501927935115,-2.494,-2.458,5.442,7.521,2.921,1.2357,1.56736440607631,0.321294077370763,1.981
8510,JET,19980908,45225,58.36,0.387983649700431,-2.489,-2.469,5.344,11.60835,2.913,1.2297,1.54807969151974,0.322828698935805,1.987
8511,JET,19980908,45226,57.87,0.433514127477481,-2.487,-2.461,6.196,11.3573,2.922,1.2406,1.56289180879131,0.321457905544148,2
8512,JET,19980908,45227,57.14,0.363629776751085,-2.484,-2.472,5.908,11.7313,2.907,1.2292,1.54308364278743,0.325558995528036,1.987
8513,JET,19980909,45229,57.63,0.432345360824742,-2.488,-2.466,4.594,10.7864,2.913,1.2205,1.55957999733002,0.314795743220048,1.979
8514,JET,19980909,45235,58.36,0.442993306169965,-2.489,-2.462,6.396,10.9952,2.921,1.2365,1.56304693244508,0.320883259157823,1.986
8515,JET,19980909,45236,56.89,0.357041559235965,-2.482,-2.469,5.856,11.70522,2.911,1.2299,1.559326093432,0.323600137409825,1.992
8516,JET,19980909,45238,57.38,0.425298987237977,-2.488,-2.464,5.696,11.4637,2.915,1.2346,1.57153028027435,0.32082332761578,1.987
8517,JET,19980909,45239,57.87,0.478157196202816,-2.488,-2.445,4.951,11.1135,2.935,1.2499,1.58550025815621,0.316899488926746,1.982
8518,JET,19980909,45243,57.37,0.366082210759855,-2.479,-2.475,3.539,10.6823,2.905,1.212,1.47336374844335,0.324096385542169,1.974
8519,JET,19980909,45245,68.11,0.241934709783934,-0.906,-1.242,1.82,3.12543,2.947,1.2512,1.61610115954597,0.308076009501188,1.967
8520,JET,19980909,45245,71.38,0.195926041993106,-0.9026,-1.244,2.086,3.98875,2.944,1.2538,1.60610386892917,0.309680706521739,1.975
8521,JET,19980909,45246,68.11,0.200862129995988,-0.9116,-1.234,2.017,3.81381,2.964,1.2233,1.62623468205564,0.296693657219973,1.976
8522,JET,19980909,45246,71.13,0.174627275940155,-0.8989,-1.238,2.174,3.81985,2.959,1.2178,1.58125328538431,0.299594457587023,1.979
8523,JET,19980909,45249,58.36,0.357644254562717,-2.493,-2.495,4.308,10.89099,2.88,1.1998,1.51615007112923,0.3328125,1.977
8524,JET,19980909,45251,71.38,0.189027072521403,-0.8958,-1.247,2.262,3.93277,2.94,1.2504,1.60612095221181,0.310986394557823,1.981
8525,JET,19980909,45252,66.4,0.217706667796144,-0.9016,-1.246,2.191,3.77756,2.937,1.2525,1.59253676985076,0.312665985699694,1.981
8526,JET,19980910,45267,67.62,0.243799385771853,-0.8974,-1.244,2.22,3.17146,2.938,1.2459,1.59092666806065,0.31286589516678,1.987
8527,JET,19980910,45269,66.64,0.251992752502922,-0.9003,-1.248,2.374,3.23422,2.936,1.2474,1.58367992967879,0.313385558583106,1.987
8529,JET,19980910,45270,66.64,0.269012332619615,-0.8981,-1.249,2.317,2.74151,2.931,1.2429,1.58217596013494,0.313920163766633,1.988
8530,JET,19980910,45270,71.87,0.232117806135384,-0.8889,-1.257,1.911,2.3666,2.909,1.2424,1.55323339197101,0.322172567892747,1.989
8531,JET,19980910,45277,57.14,0.310354815351195,-2.474,-2.474,5.141,12.429,2.903,1.228,1.53731409427517,0.327557698932139,1.989
8532,JET,19980910,45278,56.38,0.398026821482506,-2.495,-2.472,5.048,11.0583,2.909,1.2384,1.55554877211222,0.325369542798212,1.99
8534,JET,19980910,45279,58.13,0.38090063023976,-2.485,-2.468,5.929,11.9161,2.912,1.2337,1.54683318171418,0.32396978021978,1.988
8537,JET,19980924,45460,61.38,0.532249579124579,-2.476,-2.447,4.023,8.5536,2.935,1.2458,1.58621228986243,0.317819420783646,1.976
8538,JET,19980924,45464,60.89,0.349999181469856,-2.483,-2.466,5.807,11.60617,2.913,1.2364,1.56033305235534,0.324201853759011,1.979
8539,JET,19980924,45465,60.89,0.371323002168026,-2.48,-2.46,5.812,11.8541,2.917,1.2357,1.55889437776631,0.321974631470689,1.98
8540,JET,19980924,45468,60.36,0.382588839499752,-2.482,-2.462,6.333,12.3059,2.914,1.2409,1.56140372919822,0.324090597117364,1.98
8542,JET,19980924,45471,60.89,0.282059602305176,-2.478,-2.475,5.001,11.5566,2.898,1.2316,1.56489162276676,0.329399585921325,1.992
8543,JET,19980924,45472,60.89,0.447460348089368,-2.483,-2.467,6.025,10.05374,2.911,1.2367,1.56108543507188,0.326417038818275,1.994
8544,JET,19980924,45473,60.89,0.422252293947199,-2.475,-2.467,5.082,9.9392,2.912,1.2409,1.57043827182667,0.327163461538462,1.997
8545,JET,19980924,45474,60.89,0.478937157564295,-2.5,-2.459,4.927,10.2574,2.921,1.2495,1.59364557159298,0.322903115371448,1.992
8546,JET,19980924,45475,61.14,0.462508802042074,-2.489,-2.465,5.936,9.0888,2.914,1.2402,1.57838315395253,0.325531914893617,1.997
8547,JET,19980925,45486,64.11,0.451072058604115,-1.854,-1.982,2.567,3.41819,2.904,1.2254,1.55023908647332,0.32551652892562,1.987
8548,JET,19980925,45487,64.4,0.479938706130276,-1.857,-1.983,3.145,3.37391,2.905,1.2263,1.54799440041888,0.324853700516351,1.99
8549,JET,19980925,45488,63.14,0.329549233149487,-1.871,-1.965,5.088,10.91673,2.934,1.2614,1.59065315348069,0.316530334014997,1.986
8550,JET,19980925,45489,64.11,0.361641282693914,-1.872,-1.96,4.694,9.3366,2.939,1.2591,1.60067232440778,0.314086423953726,1.986
8551,JET,19980925,45490,63.87,0.434319792485705,-1.87,-1.958,4.426,7.65634,2.941,1.2578,1.6050047697019,0.313192791567494,1.987
8552,JET,19980925,45493,62.36,0.385013992344865,-2.797,-2.995,2.825,8.24022,2.906,1.2285,1.55434806153257,0.325533379215416,1.984
8553,JET,19980925,45495,62.36,0.342184587527294,-2.8,-2.994,2.82,9.3885,2.906,1.2263,1.56291948101059,0.323709566414315,1.983
8554,JET,19980925,45496,62.36,0.355836693450653,-2.8,-2.995,2.679,9.28291,2.906,1.229,1.55960021432757,0.324501032346869,1.982
8555,JET,19980925,45499,71.38,0.27816088116423,-0.9213,-0.9794,2.323,2.815457,2.932,1.2618,1.58016563775664,0.313676671214188,1.988
8556,JET,19980925,45500,71.13,0.249060297327554,-0.9257,-0.9763,2.355,3.19782,2.938,1.275,1.60299331937666,0.311538461538462,1.991
8557,JET,19980925,45501,71.38,0.419557294179651,-0.9122,-0.9862,2.465,1.34717,2.909,1.2485,1.55537096044166,0.321725678927467,1.99
8558,JET,19980925,45504,63.87,0.429127714707019,-1.858,-1.982,4.653,4.88957,2.907,1.2323,1.55122352149311,0.325077399380805,1.977
8559,JET,19980926,45511,61.63,0.315133023754841,-2.488,-2.501,4.709,11.9302,2.869,1.1985,1.51288781373456,0.334715928895085,1.992
8560,JET,19980926,45512,61.63,0.395625766817782,-2.487,-2.486,5.913,11.4923,2.889,1.2103,1.53198180368853,0.32827968155071,1.991
8561,JET,19980926,45513,61.63,0.430343614232882,-2.49,-2.472,6.231,11.1404,2.904,1.2155,1.53289450787232,0.323760330578512,1.99
8562,JET,19980926,45514,61.63,0.431327135049576,-2.484,-2.471,6.79,11.52362,2.905,1.217,1.53131649776201,0.323511187607573,1.997
8563,JET,19980926,45515,61.63,0.432478867431792,-2.491,-2.463,6.442,11.6408,2.914,1.2246,1.53561443837038,0.321757035003432,1.989
8564,JET,19980926,45516,61.38,0.441530164955589,-2.492,-2.461,4.902,10.4028,2.915,1.2259,1.53445856195003,0.321578044596913,1.989
8565,JET,19980926,45518,62.12,0.380392174696001,-2.476,-2.479,8.364,10.9951,2.898,1.1907,1.52248488771931,0.325155279503106,1.994
8566,JET,19980926,45520,62.36,0.394415975792978,-2.483,-2.473,6.501,11.40826,2.896,1.2102,1.52289372774136,0.326139502762431,1.995
8567,JET,19980926,45521,61.63,0.714214057307668,-2.475,-2.487,2.94,3.1898,2.887,1.1991,1.51664330168621,0.329476965708348,1.992
8568,JET,19980926,45521,64.64,0.5916390790061,-2.479,-2.485,2.961,4.30144,2.888,1.2035,1.52583056978119,0.329016620498615,1.992
8569,JET,19980926,45522,58.36,0.518951752928046,-2.486,-2.487,3.257,5.38499,2.887,1.1826,1.51846505581443,0.330689296847939,1.993
8570,JET,19980926,45522,61.38,0.421102283280022,-2.471,-2.491,3.05,6.7841,2.888,1.181,1.51955004813657,0.329085872576177,1.991
8571,JET,19980926,45522,64.64,0.499605060091626,-2.479,-2.479,5.03,8.2291,2.898,1.2086,1.52755236353092,0.324844720496894,1.99
8572,JET,19980926,45523,58.65,0.512519714803373,-2.484,-2.474,4.839,7.6719,2.902,1.2097,1.53871965939403,0.323673328738801,1.991
8573,JET,19980926,45523,61.38,0.492270410769213,-2.486,-2.479,4.824,8.8103,2.898,1.208,1.53676918928304,0.32360248447205,1.991
8574,JET,19980926,45523,64.4,0.441647502679022,-2.482,-2.478,5.047,10.16229,2.903,1.1925,1.53392102846297,0.322735101619015,1.989
8575,JET,19980926,45524,58.65,0.47700510335789,-2.496,-2.478,5.436,10.0718,2.898,1.1936,1.53438011159973,0.325603864734299,1.988
8576,JET,19980926,45524,61.38,0.398146225592386,-2.484,-2.47,4.894,12.0403,2.906,1.215,1.54318291566127,0.322229869236063,1.987
8577,JET,19980926,45524,63.87,0.324467921746875,-2.484,-2.47,4.591,13.0244,2.906,1.1911,1.55642272790409,0.318203716448727,1.985
8578,JET,19980926,45525,61.38,0.527059968397117,-2.475,-2.477,2.379,4.15152,2.899,1.2222,1.54690038821928,0.327216281476371,1.984
8579,JET,19980926,45526,56.36,0.530345392273358,-2.479,-2.479,2.429,4.00588,2.896,1.2182,1.53896218839348,0.329523480662983,1.984
8580,JET,19980926,45526,59.14,0.454629250812084,-2.479,-2.473,2.651,5.071825,2.902,1.2208,1.54573460876883,0.327188146106134,1.983
8581,JET,19980926,45526,61.38,0.407272639060719,-2.48,-2.472,2.722,6.18345,2.905,1.2264,1.55541590519547,0.32657487091222,1.982
8582,JET,19980926,45527,59.14,0.319608760418077,-2.481,-2.469,2.88,8.1229,2.91,1.2251,1.55169260445564,0.325773195876289,1.981
8583,JET,19981005,45678,61.63,0.265722071351512,-2.48,-2.483,3.135,10.7524,2.891,1.2105,1.47031374609664,0.328260117606365,1.953
8585,JET,19981005,45682,61.14,0.373834171862575,-2.491,-2.469,5.506,13.4561,2.907,1.2241,1.47996142643743,0.323976608187134,1.962
8586,JET,19981005,45683,59.38,0.366179352253462,-2.487,-2.472,6.194,13.6257,2.902,1.2238,1.47089353916986,0.325809786354238,1.962
8587,JET,19981005,45683,61.38,0.333130022666392,-2.479,-2.483,5.589,12.1325,2.895,1.2134,1.46567810670489,0.326424870466321,1.962
8588,JET,19981005,45684,61.14,0.300697300196674,-2.48,-2.478,6.776,13.9825,2.899,1.2164,1.47177854331253,0.325733011383236,1.962
8589,JET,19981005,45685,61.14,0.368946963873943,-2.485,-2.475,6.292,14.311,2.901,1.2205,1.47958371309211,0.323267838676319,1.962
8590,JET,19981005,45686,60.89,0.472993236936369,-1.862,-1.984,1.96,2.96759,2.904,1.2251,1.5477953742998,0.327341597796143,1.962
8591,JET,19981005,45687,60.12,0.53469471141035,-1.877,-1.961,4.819,5.6291,2.939,1.2534,1.60503754821818,0.314426675740048,1.962
8592,JET,19981005,45688,61.38,0.354078467034186,-1.864,-1.98,2.175,4.59658,2.91,1.2241,1.54305122477539,0.324364261168385,1.962
8593,JET,19981005,45689,60.36,0.460669731734915,-1.872,-1.965,4.627,6.9819,2.932,1.2495,1.58105685436285,0.31718963165075,1.962
8594,JET,19981005,45690,61.14,0.504439088078739,-1.852,-1.965,3.589,4.9785,2.935,1.2425,1.58736661250878,0.316933560477002,1.962
8595,JET,19981005,45691,61.38,0.552922015301202,-1.862,-1.963,3.335,4.6663,2.938,1.2444,1.59490539111638,0.315384615384615,1.962
8596,JET,19981005,45692,60.65,0.425134353267657,-1.876,-1.96,4.401,7.21419,2.939,1.251,1.60037561416274,0.314664851990473,1.962
8597,JET,19981007,45719,61.14,0.548697632226891,-1.86,-1.967,5.709,5.4017,2.929,1.2474,1.58118671820115,0.318129054284739,1.988
8598,JET,19981007,45721,61.14,0.459981547704315,-1.87,-1.966,5.115,6.938974,2.928,1.2492,1.57935367076526,0.318237704918033,1.987
8599,JET,19981007,45722,61.14,0.448338386109459,-1.872,-1.961,5.362,6.8939,2.938,1.2533,1.59785005709202,0.314874063989108,1.988
8600,JET,19981007,45723,61.14,0.467946010704774,-1.871,-1.96,5.126,6.96138,2.937,1.2524,1.59505587512515,0.314742934967654,1.987
8601,JET,19981007,45724,61.14,0.43552313961278,-1.87,-1.972,6.87,7.22484,2.919,1.2462,1.56385550194267,0.322541966426859,1.998
8602,JET,19981007,45725,61.14,0.448253106741406,-1.858,-1.981,5.266,5.39472,2.91,1.235,1.55366388794971,0.325120274914089,1.996
8603,JET,19981007,45726,61.14,0.439402751776659,-1.859,-1.979,5.261,5.5019,2.913,1.2368,1.55753518977982,0.32382423618263,1.996
8604,JET,19981007,45727,61.14,0.406430383392129,-1.863,-1.97,6.077,7.08387,2.921,1.2443,1.56705782967819,0.32136254707292,1.996
8605,JET,19981008,45752,63.38,0.384865325146775,-2.468,-2.633,4.979,8.9252,2.929,1.238,1.53564092133155,0.324752475247525,1.96
8606,JET,19981008,45753,63.62,0.451532677169973,-2.477,-2.635,5.414,8.5243,2.927,1.2424,1.54375837237159,0.325452681926888,1.961
8607,JET,19981008,45754,63.62,0.324472526000062,-2.473,-2.646,4.772,9.7019,2.92,1.2375,1.53477782254927,0.327260273972603,1.96
8608,JET,19981008,45755,63.87,0.285511549306295,-2.472,-2.641,5.062,10.7106,2.923,1.2403,1.53310048115738,0.327882312692439,1.959
8609,JET,19981008,45756,63.14,0.254492582665761,-2.47,-2.65,3.743,10.71544,2.911,1.2365,1.52021688314626,0.331260735142563,1.958
8610,JET,19981008,45758,62.89,0.321807200410504,-2.477,-2.637,4.538,9.76361,2.926,1.2409,1.53251407050306,0.327682843472317,1.96
8611,JET,19981010,45781,62.65,0.375550130962351,-2.473,-2.623,6.277,11.2246,2.94,1.2449,1.54869373996087,0.322244897959184,1.993
8612,JET,19981010,45783,62.36,0.43139576730633,-2.471,-2.633,5.185,8.6139,2.934,1.2456,1.54669435852727,0.324846625766871,1.991
8613,JET,19981010,45788,61.38,0.443272646536412,-2.481,-2.66,3.739,9.008,2.903,1.2142,1.50911923617494,0.328591112642094,1.981
8615,JET,19981028,45969,65.62,0.398326878227553,-1.989,-2.443,3.879,9.6048,2.94,1.2614,1.59957121123381,0.313537414965986,1.974
8616,JET,19981029,45985,61.87,0.385414614595575,-2.379,-2.495,5.538,14.7209,2.957,1.3268,1.64206967466676,0.304633074061549,1.962
8618,JET,19981029,45988,61.63,0.356204509775938,-2.389,-2.519,7.441,14.014,2.931,1.3058,1.60819808892895,0.312146025247356,1.992
8619,JET,19981029,45990,60.36,0.313354219283326,-2.385,-2.528,7.092,14.62227,2.917,1.3092,1.59822199611835,0.317140898183065,2
8620,JET,19981029,45991,60.89,0.32182255822626,-2.385,-2.518,7.269,14.7485,2.93,1.3102,1.59605047565007,0.314880546075085,1.996
8621,JET,19981029,45992,61.38,0.376011552628642,-2.388,-2.51,5.646,14.3344,2.94,1.3195,1.6243520228055,0.309931972789116,1.987
8622,JET,19981029,45993,61.14,0.364591306724986,-2.391,-2.518,7.046,14.632,2.93,1.3154,1.60247954897697,0.314027303754266,1.995
8623,JET,19981029,45994,60.89,0.380648763939868,-2.391,-2.521,6.895,14.09357,2.929,1.3148,1.59839169766159,0.314646637077501,1.996
8624,JET,19981029,45995,61.14,0.328925257042519,-2.39,-2.516,8.149,14.5793,2.931,1.3106,1.60085022898359,0.314227226202661,1.997
8625,JET,19981029,45996,61.38,0.372037101919637,-2.386,-2.524,7.339,13.55725,2.925,1.3058,1.60185878965196,0.313811965811966,1.981
8626,JET,19981029,45997,60.65,0.348287798068431,-2.393,-2.513,7.509,14.0404,2.932,1.3116,1.60187998196473,0.313540245566166,1.996
8627,JET,19981029,45998,61.38,0.350009612191754,-2.387,-2.524,7.222,14.30475,2.925,1.3148,1.61202349340078,0.31425641025641,1.996
8628,JET,19981029,46000,60.36,0.557184268415534,-2.794,-3,2.572,4.8641,2.896,1.2223,1.54356025332618,0.327796961325967,1.986
8629,JET,19981029,46000,62.36,0.520478767010985,-2.792,-2.996,2.756,6.099,2.903,1.2277,1.55256963125621,0.325869789872546,1.986
8630,JET,19981029,46001,60.36,0.370219591489753,-2.782,-3.009,3.837,6.96384,2.89,1.2199,1.53589921100568,0.330311418685121,1.993
8631,JET,19981029,46003,58.89,0.400267413727238,-2.484,-2.456,5.768,11.7795,2.924,1.2405,1.56758418987655,0.319904240766074,1.994
8632,JET,19981029,46003,62.12,0.433644133001299,-2.488,-2.432,5.683,12.0871,2.954,1.257,1.59220774600168,0.314488828706838,1.988
8635,JET,19981029,46010,59.14,0.25994472029595,-2.475,-2.465,4.504,14.2186,2.908,1.2312,1.55075385500513,0.324828060522696,1.994
8636,JET,19981109,46161,64.64,0.288436411539604,-1.988,-2.62,4.66,11.17404,2.947,1.2469,1.54599757057146,0.321649134713268,1.963
8637,JET,19981109,46162,62.36,0.280354265845022,-1.981,-2.626,4.372,9.88749,2.94,1.2428,1.54065128100637,0.324965986394558,1.964
8638,JET,19981109,46163,62.36,0.239175934665736,-1.954,-2.624,4.376,12.1835,2.945,1.2509,1.5319952874,0.322444821731749,1.961
8639,JET,19981109,46164,64.11,0.265986885611921,-1.974,-2.624,4.558,10.57007,2.943,1.2474,1.55032450139423,0.32262996941896,1.964
8640,JET,19981109,46166,64.4,0.263226780907941,-1.974,-2.626,4.395,10.96393,2.941,1.246,1.54029502535797,0.322679360761646,1.965
8641,JET,19981109,46167,64.64,0.255493702677346,-1.975,-2.623,4.325,11.05311,2.944,1.2487,1.55068405151548,0.322078804347826,1.963
8642,JET,19981110,46175,64.4,0.300022516324335,-1.978,-2.647,4.776,9.99275,2.915,1.2435,1.56335215336565,0.323259005145798,1.967
8643,JET,19981110,46176,61.63,0.381907169308867,-1.986,-2.644,4.399,9.6132,2.918,1.2495,1.56242172178952,0.322206991089788,1.959
8644,JET,19981110,46176,64.64,0.350381278549422,-1.989,-2.637,4.483,10.75985,2.931,1.2559,1.58627924365871,0.316922552030024,1.96
8645,JET,19981110,46178,63.14,0.255816404943085,-1.98,-2.638,5.598,13.09142,2.929,1.2479,1.52553074545149,0.325640150221919,1.974
8646,JET,19981110,46181,64.89,0.206454819307659,-1.996,-2.614,3.91,19.7186,2.951,1.2702,1.57039565080229,0.318671636733311,1.957
8647,JET,19981110,46182,63.38,0.253206926154695,-1.979,-2.638,5.212,12.90644,2.925,1.2489,1.52635618623718,0.328752136752137,1.981
8648,JET,19981110,46184,64.4,0.365454051716335,-1.983,-2.638,4.216,9.9427,2.93,1.2517,1.58244565236927,0.317303754266212,1.972
8649,JET,19981110,46185,64.64,0.299881440799847,-1.976,-2.645,4.003,9.81788,2.919,1.2405,1.56097399911691,0.321651250428229,1.977
8650,JET,19981110,46186,64.64,0.292090751100927,-1.982,-2.642,4.8,11.511662,2.922,1.2482,1.56436089659523,0.321047227926078,1.986
8651,JET,19981111,46192,71.87,0.302793627695018,-0.9186,-0.9702,2.588,2.6113,2.944,1.342,1.63159050919003,0.306555706521739,1.985
8652,JET,19981111,46195,71.62,0.504289263051376,-0.9002,-0.9802,2.694,1.138424,2.916,1.3245,1.57764058861128,0.315123456790123,1.988
8653,JET,19981111,46197,65.87,0.355169972870724,-1.878,-1.956,4.483,8.85759,2.944,1.3234,1.66533293803278,0.305570652173913,1.984
8654,JET,19981111,46198,65.62,0.344734488355915,-1.875,-1.957,4.446,9.0561,2.943,1.3072,1.64366049480249,0.304689092762487,1.985
8655,JET,19981111,46199,65.62,0.414702105349969,-1.88,-1.958,4.841,8.4879,2.942,1.3192,1.64949323318971,0.305642420122366,1.984
8656,JET,19981111,46206,59.14,0.487909962387542,-1.854,-2.014,1.959,2.23862,2.864,1.2178,1.51934718071386,0.343959497206704,1.991
8657,JET,19981111,46206,62.36,0.579086281656507,-1.858,-2.002,2.423,2.86434,2.881,1.226,1.54060840291822,0.335543214161749,1.99
8658,JET,19981111,46206,65.38,0.56294337231566,-1.858,-1.996,2.74,3.62985,2.886,1.2364,1.55797984411849,0.334961884961885,1.988
8659,JET,19981111,46207,59.14,0.425012032907568,-1.858,-2.005,1.964,2.875448,2.873,1.2158,1.51978761745841,0.33978419770275,1.989
8660,JET,19981111,46207,62.36,0.477459286025162,-1.863,-1.998,2.455,3.95196,2.887,1.2306,1.5480816144327,0.334811222722549,1.989
8662,JET,19981111,46208,59.38,0.47587804885544,-1.865,-2.001,1.892,3.25409,2.882,1.2246,1.54386348049784,0.335739070090215,1.989
8663,JET,19981111,46208,62.36,0.624552763819096,-1.865,-1.979,4.076,4.975,2.911,1.2472,1.5851271023655,0.324699416008245,1.987
8664,JET,19981111,46208,65.38,0.46992944002402,-1.867,-1.977,4.153,6.661,2.914,1.2484,1.58955940726557,0.322855181880576,1.985
8665,JET,19981111,46209,59.14,0.437141119840887,-1.859,-1.998,2.193,3.33851,2.883,1.2198,1.53197034800925,0.336142906694416,1.988
8666,JET,19981111,46209,65.13,0.468260713966181,-1.863,-1.973,4.245,6.7062,2.918,1.2473,1.58560349018867,0.322412611377656,1.984
8667,JET,19981111,46210,59.14,0.442613306621511,-1.861,-2.012,2.828,3.77361,2.866,1.1943,1.51462492966701,0.337613398464759,1.989
8668,JET,19981111,46210,62.36,0.404375083621629,-1.865,-2,3.302,5.2319,2.879,1.1979,1.51802468109589,0.331121917332407,1.988
8669,JET,19981111,46210,65.13,0.360310059943033,-1.859,-2,3.779,7.0567,2.878,1.2055,1.53100892468453,0.331688672689368,1.986
8670,JET,19981111,46211,57.38,0.388329065829685,-1.866,-2.003,3.483,6.0535,2.877,1.1956,1.50412411996984,0.332533889468196,1.989
8671,JET,19981111,46211,59.38,0.304778407656469,-1.869,-2.002,3.716,8.7142,2.879,1.2062,1.53473998314949,0.331434525877041,1.988
8672,JET,19981111,46211,61.14,0.289952610619004,-1.875,-2.003,3.836,9.5169,2.877,1.2009,1.5267053987064,0.329683698296837,1.988
8673,JET,19981112,46214,58.12,0.302453482923373,-1.871,-2.007,3.684,8.92038,2.87,1.2021,1.51858024940814,0.335226480836237,1.988
8674,JET,19981112,46214,60.36,0.284497099625338,-1.882,-1.995,3.66,10.36935,2.886,1.2093,1.5379946855612,0.328205128205128,1.989
8675,JET,19981112,46215,58.36,0.241848050790617,-1.876,-1.999,3.351,10.8839,2.88,1.2057,1.52771268165413,0.330868055555556,1.988
8676,JET,19981112,46215,60.89,0.248888832015288,-1.878,-2.001,3.585,11.7219,2.883,1.2061,1.52921344117812,0.329032258064516,1.988
8677,JET,19981112,46216,59.14,0.359165506475974,-2.981,-3.566,4.088,11.8515,2.863,1.1942,1.50284203659815,0.337303527768075,1.988
8678,JET,19981112,46217,59.14,0.436572370226713,-2.981,-3.569,3.847,8.813659,2.864,1.1925,1.50023766923076,0.336941340782123,1.99
8679,JET,19981112,46219,59.14,0.450589479790483,-2.98,-3.53,5.544,11.7222,2.896,1.2079,1.51259189365014,0.326864640883978,1.987
8680,JET,19981112,46222,58.89,0.349621190575361,-2.971,-3.518,3.071,10.89994,2.903,1.2128,1.51009701411518,0.325732001377885,1.983
8682,JET,19981112,46227,59.38,0.579044969865554,-2.497,-2.449,4.569,8.4123,2.938,1.2472,1.5951922696039,0.314805990469707,1.987
8683,JET,19981112,46233,59.87,0.434118827559716,-2.486,-2.447,5.046,12.7563,2.936,1.2502,1.59375872780245,0.315088555858311,1.986
8684,JET,19981113,46243,59.87,0.448068337129841,-2.499,-2.442,3.945,10.975,2.936,1.248,1.59257827701781,0.315940054495913,1.987
8687,JET,19981113,46249,59.87,0.449283316629281,-2.468,-2.468,3.774,6.2859,2.908,1.2255,1.55519887656224,0.325034387895461,1.994
8688,JET,19981113,46250,59.63,0.680268291088203,-2.983,-2.446,5.452,9.1766,2.938,1.2445,1.59585592656102,0.315656909462219,1.99
8690,JET,19981113,46253,59.63,0.427968490918716,-1.991,-2.452,3.771,7.712951,2.93,1.2436,1.57518131737381,0.318293515358362,1.987
8691,JET,19981113,46255,59.63,0.398915749630599,-2.494,-2.973,4.769,14.8213,2.924,1.2533,1.58022359936689,0.318844049247606,1.987
8692,JET,19981113,46256,59.63,0.412053541680549,-2.484,-2.971,4.126,12.0056,2.926,1.246,1.57324130052756,0.319036226930964,1.986
8693,JET,19981113,46259,59.63,0.352490982578145,-2.479,-3.002,2.206,6.62329,2.898,1.2247,1.54532634057255,0.327570738440304,1.988
8694,JET,19981208,46526,62.4,0.319050795279631,-1.866,-1.958,3.25,9.745,2.941,1.253,1.60380439012567,0.312172730363822,1.976
8695,JET,19981208,46529,59.63,0.326684068445192,-1.87,-1.961,3.753,9.85723,2.937,1.2538,1.59592695042038,0.314436499829758,1.979
8696,JET,19981208,46532,62.12,0.331584125942932,-1.863,-1.959,3.414,9.4519,2.939,1.2567,1.606037286213,0.315821708063967,1.979
8697,JET,19981208,46536,58.88,0.362313063996684,-1.877,-1.974,3.351,9.4083,2.919,1.2521,1.57889145096524,0.323535457348407,1.981
8698,JET,19981208,46538,60.89,0.359147879137959,-1.875,-1.945,4.283,9.79861,2.961,1.3265,1.6501946253339,0.302600472813239,1.983
8699,JET,19981208,46538,62.89,0.32400386748766,-1.876,-1.95,3.589,9.8255,2.957,1.3197,1.65266405181279,0.302637808589787,1.982
8700,JET,19981208,46539,60.65,0.266271066594486,-1.87,-1.951,3.37,12.91203,2.953,1.2658,1.61536617800591,0.310226887910599,1.985
8701,JET,19981208,46541,59.38,0.210153768568894,-1.866,-1.972,4.426,13.76159,2.928,1.246,1.57326948892367,0.318852459016393,1.991
8702,JET,19981208,46541,62.4,0.226105433499045,-1.87,-1.971,4.56,13.7186,2.926,1.25,1.57507507971838,0.319958988380041,1.993
8703,JET,19990120,46813,65.3793640136719,0.443423799582463,-1.863,-1.994,2.196,3.832,2.896,1.2282,1.55429804922716,0.329972375690608,1.972
8704,JET,19990120,46814,62.4009704589844,0.421563946455033,-1.861,-1.995,2.301,4.04221,2.89,1.2258,1.53714349885209,0.333391003460208,1.977
8705,JET,19990120,46814,65.3793640136719,0.528257471203134,-1.865,-1.979,4.841,6.00673,2.912,1.2477,1.57988869983317,0.323660714285714,1.974
8706,JET,19990120,46815,64.8897705078125,0.405920218996501,-1.871,-1.975,4.63,8.247803,2.923,1.2551,1.59889540956045,0.320629490249743,1.97
8707,JET,19990120,46816,62.4009704589844,0.403899112645889,-1.864,-1.976,4.374,8.00695,2.92,1.2511,1.59761357262449,0.320650684931507,1.976
8708,JET,19990120,46816,65.3793640136719,0.339212020564632,-1.869,-1.976,4.081,10.0561,2.919,1.2533,1.59584245238886,0.320829051044878,1.967
8709,JET,19990120,46818,62.4009704589844,0.500433620643882,-1.85,-1.968,4.677,5.6501,2.934,1.2463,1.58828790316982,0.315882753919564,1.972
8710,JET,19990120,46818,65.3793640136719,0.397198394480018,-1.862,-1.963,4.478,7.4493,2.937,1.2505,1.60319060676191,0.312768130745659,1.97
8712,JET,19990120,46819,65.3793640136719,0.285330638174993,-1.862,-1.956,4.241,10.389,2.946,1.2582,1.61338843049938,0.310862186014935,1.969
8713,JET,19990120,46821,63.7065582275391,0.352702600494034,-1.869,-1.966,4.429,9.625248,2.935,1.2534,1.5858913921521,0.316013628620102,1.968
8714,JET,19990120,46822,57.1377716064453,0.494602013935052,-3.281,-3.529,3.597,8.1234,2.893,1.226,1.54663094030269,0.328447977877636,1.969
8715,JET,19990120,46822,59.8713684082031,0.456989738784652,-3.281,-3.511,4.931,13.1271,2.907,1.2354,1.56095119120831,0.324286205710354,1.967
8716,JET,19990126,46914,58.1169586181641,0.432571508809026,-2.488,-2.467,5.946,12.1069,2.915,1.2518,1.57577731048234,0.325214408233276,1.981
8717,JET,19990126,46914,63.1353607177734,0.408124402379139,-2.488,-2.479,7.834,12.3406,2.903,1.2146,1.53766263714652,0.323217361350327,1.976
8719,JET,19990126,46916,59.8713684082031,0.469791592000573,-2.489,-2.47,5.237,11.1608,2.913,1.2441,1.56819869890245,0.325231719876416,1.962
8720,JET,19990126,46916,62.8905639648438,0.41074243137576,-2.476,-2.485,4.904,9.7706,2.893,1.189,1.52496584573777,0.327514690632561,1.962
8722,JET,19990126,46917,63.8833618164063,0.270243456430984,-2.473,-2.486,3.729,11.44024,2.893,1.2035,1.51884854097195,0.327065330107155,1.978
8723,JET,19990126,46922,59.6265716552734,0.437024972855592,-2.488,-2.463,5.036,12.2493,2.918,1.2493,1.58109998141717,0.323200822481151,1.979
8724,JET,19990126,46922,63.6249694824219,0.387636809040262,-2.485,-2.47,5.617,12.6545,2.906,1.1964,1.54043714520037,0.322023399862354,1.978
8725,JET,19990126,46929,60.1161651611328,0.402246279852411,-2.472,-2.465,4.746,12.3315,2.916,1.2435,1.57287180738846,0.323936899862826,1.98
8726,JET,19990126,46929,63.1353607177734,0.383122250454862,-2.481,-2.47,5.591,12.08609,2.905,1.1926,1.53555957027692,0.322340791738382,1.983
8731,JET,19990128,46965,60.3609619140625,0.483908632166631,-2.49,-2.457,5.119,11.1768,2.919,1.2507,1.58743514422823,0.322918807810894,1.985
8732,JET,19990128,46965,62.8905639648438,0.446114499485834,-2.482,-2.469,5.791,11.2804,2.906,1.1948,1.53581745756992,0.322126634549209,1.987
8734,JET,19990128,46967,61.6257629394531,0.274009481718431,-2.466,-2.484,3.341,11.32917,2.891,1.229,1.5387711940167,0.33365617433414,1.979
8736,JET,19990128,46971,60.3609619140625,0.35874013641835,-2.484,-2.477,3.825,11.2155,2.9,1.236,1.55319989976207,0.33048275862069,1.991
8739,JET,19990128,46978,60.1161651611328,0.389390833396604,-2.482,-2.477,6.85,11.8539,2.899,1.1907,1.5261156813174,0.324732666436702,1.978
8740,JET,19990128,46980,60.8913726806641,0.338574842421669,-2.477,-2.489,6.887,12.0099,2.887,1.1834,1.5042217699472,0.330412192587461,1.977
8745,JET,19990217,47274,61.6257629394531,0.14698553270827,-1.316,-1.367,2.912,11.1562,2.938,1.2743,1.60182109282111,0.316235534377127,1.983
8746,JET,19990217,47274,63.1353607177734,0.198320431107585,-1.308,-1.37,2.63,7.786641,2.941,1.2656,1.60227418900463,0.313532811968718,1.983
8747,JET,19990217,47274,64.6449584960938,0.201096458383072,-1.307,-1.372,2.404,6.74353,2.937,1.2607,1.59249837637001,0.315730337078652,1.983
8748,JET,19990217,47274,65.8689575195313,0.293335879749253,-1.304,-1.374,2.412,4.4507,2.937,1.2563,1.59527612691162,0.315491998638066,1.984
8749,JET,19990217,47275,63.8697662353516,0.266502209887964,-1.3,-1.373,2.377,4.8645,2.937,1.2513,1.58694573210094,0.315730337078652,1.984
8751,JET,19990217,47276,60.1161651611328,0.155708603303345,-1.599,-1.675,2.917,12.8718,2.939,1.2597,1.58786264556865,0.316195985028921,1.982
8752,JET,19990217,47276,61.6257629394531,0.233307148468185,-1.589,-1.677,2.785,8.0199,2.938,1.2498,1.59287653184357,0.314703880190606,1.983
8753,JET,19990217,47276,63.1353607177734,0.268442654408081,-1.588,-1.675,2.718,7.16559,2.938,1.253,1.6014921552889,0.314771953710007,1.983
8754,JET,19990217,47277,64.1145629882813,0.356931091803335,-1.58,-1.674,3.309,5.8353,2.94,1.2552,1.59123232215821,0.315680272108844,1.985
8755,JET,19990217,47278,61.6257629394531,0.262614678899083,-1.591,-1.673,2.944,7.4556,2.941,1.2539,1.60597080190143,0.31298877932676,1.974
8756,JET,19990217,47278,63.1353607177734,0.295154647500606,-1.585,-1.674,2.722,6.1915,2.938,1.2511,1.59692019983182,0.315112321307012,1.976
8757,JET,19990217,47279,59.136962890625,0.272362937926728,-1.878,-1.969,4.351,14.7342,2.931,1.2697,1.58753726886862,0.31856021835551,1.983
8758,JET,19990217,47279,61.6257629394531,0.330908907495208,-1.868,-1.968,4.08,9.913,2.931,1.2527,1.57766008483721,0.318082565677243,1.984
8759,JET,19990217,47280,62.4009704589844,0.131293404419854,-1.317,-1.368,2.774,13.21582,2.939,1.2795,1.58835761952575,0.315889758421232,1.976
8760,JET,19990217,47281,66.8889617919922,0.25127467264089,-1.307,-1.37,2.394,5.1778,2.939,1.2547,1.59542206399177,0.313610071452875,1.987
8761,JET,19990217,47283,65.6241607666016,0.273304676974402,-1.301,-1.371,2.899,5.45545,2.941,1.2589,1.60101508380078,0.313362801768106,1.986
8762,JET,19990217,47283,67.1337585449219,0.349352590830718,-1.301,-1.377,2.919,4.18746,2.935,1.2556,1.59183060605508,0.31557069846678,1.987
8763,JET,19990217,47284,64.1145629882813,0.290444457666448,-1.303,-1.369,3.026,5.0421,2.945,1.2596,1.60546045192437,0.312393887945671,1.988
8764,JET,19990217,47284,66.11376953125,0.418430409752794,-1.302,-1.376,3.611,3.5436,2.937,1.2545,1.59690921686899,0.314266258086483,1.989
8765,JET,19990217,47286,60.3609619140625,0.222394448485138,-1.314,-1.372,3.534,8.3869,2.918,1.2618,1.56647421051975,0.322789581905415,1.989
8766,JET,19990217,47287,70.1121673583984,0.149969013325892,-0.9284,-0.9791,2.116,6.16394,2.944,1.2966,1.60229666155999,0.311413043478261,1.989
8767,JET,19990217,47287,71.6217651367188,0.164952718676123,-0.9296,-0.9762,2.121,5.076,2.945,1.2941,1.60956507491727,0.310933786078098,1.989
8768,JET,19990218,47297,58.1169738769531,0.368462726416082,-1.865,-1.99,5.348,7.6408,2.903,1.242,1.54186366638011,0.328866689631416,1.971
8769,JET,19990218,47297,60.1161651611328,0.218781932035528,-1.869,-1.979,4.819,15.2668,2.915,1.258,1.56662488564101,0.324288164665523,1.977
8770,JET,19990218,47299,64.1145629882813,0.187669062995004,-1.316,-1.674,2.504,8.207,2.931,1.2619,1.58178399169534,0.317741385192767,1.985
8772,JET,19990218,47300,62.4009704589844,0.203090753609233,-1.692,-1.366,3.908,13.9157,2.946,1.2657,1.6084175641254,0.311744738628649,1.985
8773,JET,19990218,47300,64.1145629882813,0.283858139273984,-1.685,-1.372,3.287,7.75493,2.939,1.2527,1.59808474780749,0.314120449132358,1.987
8774,JET,19990218,47301,65.6241607666016,0.201805728699533,-1.298,-1.369,2.772,6.519141,2.943,1.2512,1.59926702948897,0.311518858307849,1.987
8775,JET,19990218,47301,66.8889617919922,0.311710787770015,-1.305,-1.371,2.677,4.6803,2.944,1.2608,1.60157325807585,0.312805706521739,1.988
8776,JET,19990218,47301,68.3985595703125,0.34125961051517,-1.298,-1.375,3.01,4.3442,2.932,1.2527,1.58255420392189,0.315893587994543,1.988
8778,JET,19990218,47303,61.9521636962891,0.673677048684608,-2.501,-2.454,5.553,6.614,2.932,1.3093,1.63379870449695,0.311118690313779,1.988
8779,JET,19990218,47304,60.6873626708984,0.463223030068467,-2.465,-2.472,6.542,10.8519,2.909,1.3176,1.61368334080252,0.316706772086628,1.987
8780,JET,19990218,47306,60.4425659179688,0.517241379310345,-2.489,-2.458,5.373,8.5115,2.926,1.3143,1.62424116090509,0.314388243335612,1.988
8781,JET,19990218,47306,63.7065582275391,0.491465943531664,-2.49,-2.461,2.566,6.269,2.919,1.2967,1.60478140155328,0.316238437821172,1.987
8782,JET,19990218,47307,62.4417724609375,0.69660677309465,-2.499,-2.445,5.927,7.4855,2.938,1.3203,1.64467079958357,0.310142954390742,1.987
8783,JET,19990218,47308,60.6873626708984,0.575482472010772,-2.485,-2.469,5.097,7.43411,2.907,1.2984,1.60060835070279,0.31843825249398,1.987
8784,JET,19990218,47308,63.7065582275391,0.490501055438285,-2.481,-2.468,2.665,6.3007,2.912,1.2952,1.59793432523967,0.318784340659341,1.986
8785,JET,19990218,47309,61.2177581787109,0.633753693380852,-2.491,-2.455,4.659,6.5658,2.928,1.3058,1.61991051565495,0.313900273224044,1.985
8786,JET,19990218,47310,62.97216796875,0.669613848202397,-2.472,-2.447,6.266,7.51,2.937,1.3141,1.63532252544179,0.310044262853252,1.989
8787,JET,19990218,47313,67.4601593017578,0.266417055392158,-0.9216,-0.9828,2.349,3.06343,2.921,1.2689,1.59206008259267,0.318829168093119,1.988
8788,JET,19990218,47314,66.4401702880859,0.395902451220802,-0.9165,-0.9887,3.117,2.07978,2.901,1.2606,1.55500549963943,0.326025508445364,1.99
8789,JET,19990218,47316,62.6865692138672,0.760789373814042,-2.501,-2.45,6.328,6.5875,2.935,1.3168,1.64151119179196,0.310323679727428,1.99
8790,JET,19990301,47476,60.6465606689453,0.358038070499086,-3.287,-3.519,3.092,12.0881,2.901,1.2325,1.55539012279903,0.326990692864529,1.981
8791,JET,19990301,47478,59.6265716552734,0.285698893837092,-3.289,-3.499,2.866,16.7064,2.92,1.2409,1.55438701066665,0.32541095890411,1.979
8794,JET,19990301,47481,57.6273651123047,0.456882944960201,-3.504,-3.497,4.852,17.6763,2.923,1.2541,1.56511119171773,0.32582962709545,1.983
8795,JET,19990301,47482,62.4009704589844,0.247599968780082,-1.883,-1.954,3.86,15.3748,2.949,1.3393,1.63836288198713,0.30668023058664,1.982
8796,JET,19990301,47483,62.8905639648438,0.213573494317656,-1.876,-1.966,5.065,16.2169,2.932,1.3212,1.61071870572316,0.311869031377899,1.996
8797,JET,19990301,47484,61.8705596923828,0.192709054253302,-1.868,-1.97,4.859,16.6165,2.927,1.3165,1.597842445982,0.313324222753673,1.981
8798,JET,19990301,47485,61.3809661865234,0.212370746043978,-1.872,-1.973,5.292,16.7403,2.922,1.3314,1.5892488450798,0.317453798767967,1.974
8799,JET,19990302,47505,65.6241607666016,0.309327411167513,-1.692,-2.725,4.284,8.95168,2.947,1.4334,1.51119537515624,0.310688836104513,1.976
8800,JET,19990302,47509,67.3785705566406,0.363502804467284,-1.685,-2.706,4.351,8.25647,2.967,1.42,1.53397543502226,0.303977081226828,1.981
8802,JET,19990303,47516,60.1161651611328,0.366765803313802,-2.491,-2.457,6.007,14.6599,2.92,1.2474,1.57101195966267,0.321917808219178,1.971
8803,JET,19990303,47517,58.6473693847656,0.352997438640859,-2.493,-2.465,5.518,12.3372,2.909,1.2378,1.55930162490423,0.325163286352699,1.982
8804,JET,19990303,47519,58.8921661376953,0.404630949851702,-2.488,-2.462,5.821,13.03793,2.922,1.249,1.56820960897512,0.321800136892539,1.981
8805,JET,19990303,47520,58.3617706298828,0.410370765078464,-2.491,-2.46,6.258,13.24936,2.917,1.2475,1.56142390068604,0.322865958176208,1.989
8806,JET,19990303,47521,58.3617706298828,0.417966574131094,-2.487,-2.463,6.007,13.26697,2.916,1.2479,1.5590744804034,0.323628257887517,1.983
8807,JET,19990303,47522,59.136962890625,0.271990072517381,-2.481,-2.473,4.976,14.02974,2.908,1.2362,1.54823302546922,0.326547455295736,1.99
8809,JET,19990303,47524,58.6473693847656,0.294290602341823,-2.478,-2.463,5.704,13.5023,2.917,1.2367,1.55874707286784,0.323105930750771,1.991
8810,JET,19990303,47530,58.6473693847656,0.351904643393139,-2.487,-2.469,5.854,13.2597,2.909,1.2397,1.55328100336676,0.325197662426951,2
8811,JET,19990304,47536,60.1161651611328,0.412893597620419,-2.497,-2.457,5.465,13.64274,2.922,1.2527,1.56879753230361,0.321629021218344,1.976
8812,JET,19990304,47538,59.6265716552734,0.388861310245142,-2.485,-2.45,5.437,13.6982,2.924,1.2559,1.57213176554843,0.320588235294118,1.991
8813,JET,19990304,47540,59.5857696533203,0.361767609924161,-2.492,-2.463,7.23,14.2803,2.912,1.2442,1.5597253158447,0.324450549450549,1.995
8814,JET,19990304,47541,59.8713684082031,0.362016242061709,-2.482,-2.456,5.261,14.9119,2.919,1.2506,1.56712957480916,0.322130866735183,1.985
8815,JET,19990304,47542,59.8713684082031,0.37005473469272,-2.488,-2.466,6.185,14.1044,2.914,1.2474,1.55870874528708,0.324296499656829,1.997
8816,JET,19990304,47543,60.1161651611328,0.42274657006573,-2.485,-2.47,5.74,12.2014,2.909,1.2478,1.57525018467832,0.326744585768305,1.982
8817,JET,19990304,47545,59.8713684082031,0.386441852979772,-2.48,-2.48,5.933,12.1167,2.897,1.2386,1.55223739410547,0.331480842250604,2
8819,JET,19990304,47548,62.1153717041016,0.390896718584606,-2.49,-2.428,6.388,13.226,2.958,1.3704,1.61662011961926,0.306220419202164,1.987
8820,JET,19990304,47549,62.4009704589844,0.379165100026105,-2.49,-2.434,7.021,14.44173,2.949,1.3648,1.59818471658499,0.308884367582231,1.998
8821,JET,19990304,47550,61.8705596923828,0.430106307479569,-2.499,-2.422,6.393,13.6679,2.965,1.3813,1.62883313712285,0.303069139966273,1.989
8822,JET,19990304,47551,62.8905639648438,0.363772677967544,-2.495,-2.43,6.463,14.1051,2.955,1.3644,1.60754136390012,0.307174280879865,1.994
8826,JET,19990304,47556,61.8705596923828,0.35739337579087,-2.481,-1.978,4.953,14.3987,2.937,1.2566,1.60325093099922,0.314742934967654,1.987
8827,JET,19990305,47558,62.1153717041016,0.350651498092264,-2.478,-1.983,6.468,14.57487,2.928,1.2505,1.58039863570581,0.318169398907104,1.986
8829,JET,19990305,47560,61.3809661865234,0.31924515102809,-1.804,-2.453,3.664,12.0077,2.925,1.2725,1.56666213844436,0.321333333333333,1.985
8830,JET,19990305,47561,62.1153717041016,0.225443335503571,-1.792,-2.469,3.632,12.68678,2.909,1.2565,1.54747282156555,0.32636644895153,1.998
8831,JET,19990305,47562,61.8705596923828,0.211964201601507,-1.79,-2.474,4.184,13.5872,2.905,1.2538,1.5443000325102,0.327710843373494,1.989
8836,JET,19990305,47568,62.1289672851563,0.341684125160506,-2.478,-1.984,7.058,14.797,2.93,1.2535,1.58605707261368,0.318156996587031,1.995
8838,JET,19990305,47570,62.4009704589844,0.388366832915926,-2.477,-2.424,6.2,14.0151,2.963,1.3628,1.60993780734536,0.304049949375633,1.991
8839,JET,19990305,47571,61.6257629394531,0.412429549638891,-2.496,-2.427,6.345,14.19794,2.964,1.3747,1.62590482508804,0.303407557354926,1.99
8840,JET,19990305,47572,62.4009704589844,0.378553368211452,-2.487,-2.435,6.338,14.07186,2.95,1.3708,1.60581279715221,0.309152542372881,1.996
8841,JET,19990316,47757,52.3913726806641,0.39416239684283,-2.487,-2.745,2.501,6.20049,2.92,1.2511,1.52032747781986,0.329520547945206,1.985
8842,JET,19990316,47758,52.3913726806641,0.405048698811109,-2.488,-2.746,2.21,6.238756,2.921,1.2503,1.52361597262552,0.328791509756933,1.97
8843,JET,19990316,47763,54.3769683837891,0.415556314143505,-2.487,-2.743,2.308,7.26496,2.924,1.2548,1.52681507551656,0.327291381668947,1.974
8844,JET,19990316,47767,64.4001617431641,0.35925546653816,-2.476,-2.639,3.066,8.3005,2.924,1.245,1.53421138025917,0.328317373461012,1.977
8845,JET,19990318,47796,61.1361694335938,0.16323282075925,-1.587,-1.672,4.08,13.3184,2.931,1.2551,1.5401992764432,0.325383828045036,1.919
8846,JET,19990318,47797,62.8905639648438,0.267737789203085,-1.579,-1.674,4.9,7.78,2.928,1.2444,1.53769471804282,0.324795081967213,1.926
8847,JET,19990318,47803,61.1361694335938,0.125291893365575,-1.585,-1.665,4.212,16.8726,2.944,1.252,1.53945449684579,0.323029891304348,1.928
8848,JET,19990318,47803,62.6457672119141,0.173269671649709,-1.576,-1.661,3.957,10.5558,2.945,1.246,1.54448816959087,0.322614601018676,1.926
8849,JET,19990318,47805,61.1361694335938,0.125288493241015,-1.589,-1.663,4.133,16.9848,2.944,1.2396,1.5193280841833,0.322961956521739,1.926
8850,JET,19990318,47805,62.6457672119141,0.171266154892625,-1.579,-1.663,4.273,10.70264,2.943,1.2532,1.54925691087057,0.32307169554876,1.923
8851,JET,19990319,47816,51.6297760009766,0.479037482646923,-2.186,-2.434,2.875,5.4025,2.922,1.2528,1.51979124888735,0.32864476386037,1.984
8852,JET,19990426,48260,69.62255859375,0.255405280559467,-0.9152,-0.9757,2.875,3.57197,2.94,1.3465,1.62553364089219,0.304285714285714,1.932
8853,JET,19990426,48261,71.1321563720703,0.250367482133738,-0.9168,-0.9737,2.644,3.54439,2.944,1.336,1.62907292565264,0.302649456521739,1.969
8855,JET,19990426,48262,66.1545562744141,0.37289954393581,-1.868,-1.965,5.462,8.2006,2.931,1.3202,1.65775300347297,0.308461276015012,1.975
8856,JET,19990426,48264,62.6049652099609,0.407743150054227,-1.852,-1.964,5.752,6.84166,2.942,1.305,1.62408144157775,0.307104010876954,1.968
8857,JET,19990426,48264,66.2769622802734,0.427979416809605,-1.864,-1.975,5.46,7.2875,2.93,1.3173,1.65164473180811,0.308191126279863,1.965
8858,JET,19990426,48265,65.6241607666016,0.664117137978621,-1.883,-1.963,4.852,4.2753,2.934,1.309,1.6416972535456,0.307532379004772,1.974
8859,JET,19990426,48269,59.6265716552734,0.458723717039537,-2.283,-2.455,5.928,9.6593,2.923,1.3083,1.59888961798757,0.314984604858023,1.977
8860,JET,19990426,48270,60.3609619140625,0.404202872343463,-1.591,-1.675,4.501,6.30426,2.933,1.323,1.60798972074714,0.312137742925332,1.976
8861,JET,19990426,48270,63.3801574707031,0.30350441392927,-1.581,-1.67,3.904,8.41767,2.94,1.3189,1.6149730495336,0.308843537414966,1.963
8862,JET,19990426,48271,62.8905639648438,0.360385675765747,-1.601,-1.662,4.015,6.6014,2.954,1.3197,1.65698179724479,0.302877454299255,1.979
8863,JET,19990426,48272,63.1353607177734,0.349245198530269,-1.583,-1.68,5.351,6.52092,2.924,1.3055,1.59104855827349,0.314500683994528,1.981
8864,JET,19990427,48276,63.1353607177734,0.34732712335369,-1.583,-1.678,5.941,6.63985,2.925,1.3063,1.58964174078322,0.31408547008547,1.976
8865,JET,19990427,48277,63.1353607177734,0.249377213240955,-1.571,-1.686,5.149,6.495,2.908,1.2967,1.56894523199585,0.32111416781293,1.989
8867,JET,19990427,48295,71.3769683837891,0.255708591222842,-0.9178,-0.986,2.349,3.14088,2.912,1.3376,1.59215672767917,0.312534340659341,1.313
8868,JET,19990427,48297,66.8889617919922,0.204103286198759,-0.9316,-0.9788,2.275,5.0423,2.928,1.365,1.60818797093071,0.312909836065574,1.333
8869,JET,19990427,48297,68.6433563232422,0.15308558299338,-0.9208,-0.9771,1.914,4.69182,2.933,1.3302,1.6201487858124,0.305966587112172,1.367
8870,JET,19990427,48297,71.1321563720703,0.127153936531383,-0.9219,-0.9724,2.158,6.78351,2.947,1.3562,1.62756086244538,0.304411265693926,1.415
8873,JET,19990429,48333,66.3993682861328,0.197836883948551,-0.9186,-0.981,2.455,3.84769,2.915,1.3165,1.57867751695234,0.312898799313894,1.112
8874,JET,19990429,48333,69.3777618408203,0.233913484553078,-0.9138,-0.9799,2.329,3.15435,2.926,1.3265,1.60174689065674,0.309056732740943,1.135
8875,JET,19990429,48336,66.6441650390625,0.228923574817691,-0.9182,-0.9836,2.538,3.28151,2.916,1.3399,1.58981717746125,0.315672153635117,1.091
8876,JET,19990429,48336,69.3777618408203,0.291492352501712,-0.9157,-0.9836,2.211,2.508402,2.92,1.3267,1.59068357478984,0.312123287671233,1.33
8877,JET,19990429,48337,68.3985595703125,0.252063119367425,-0.9149,-0.9826,2.194,2.8961,2.917,1.3329,1.59226926125892,0.312889955433665,1.128
8878,JET,19990429,48337,70.8873596191406,0.228209556873803,-0.9146,-0.979,2.149,3.45071,2.924,1.3318,1.59363009215315,0.310054719562244,1.117
8879,JET,19990429,48338,66.6441650390625,0.22916955774918,-0.9195,-0.9827,2.459,3.24273,2.917,1.3254,1.58718094266936,0.314329790881042,1.094
8880,JET,19990429,48338,69.3777618408203,0.324379523254086,-0.9109,-0.9831,2.23,2.22047,2.923,1.3228,1.58875571751056,0.310673965104345,1.109
8881,JET,19990429,48339,66.6441650390625,0.22579965705674,-0.9201,-0.9831,2.513,3.37082,2.916,1.3225,1.58366581859056,0.312071330589849,1.12
8882,JET,19990429,48339,69.3777618408203,0.342139166267459,-0.9102,-0.9815,2.51,2.15009,2.919,1.3342,1.59518239912406,0.312127440904419,1.105
8883,JET,19990429,48342,66.6441650390625,0.227357859531773,-0.9199,-0.9845,2.532,3.289,2.914,1.339,1.59836985629541,0.314893617021277,1.096
8884,JET,19990429,48342,69.3777618408203,0.296169093447691,-0.9071,-0.9832,2.388,2.40648,2.919,1.3273,1.59177275499367,0.311031175059952,1.101
8885,JET,19990430,48357,70.1121673583984,0.241924815662637,-0.9212,-0.9784,2.517,3.47732,2.923,1.325,1.59559901974568,0.309818679438933,1.571
8886,JET,19990430,48358,68.1129608154297,0.271058741919012,-0.9168,-0.9794,2.425,3.11379,2.92,1.3322,1.59705534192605,0.314041095890411,1.548
8887,JET,19990430,48358,70.6425628662109,0.236158772152773,-0.9172,-0.9764,2.271,3.576471,2.929,1.3411,1.60898717580192,0.312393308296347,1.502
8888,JET,19990430,48359,70.8873596191406,0.260173015257761,-0.9133,-0.9745,2.298,2.8379,2.938,1.3307,1.61752148595199,0.306773315180395,1.962
8889,JET,19990430,48360,66.3993682861328,0.277728325273085,-0.9187,-0.9796,2.452,3.26913,2.92,1.3296,1.5807832983211,0.313287671232877,1.618
8890,JET,19990430,48360,69.1329650878906,0.355608992282742,-0.913,-0.978,2.725,2.32466,2.92,1.324,1.58775219603457,0.31263698630137,1.582
8891,JET,19990430,48361,63.1353607177734,0.499686842491559,-1.566,-1.678,4.75,4.0874,2.924,1.3054,1.58511452610796,0.315424076607387,1.559
8893,JET,19991019,49054,58.3617706298828,0.412360400891427,-2.499,-2.467,5.518,11.95835,2.908,1.2238,1.5628337242018,0.315543328748281,1.952
8894,JET,19991019,49056,57.8721618652344,0.444763221836691,-2.491,-2.468,5.488,11.63473,2.901,1.2287,1.57049344921862,0.312926577042399,1.929
8896,JET,19991020,49078,63.1353607177734,0.430153436149746,-2.491,-2.441,6.046,12.6828,2.939,1.3155,1.75147006651199,0.298468866961552,1.971
8897,JET,19991020,49080,61.6257629394531,0.411990180490474,-2.484,-2.469,4.911,12.37129,2.906,1.2727,1.76789185796172,0.312112869924295,1.967
8900,JET,19991026,49126,61.12255859375,0.162592012130608,-1.831,-2.039,5.978,17.6743,2.99,1.3288,1.712881243609,0.279230769230769,1.945
8901,JET,19991026,49128,61.1361694335938,0.187236115301714,-1.824,-2.045,5.712,15.21261,2.987,1.3289,1.71603217324683,0.279477736859725,1.969
8902,JET,19991026,49129,61.6257629394531,0.162967541139206,-1.825,-2.043,5.602,18.1214,2.984,1.3735,1.78408755685566,0.28083109919571,1.975
8903,JET,19991026,49130,60.8913726806641,0.165065335904044,-1.83,-2.048,6.183,18.64595,2.985,1.3461,1.75922419478137,0.280804020100502,1.975
8905,JET,19991026,49133,60.8777618408203,0.191237289402599,-1.823,-2.058,7.401,14.84883,2.972,1.3381,1.72506028895401,0.286675639300135,1.988
8906,JET,19991026,49134,61.1361694335938,0.165709099432546,-1.829,-2.05,5.514,18.3451,2.975,1.3736,1.74428292360481,0.284840336134454,1.988
8907,JET,19991026,49136,61.1361694335938,0.165960633487346,-1.828,-2.054,6.389,18.48119,2.974,1.3466,1.7365889019818,0.286146603900471,1.99
8908,JET,19991026,49137,61.6257629394531,0.171111271044284,-1.841,-2.043,4.43,18.0631,2.989,1.3499,1.76973186405443,0.279089996654399,1.981
8909,JET,19991026,49138,60.6465606689453,0.21021184467546,-1.83,-2.037,4.387,16.5357,3,1.368,1.78008420530382,0.276,1.975
8910,JET,19991026,49139,60.6465606689453,0.210556251036075,-1.837,-2.034,5.257,17.4939,3.004,1.3704,1.79228370263938,0.274800266311585,1.978
8911,JET,19991026,49140,61.3809661865234,0.313855162559224,-2.461,-2.708,7.75,12.85593,2.985,1.3257,1.74140067595692,0.28107202680067,1.979
8912,JET,19991027,49144,60.1297607421875,0.259578703428605,-2.465,-2.716,8.385,16.829,2.974,1.3434,1.72451525457149,0.285944855413584,1.986
8913,JET,19991027,49145,59.8713684082031,0.350208940528868,-2.476,-2.7,8.349,17.8759,2.99,1.3494,1.76213318359251,0.280066889632107,1.975
8914,JET,19991027,49146,60.1161651611328,0.173839101049294,-1.837,-1.964,6.547,16.598107,2.802,1.1891,1.67013611422276,0.305353319057816,1.987
8915,JET,19991027,49147,59.8713684082031,0.177932343344685,-1.837,-2.019,6.782,16.806388,2.802,1.1895,1.67413497388083,0.305067808708066,1.989
8916,JET,19991027,49149,60.6329650878906,0.171489226589104,-1.841,-2.009,5.9,17.85739,2.811,1.1958,1.68525402358196,0.302454642475987,1.978
8917,JET,19991027,49151,61.1361694335938,0.16089882977791,-1.832,-2.017,6.295,16.77203,2.801,1.1836,1.67059042680268,0.304784005712246,1.989
8918,JET,19991027,49152,61.3809661865234,0.172294082855453,-1.828,-2.72,6.253,16.72141,2.966,1.3587,1.71973817017464,0.288503034389751,1.989
8919,JET,19991027,49153,61.3809661865234,0.186935190631517,-1.828,-2.724,6.974,14.9608,2.963,1.3545,1.71680819200026,0.289807627404657,1.991
8920,JET,19991027,49154,61.6257629394531,0.161492547456168,-1.828,-2.721,5.923,17.6584,2.966,1.3597,1.72132097839526,0.287896156439649,1.991
8921,JET,19991027,49156,59.3817596435547,0.186739347417297,-1.837,-2.72,5.677,18.1341,2.967,1.3522,1.71649397089971,0.288641725648804,1.991
8922,JET,19991027,49157,61.1361694335938,0.232835695302475,-1.84,-2.714,4.915,14.2607,2.974,1.3548,1.74026914090905,0.28537323470074,1.982
8923,JET,19991027,49159,60.3609619140625,0.246742356782428,-1.835,-2.709,5.147,13.476,2.978,1.3319,1.735621536902,0.283881799865682,1.98
8924,JET,19991027,49160,60.6465606689453,0.248645994106917,-1.827,-2.041,5.104,14.254,2.994,1.3586,1.79129025839522,0.276619906479626,1.976
8925,JET,19991027,49161,59.8713684082031,0.24818773842917,-1.843,-2.039,6.098,16.26007,2.997,1.3633,1.77890868932854,0.276943610276944,1.971
8926,JET,19991028,49164,59.8713684082031,0.219679677880516,-1.834,-2.757,4.681,12.062108,2.925,1.2391,1.44500604101152,0.284786324786325,1.971
8927,JET,19991028,49165,60.8913726806641,0.260398680253249,-1.843,-2.763,3.355,12.3357,2.922,1.2356,1.43021620370232,0.28586584531143,1.953
8928,JET,19991028,49166,60.3609619140625,0.245970144313518,-1.84,-2.76,3.033,12.0848,2.923,1.2364,1.43055969237174,0.285323297981526,1.962
8929,JET,19991028,49167,60.8913726806641,0.274641847773122,-1.834,-2.762,3.5,10.261,2.924,1.2367,1.42895835461982,0.286114911080711,1.97
8930,JET,19991028,49168,61.3809661865234,0.185316750046387,-1.831,-2.763,4.805,14.17411,2.921,1.233,1.42542609581411,0.28740157480315,1.981
8931,JET,19991028,49169,60.6465606689453,0.196597714230201,-1.832,-2.766,5.085,14.4109,2.918,1.2297,1.42192572878576,0.287731322823852,1.987
8932,JET,19991028,49170,60.1161651611328,0.188217600096497,-1.826,-2.764,5.256,13.2647,2.914,1.2246,1.4170865475048,0.289121482498284,1.993
8933,JET,19991028,49172,60.6465606689453,0.172318575158674,-1.824,-2.768,5.644,14.77554,2.913,1.2236,1.41832139008386,0.288911774802609,1.993
8934,JET,19991028,49173,59.136962890625,0.177702495451977,-1.828,-2.771,5.824,14.63823,2.914,1.2241,1.41584317829393,0.290116678105697,1.994
8935,JET,19991028,49180,60.8913726806641,0.284815562829352,-2.184,-2.753,4.24,12.9231,2.934,1.2067,1.44487391764647,0.281799591002045,1.978
8936,JET,19991028,49181,59.6265716552734,0.294677708681499,-2.182,-2.754,3.563,12.248127,2.931,1.202,1.44292664657019,0.284408051859434,1.972
8938,JET,19991028,49185,61.1361694335938,0.198446387363084,-2.157,-2.757,7.166,15.3835,2.927,1.1965,1.43329236187538,0.28548001366587,1.99
8939,JET,19991028,49186,60.1161651611328,0.291606840984434,-2.168,-2.753,5.796,11.38725,2.931,1.2016,1.43883412681382,0.2834527465029,1.987
8944,JET,19991102,49246,61.8705596923828,0.360496580732882,-2.482,-2.45,5.738,14.9301,2.931,1.2588,1.59827535144425,0.317707267144319,1.974
8947,JET,19991102,49249,59.3817596435547,0.339606503780249,-2.488,-2.45,5.804,17.1285,2.928,1.3363,1.62407537413856,0.315061475409836,1.979
8950,JET,19991102,49252,59.3817596435547,0.30209399510289,-2.487,-2.454,7.092,17.6839,2.924,1.3271,1.61013415764935,0.315868673050616,1.988
8953,JET,19991116,49470,55.8729705810547,0.455837788859085,-3.468,-3.049,5.558,16.6647,2.931,1.2551,1.58368074223392,0.32244967587854,1.962
8954,JET,19991116,49472,57.1377716064453,0.528578225458097,-3.482,-3.052,6.118,15.9737,2.938,1.2593,1.59650656128809,0.319809394145677,1.962
8955,JET,19991116,49473,57.382568359375,0.565267408247409,-3.48,-3.047,6.469,15.2557,2.939,1.2615,1.59781089405041,0.320074855392991,1.982
8956,JET,19991116,49474,57.382568359375,0.554308512621649,-3.476,-3.057,6.628,16.0914,2.933,1.2589,1.58850703801619,0.321957040572792,1.984
8957,JET,19991116,49475,57.382568359375,0.472884879782703,-3.449,-3.06,6.607,14.9105,2.928,1.2525,1.58549583756722,0.323428961748634,1.987
8967,JET,19991118,49510,56.3761596679688,0.362457385054824,-2.495,-2.454,5.651,13.0236,2.91,1.2175,1.61874576673221,0.30085910652921,1.978
8968,JET,19991118,49511,58.3617706298828,0.341653452027725,-2.478,-2.446,5.791,13.55189,2.928,1.2197,1.63729270392427,0.295628415300546,1.966
8969,JET,19991118,49512,58.6473693847656,0.338541436398952,-2.477,-2.463,5.85,13.57116,2.907,1.2125,1.63076553511021,0.29735122119023,1.966
8970,JET,19991118,49514,58.8921661376953,0.336562569213732,-2.481,-2.493,4.826,11.2875,2.875,1.2025,1.63330062470752,0.300034782608696,1.963
8971,JET,19991118,49515,58.6473693847656,0.31816504657865,-2.482,-2.491,4.494,11.16606,2.879,1.2019,1.6424696822197,0.298506425842306,1.969
8972,JET,19991118,49516,58.8921661376953,0.312372111014409,-2.485,-2.487,4.773,12.92625,2.881,1.2079,1.64738835333293,0.297188476223534,1.964
8973,JET,19991118,49519,60.3609619140625,0.361024844720497,-2.479,-2.395,7.092,13.9748,2.992,1.3768,1.65022249336166,0.295588235294118,1.982
8974,JET,19991118,49520,58.3617706298828,0.462187675399411,-2.491,-2.505,4.786,8.24903,2.86,1.1938,1.62114764945737,0.303251748251748,1.979
8975,JET,19991118,49521,59.136962890625,0.391381699689127,-2.478,-2.521,3.105,5.3398,2.842,1.1769,1.59649045623119,0.307600281491907,1.98
8976,JET,19991119,49547,63.8697662353516,0.135057965671214,-1.309,-1.367,2.986,12.2055,2.94,1.2737,1.619278660443,0.312789115646258,1.96
8977,JET,19991119,49548,61.8841705322266,0.121081108628993,-1.309,-1.168,2.928,11.7731,2.954,1.2757,1.64702587858568,0.306838185511171,1.956
8978,JET,19991119,49555,63.1353607177734,0.129142395798751,-1.312,-1.554,2.655,13.2532,2.953,1.2956,1.63879968903568,0.31070098205215,1.952
8979,JET,19991119,49557,63.8697662353516,0.139740579223974,-1.31,-1.361,2.651,13.4145,2.959,1.2975,1.63859693988606,0.308583981074687,1.954
8980,JET,19991122,49573,58.3753662109375,0.203458673172391,-1.841,-1.964,4.919,15.2891,2.802,1.1898,1.68380129188378,0.303675945753034,1.964
8981,JET,19991123,49581,60.3609619140625,0.219035343071313,-1.828,-2.765,5.323,11.55955,2.919,1.2308,1.42102263210187,0.287632750942103,1.994
8982,JET,19991123,49582,60.8913726806641,0.161046653555094,-1.835,-2.768,5.351,17.36888,2.92,1.2324,1.42249049362382,0.287294520547945,1.962
8983,JET,19991123,49583,60.8913726806641,0.18841569734528,-1.821,-2.77,6.096,13.2481,2.917,1.2274,1.41876069457554,0.289201234144669,1.995
8984,JET,19991123,49591,61.1361694335938,0.250018726209202,-1.834,-2.038,5.477,14.6853,2.995,1.3603,1.77732913805268,0.277863105175292,1.983
8985,JET,19991123,49592,61.1361694335938,0.237541204303745,-1.835,-2.03,4.956,15.94797,3.004,1.3645,1.79670942755313,0.274067909454061,1.978
8986,JET,19991123,49596,58.443359375,0.24704141082124,-1.846,-2.041,5.463,15.9113,2.989,1.3463,1.7555865761817,0.280863164938106,1.982
8987,JET,19991123,49596,61.8705596923828,0.193422892428733,-1.832,-2.03,3.62,14.9473,3.002,1.3569,1.80767251834211,0.273917388407728,1.977
8988,JET,19991129,49687,64.4001617431641,0.372787907572222,-1.865,-1.97,2.725,4.8427,2.925,1.3024,1.62020973249437,0.312581196581197,1.975
8989,JET,19991129,49688,66.3993682861328,0.421598491628902,-1.855,-1.969,2.437,3.87703,2.918,1.2993,1.61260224119595,0.314290610006854,1.98
8990,JET,19991129,49689,64.4001617431641,0.480698694667194,-1.835,-1.948,4.169,5.5618,2.954,1.317,1.66236550660146,0.302640487474611,1.983
8991,JET,19991129,49690,62.8905639648438,0.636480565062894,-1.859,-1.948,4.733,4.5871,2.95,1.3215,1.66115751206091,0.304610169491525,1.982
8992,JET,19991129,49690,65.1345672607422,0.350725094577554,-1.859,-1.968,2.273,4.4408,2.925,1.2936,1.61838626443399,0.311726495726496,1.978
8993,JET,19991129,49691,65.8689575195313,0.322198826066225,-1.854,-1.981,2.232,4.73962,2.906,1.2377,1.56898573582292,0.324122505161734,1.981
8994,JET,19991129,49693,60.6465606689453,0.481808737391795,-1.862,-1.968,4.812,6.51659,2.923,1.255,1.59331421420599,0.317824153267191,1.984
8995,JET,19991129,49694,62.6457672119141,0.403171676438596,-1.869,-1.959,4.031,7.5386,2.941,1.2682,1.62850967380262,0.312410744644679,1.983
8996,JET,19991129,49694,64.8897705078125,0.294951948840699,-1.861,-1.973,2.077,5.5982,2.914,1.245,1.58335330457925,0.322717913520933,1.98
8998,JET,19991130,49722,49.3721618652344,0.254007595606777,-2.775,-2.911,5.167,14.62161,2.929,1.2574,1.57816177680162,0.319870262888358,1.981
8999,JET,19991130,49723,49.6169738769531,0.221200027058107,-2.777,-2.91,5.107,14.783,2.93,1.2536,1.57324976841627,0.320921501706485,1.979
9000,JET,19991130,49724,65.1345672607422,0.381312481720188,-1.863,-1.963,4.267,8.51349,2.929,1.2639,1.60961779786427,0.316182997610106,1.971
9001,JET,19991130,49726,61.6257629394531,0.389832570000168,-2.486,-2.474,5.748,11.9214,2.898,1.2181,1.54720124856322,0.323533471359558,1.983
9002,JET,19991130,49727,61.1361694335938,0.364336155960694,-2.484,-2.47,6.534,12.6596,2.898,1.2177,1.54168629679321,0.324982746721877,1.991
9003,JET,19991130,49728,60.6465606689453,0.358037508651673,-2.483,-2.473,6.305,11.9919,2.895,1.2161,1.54145324750852,0.32545768566494,1.993
9004,JET,19991130,49729,60.8913726806641,0.326200348589669,-2.483,-2.478,6.397,12.49033,2.892,1.2146,1.5380661754009,0.32679806362379,1.994
9005,JET,19991130,49730,60.8913726806641,0.294854268059277,-2.472,-2.464,6.498,12.8009,2.892,1.2109,1.53291751423569,0.326244813278008,1.994
9006,JET,19991130,49731,60.8913726806641,0.290726285126559,-2.47,-2.467,7.274,12.86313,2.889,1.2076,1.52647907888538,0.328452751817238,1.994
9007,JET,19991130,49732,61.1361694335938,0.306112671572684,-2.471,-2.47,7.493,12.62803,2.886,1.2104,1.52156547331897,0.32997227997228,1.993
9008,JET,19991130,49739,60.1433715820313,0.306977374988033,-2.473,-2.482,6.966,12.5348,2.885,1.2104,1.5180220047435,0.330814558058926,1.995
9009,JET,20000605,50367,70.3977661132813,0.330414931475196,-1.03877544403076,-1.12919579058948,3.2829693171159,3.32292665164276,2.96536827087402,1.24696373939514,1.63533491713085,0.29058111914335,1.98024345826865
9010,JET,20000605,50373,69.8673095703125,0.27013226299722,-1.0449686050415,-1.12883189343463,3.0349458821687,4.28892854235788,2.96454620361328,1.24930322170258,1.63662076835835,0.290787318339858,1.97951724847999
9011,JET,20000606,50401,57.8721618652344,0.382064611907002,-2.49381828308105,-2.47528417500873,5.72817058729904,12.066473969324,2.89422988891602,1.20598351955414,1.57801342388116,0.30258186646984,1.97285666560527
9012,JET,20000606,50402,56.8929443359375,0.340162287696577,-2.50053024291992,-2.48602778066475,6.93111723214179,12.5125451760642,2.88127708435059,1.19498056173325,1.55665376390935,0.306949833147868,1.98710734496784
9013,JET,20000606,50404,57.3689575195313,0.317886028048694,-2.49492454528809,-2.48553847538642,8.09695843817965,12.3914561130052,2.88183975219727,1.19341218471527,1.56088315560026,0.30636356536507,1.98884890793043
9014,JET,20000606,50406,57.382568359375,0.39856124033368,-2.50166511535645,-2.46673699853559,5.90719922779864,12.0300818063765,2.90320777893066,1.21272295713425,1.57987089367617,0.301337709256253,1.9899959079919
9015,JET,20000606,50407,58.1169738769531,0.317693634829922,-2.49149322509766,-2.47617190891303,6.83181637879548,12.7511154049239,2.89120864868164,1.19736212491989,1.56248337053029,0.304128079344199,1.99165501749065
9016,JET,20000607,50409,57.6409606933594,0.372324097069575,-2.49886512756348,-2.48342625252968,7.1793429772285,12.3360190811982,2.88212203979492,1.20088225603104,1.56839542416715,0.305936321606923,1.98853004390453
9017,JET,20000607,50412,57.8721618652344,0.359123415963414,-2.50229835510254,-2.48429804520759,6.80510792194285,12.0159787232076,2.88611030578613,1.19952195882797,1.56930471112581,0.305219135143638,1.94536601934975
9018,JET,20000607,50426,57.6273498535156,0.34574928941399,-2.50213623046875,-2.45872197637804,5.87498793515132,14.0761075681854,2.91714477539063,1.21220278739929,1.58082831089179,0.299517661551015,1.96099131189578
9019,JET,20000607,50431,58.8921508789063,0.355493520206712,-2.5072135925293,-2.45834876909681,5.28225441075681,14.5574839416479,2.91555976867676,1.21368360519409,1.57472616081866,0.300612393226974,1.94193942083065
9020,JET,20000608,50443,60.891357421875,0.378215455304963,-2.46875381469727,-2.3902983718462,7.68660310650761,14.6520035922432,2.99758148193359,1.45591914653778,1.59029570458336,0.297252283665777,1.97289209414734
9021,JET,20000608,50444,62.645751953125,0.41572465644364,-2.46574211120605,-2.3909137676426,7.85538253941773,14.5014574033557,3.00168609619141,1.49319756031036,1.60682763630537,0.296664713791534,1.97095857297723
9022,JET,20000608,50445,62.645751953125,0.441069748658174,-2.45807075500488,-2.38895336672897,7.6592296650225,13.2875691786147,2.99923133850098,1.45717561244965,1.58963066646792,0.296778743638157,1.97062902916941
9023,JET,20000608,50449,63.6249694824219,0.480017138565358,-2.46408271789551,-2.38747785237288,8.5727848494346,12.2402286048753,3.00127410888672,1.47369801998138,1.59787871047467,0.296479830089251,1.97708334592139
9024,JET,20000608,50451,61.12255859375,0.440268528172123,-2.4687385559082,-2.38419804829663,9.09922749837654,13.1903671446596,3.00355339050293,1.45526921749115,1.58826415101305,0.29679033254653,1.98263673030007
9025,JET,20000609,50460,63.8697509765625,0.328065212354799,-2.46888732910156,-2.41317958183934,4.65472354236645,12.5229211680226,2.96455955505371,1.23213788866997,1.55456602966027,0.306083415954495,1.96011496737986
9026,JET,20000609,50461,63.3801574707031,0.30113839001759,-2.47330474853516,-2.67961555319582,5.48293903227709,13.7665473270303,2.95474052429199,1.22702333331108,1.53520156050322,0.31008110978062,1.98130620251877
9027,JET,20000609,50465,62.645751953125,0.397350146558491,-2.50524711608887,-2.40080168617128,7.50344030228757,13.2448088807965,2.98176765441895,1.29558634757996,1.62438961510417,0.29408400791912,1.9684654182723
9028,JET,20000609,50466,61.6257629394531,0.457061496408988,-2.5038013458252,-2.40077122333034,7.29413902804273,11.8069296012625,2.986572265625,1.30042374134064,1.63212703623156,0.293231231607128,1.96491536523822
9029,JET,20000609,50467,63.3801574707031,0.319925241605015,-2.47100067138672,-2.41925025880134,5.49293491238753,13.3445280773862,2.96087074279785,1.23075541853905,1.54787574542441,0.307783075841837,1.9851749433724
9030,JET,20000613,50520,69.62255859375,0.372757655390645,-0.909818649291992,-1.00286407104235,4.30130004317134,1.74380057281256,2.86393547058105,1.22403645515442,1.55624978547424,0.310041377877321,1.98934465436396
9031,JET,20000613,50523,69.8673095703125,0.290550999670573,-0.908045291900635,-1.00462386221697,4.56870830792088,2.19440467232067,2.8601016998291,1.22067821025848,1.54920554280274,0.309728899372265,1.99168666273162
9032,JET,20000613,50524,62.1153564453125,0.352745410454391,-2.80722045898438,-3.01903531788217,6.68402794227355,15.5691218531488,2.87426376342773,1.19963979721069,1.57451498774292,0.307988462727829,1.98520969103068
9033,JET,20000613,50525,60.891357421875,0.347445575345564,-2.8222770690918,-3.01014408718307,6.55941897008374,15.7979482358838,2.88153076171875,1.19981437921524,1.57642041698352,0.3080035637881,1.98753102154014
9034,JET,20000619,50624,49.3721618652344,0.322044351565115,-2.79627418518066,-2.77727951056348,3.22811688102941,12.9370967186328,2.93555450439453,1.25729668140411,1.58367261182789,0.318424333821072,1.95007818776094
9035,JET,20000619,50626,50.3785705566406,0.306059973317818,-2.79080963134766,-2.78595850579133,5.13861069326694,12.7294376125443,2.92623519897461,1.25321185588837,1.57073872387705,0.321404780372705,1.9867996802809
9036,JET,20000621,50671,64.3861694335938,0.292928134364849,-1.69979190826416,-2.68273741397349,5.25297749474169,10.3807805929989,2.98069953918457,1.46361649036407,1.55557632022556,0.301698773632294,1.9816998167726
9037,JET,20000621,50677,64.634521484375,0.181059764451293,-1.2154016494751,-2.6696836149989,3.69957339327092,10.7868874041667,2.99511337280273,1.4273624420166,1.50073571711195,0.296555057562176,1.94503296152207
9039,JET,20000626,50751,57.5965576171875,0.307021808903078,-2.4752082824707,-2.43692716239184,5.95871970384832,12.7512919684524,2.93907356262207,1.20971643924713,1.5864098367728,0.297354796254967,1.97332791261778
9040,JET,20000628,50791,61.8607482910156,0.258683761756792,-1.89080810546875,-1.96194777725077,6.37292420582689,14.0337508859143,2.93158149719238,1.33416056632996,1.61979571425974,0.312335026899928,1.99532970965981
9041,JET,20000628,50792,61.6123657226563,0.268460153052778,-1.89259338378906,-1.96253692418754,6.72879301888217,14.3025379529819,2.93275833129883,1.33656907081604,1.6201182055546,0.312569994992228,1.99421438839167
9042,JET,20000628,50796,63.3925476074219,0.330869340318024,-1.89747428894043,-1.95505249241776,5.14855731525646,12.385563121828,2.94319152832031,1.34884834289551,1.65397966895133,0.307625495761723,1.98291985628534
9043,JET,20000629,50811,66.6355590820313,0.383791164402445,-1.44934749603271,-1.5237661956118,4.19556044973277,5.25162910151789,2.94747543334961,1.26467072963715,1.5831736804406,0.312711848503164,1.97263886216458
9044,JET,20000629,50813,65.13134765625,0.310799079813471,-1.44277095794678,-1.53497499449318,4.9658624631852,5.72968709217244,2.92675399780273,1.25161665678024,1.5532701353035,0.319060361221067,1.99146508591373
9045,JET,20000629,50821,65.3797607421875,0.265891315224888,-1.44823265075684,-1.53084228454816,4.5426929831984,7.41749001410569,2.93290519714355,1.25508016347885,1.55572720401015,0.316354531188727,1.9933150438504
9046,JET,20000629,50824,65.8765258789063,0.195751488671654,-1.44831848144531,-1.52983803281413,4.20545077672694,9.6978908287931,2.93791198730469,1.26258164644241,1.57223807328053,0.314203875578454,1.99374201805063
9047,JET,20000629,50827,59.3767700195313,0.304470354328551,-1.45996475219727,-1.53395356200665,3.82891114506947,7.62345154539425,2.93967819213867,1.26827436685562,1.56104365982061,0.316255665899751,1.97586661796218
9048,JET,20000630,50836,61.3639526367188,0.462439136387171,-1.88400650024414,-1.96378153070634,5.63936875058404,7.12427814096013,2.9309024810791,1.32466006278992,1.61983271564374,0.312411779750195,1.98712298261691
9049,JET,20000630,50841,63.8893432617188,0.36027251499559,-1.8811731338501,-1.96318396972708,6.59179562927988,8.39567588688319,2.92948532104492,1.32170367240906,1.62241459143845,0.312305732036195,1.99561560096713
9050,JET,20000630,50844,61.3639526367188,0.266555613431797,-1.89568996429443,-1.96688502949925,7.08821545351842,14.3085340234646,2.92737007141113,1.33542263507843,1.61120285899424,0.315062207410159,1.99294663781741
9051,JET,20000630,50845,60.370361328125,0.250189614913431,-1.89170932769775,-1.96735262816184,5.57622687643342,14.2058461948567,2.9230785369873,1.33300387859345,1.60756611605119,0.316139109384126,1.99432698036883
9052,JET,20000630,50846,62.3989562988281,0.402698034608605,-2.41043281555176,-2.44102732485171,6.48736841292023,14.2682681249953,2.93003845214844,1.33383083343506,1.62530144525314,0.312864865146362,1.98808167953289
9053,JET,20000630,50847,61.1155700683594,0.327552817035673,-2.40005683898926,-2.45487985315204,7.94179535726791,15.1184549681537,2.91983604431152,1.32576239109039,1.61003807436052,0.31682856088344,1.99320486743743
9054,JET,20000630,50850,61.6123657226563,0.391014231398235,-2.39997291564941,-2.44894594798971,7.47083846311005,12.6739105275,2.92588043212891,1.32149004936218,1.61339652969645,0.314116847152941,1.99295882105576
9055,JET,20000630,50852,60.8671569824219,0.404297540662355,-2.40966606140137,-2.4436516558338,6.40746118546929,13.0053824861739,2.92541313171387,1.33309137821198,1.62091232780752,0.314954631073069,1.98925736905107
9056,JET,20000705,50887,64.634521484375,0.492240700584491,-1.88436412811279,-1.9621411144649,5.3699022000673,6.42267889183863,2.92698669433594,1.32004678249359,1.61949382338414,0.313162883230895,1.97902675040757
9057,JET,20000705,50888,61.8607482910156,0.476981295519582,-1.88654232025146,-1.96258627740573,6.25819500531962,6.64451311574478,2.92897796630859,1.31820344924927,1.62022253510071,0.312899836418716,1.98390289436847
9058,JET,20000706,50892,60.1219482421875,0.407713664488919,-1.44876098632813,-1.52340924313463,4.01332299449867,5.12095330557757,2.95018768310547,1.2578147649765,1.5853156877362,0.310815982952621,1.97707397106589
9059,JET,20001010,52009,60.370361328125,0.44217774186675,-2.48480224609375,-2.63329101541436,7.73115355844649,14.704431007922,3.00659561157227,1.44,1.52345958413326,0.297346273159925,1.95564814703793
9060,JET,20001010,52010,62.3989562988281,0.51384853629277,-2.48697090148926,-2.63383561913382,7.01585879231774,12.3691142250879,3.00493431091309,1.44,1.54864979338555,0.29751066329578,1.95836673607124
9061,JET,20001010,52011,62.895751953125,0.464997934128426,-2.48190879821777,-2.63237164495815,7.17928668223316,13.6255392483646,3.01029014587402,1.44,1.50627135504633,0.296981339564673,1.96077935227744
9062,JET,20001010,52014,61.8607482910156,0.411941574812359,-2.46934127807617,-2.63642428254976,9.48021091622883,14.0412910742046,2.99899864196777,1.45399570465088,1.5710448697861,0.298643454115175,1.99351308691588
9063,JET,20001010,52016,60.6187438964844,0.299598409625582,-2.47512817382813,-2.68542648593902,4.55444456347607,14.3653931207561,2.94913101196289,1.2284235060215,1.52189336088611,0.313177227437178,1.97397869761793
9064,JET,20001010,52022,61.1155700683594,0.387727930413783,-2.47408103942871,-2.6376288470448,9.11299162473769,15.7728881076286,3.0012378692627,1.41035711765289,1.55059843568268,0.297855181368059,1.99392402374507
9065,JET,20001010,52024,59.1283569335938,0.384318362839366,-2.48280334472656,-2.64489089041798,9.70923303102946,15.1830264026412,2.99563789367676,1.46116614341736,1.57164859899084,0.300215780569816,1.99507437261489
9066,JET,20001010,52025,60.8671569824219,0.420327827658202,-2.47970390319824,-2.63374523479755,8.8048468939837,14.7764986459902,3.00349617004395,1.40148174762726,1.55146722960184,0.296864730167136,1.99577392092062
9067,JET,20001017,52136,62.6473693847656,0.398167694875655,-2.49784088134766,-2.47295459211877,7.09851391922882,12.3756886789013,2.89833068847656,1.21575337648392,1.54156829063342,0.324313617099687,1.99498130849789
9068,JET,20001019,52168,62.6473693847656,0.410387707978708,-2.50204086303711,-2.42961640095843,8.98503310032503,12.7599692344102,2.94133186340332,1.31650197505951,1.63179368083769,0.302651732534426,1.99339690364519
9069,JET,20001025,52289,64.3861694335938,0.357179897808536,-1.49329566955566,-1.50365039795685,6.28797505785561,5.26784663840601,2.87379455566406,1.20723551511765,1.56644449777908,0.309383744298784,1.99990000004273
9070,JET,20001025,52289,68.8987426757813,0.283686473602017,-1.48338222503662,-1.50106618875006,5.82291506445985,5.15164528843977,2.8724308013916,1.20303732156753,1.56351241039201,0.309940331252519,1.99990000004273
9071,JET,20001025,52290,65.13134765625,0.248621032443162,-1.48178005218506,-1.50406479298368,5.3601596474359,5.22903547950862,2.87263679504395,1.20081371068955,1.5598334322303,0.310044924303942,1.99990000004273
9073,JET,20001025,52297,62.895751953125,0.253373569713878,-1.51004981994629,-2.69186595062212,3.11394535281976,7.72537241075255,2.87505149841309,1.20764487981796,1.55747463093712,0.310285566439226,1.99324668514125
9074,JET,20001025,52298,65.3797607421875,0.19043420881233,-1.50106906890869,-2.70990586206805,4.26873690680312,8.46287293496892,2.85845184326172,1.19555920362472,1.53162427434867,0.315430800479364,1.99990000004273
9075,JET,20001025,52300,64.8829345703125,0.182057735487082,-1.49935817718506,-2.70842059342644,4.60951866110672,8.48918028503551,2.85941696166992,1.19419634342194,1.53071668355016,0.315508605497219,1.99990000004273
9077,JET,20001026,52306,59.8873596191406,0.39616500172183,-2.48468017578125,-2.64217861399029,8.36206564499459,15.7438665115392,2.99451637268066,1.48785257339477,1.59532831118321,0.300092707655914,1.99990000004273
9078,JET,20001026,52308,59.3767700195313,0.383219560365876,-2.49095344543457,-2.64299979538853,10.0279964052799,15.3733794053693,2.99230003356934,1.49101793766022,1.59789408091997,0.300198332894576,1.99990000004273
9079,JET,20001026,52309,59.1283569335938,0.375759299115546,-2.49029922485352,-2.65006500868144,10.057459798467,15.2148661768764,2.98797607421875,1.48663198947906,1.59802529021535,0.300706324685936,1.99990000004273
9080,JET,20001106,52373,69.3955688476563,0.274830039361377,-1.05760288238525,-1.12963543277857,2.86378270804956,3.64272746851812,2.95953369140625,1.23322176933289,1.60831226373236,0.297092832910557,1.97901031133697
9081,JET,20001106,52374,72.8731079101563,0.257384444747692,-1.05539894104004,-1.13150425718561,2.5324409207774,3.7353236545773,2.95700073242188,1.23386895656586,1.600495895124,0.298589484751535,1.9831218948219
9082,JET,20001106,52375,73.1215209960938,0.262031604867917,-1.05420970916748,-1.13238741327932,2.47938288766744,3.55804666948059,2.95326614379883,1.23270052671432,1.59142337707756,0.300519839675734,1.98264110432866
9083,JET,20001106,52376,73.1215209960938,0.275493260357043,-1.05469799041748,-1.13165688803179,2.49705951620487,3.52775958005214,2.96317481994629,1.24202334880829,1.58911372648601,0.300342536514592,1.98010247304735
9084,JET,20001106,52388,60.370361328125,0.455620340794186,-1.8844633102417,-1.96641932687095,5.329067217821,5.62016475531048,2.92371940612793,1.30882275104523,1.61741663358374,0.313906225638035,1.96153846925356
9085,JET,20001107,52415,71.6311645507813,0.285310028470007,-0.992875576019287,-1.04339925054967,3.06539971543019,3.1052558695058,2.91911125183105,1.27483201026917,1.59497492259005,0.318534684129883,1.96153846925356
9086,JET,20001107,52416,72.3763427734375,0.291812599950285,-0.9930419921875,-1.04077303975519,3.18804891809465,3.10116241594697,2.92014122009277,1.28099620342255,1.59464028480255,0.318999408881153,1.96153846925356
9087,JET,20001107,52417,71.8795776367188,0.28564528719312,-0.990614414215088,-1.04167802044922,3.16998350224564,3.11877035338408,2.91886711120605,1.27624881267548,1.58953657149298,0.319412779098847,1.96153846925356
9088,JET,20001108,52421,62.1505737304688,0.358085517641533,-2.40067291259766,-2.46233922101152,5.82130362021818,12.2760801467288,2.90890884399414,1.24682641029358,1.57674921305684,0.323392275684444,1.94725223590873
9089,JET,20001108,52424,60.1219787597656,0.330757943592464,-2.40870475769043,-2.47523359250711,5.56459140458364,12.8207718232996,2.89418411254883,1.21461045742035,1.54140873441019,0.325124424503719,1.99897477566461
9090,JET,20001108,52425,62.8957824707031,0.388016556906966,-2.41830635070801,-2.41996402352555,7.12707307405333,14.7222734452233,2.96574592590332,1.38200557231903,1.64326270943874,0.301320981024564,1.99403343585301
9091,JET,20001108,52426,62.8957824707031,0.415965069956594,-2.41129493713379,-2.4116471924731,7.10152921991684,13.9489388910886,2.97010231018066,1.39980244636536,1.66428246866181,0.301093027243322,1.99025020856142
9092,JET,20001108,52435,59.8735961914063,0.305494054328361,-2.39932250976563,-2.47442668184225,5.23031172224207,12.4448888621652,2.89914131164551,1.21419405937195,1.55413113924494,0.323373421448238,1.99990000004273
9093,JET,20001108,52449,62.6473999023438,0.369232460151305,-2.40495872497559,-2.45511503396409,6.11877341248042,13.2695842225275,2.92160987854004,1.25565153360367,1.58823389573073,0.320020531870097,1.99981165185868
9094,JET,20001108,52450,61.8607788085938,0.333814234122317,-2.40592575073242,-2.45921985653151,6.09994273653848,13.7378302636306,2.91443061828613,1.250195145607,1.57676082680033,0.322661928886173,1.99990000004273
9095,JET,20001108,52451,61.3639831542969,0.37329397891253,-2.41146850585938,-2.44519954879809,5.81481914044221,13.8158335066973,2.93033790588379,1.26357579231262,1.60279315164247,0.317405933969086,1.99913384136977
9096,JET,20001110,52490,59.3768005371094,0.34801713281645,-2.50810813903809,-2.47769941800753,5.59053987899916,12.2700868165257,2.88596725463867,1.19842201471329,1.57970604853438,0.305126371541983,1.96153846925356
9097,JET,20001110,52492,58.3831787109375,0.292965673482158,-2.50958061218262,-2.46290731045793,6.3538402024059,18.2521422101409,2.9029541015625,1.20916783809662,1.57385868237316,0.302665632490223,1.95274895643819
9098,JET,20001110,52494,58.8799743652344,0.337190323741786,-2.50727462768555,-2.46212078735598,6.46668703900642,16.2655792946302,2.90512657165527,1.21003198623657,1.56921876095085,0.303233553691987,2
9099,JET,20001110,52496,58.631591796875,0.395565568220341,-2.50027084350586,-2.48694185686815,7.2537262582615,9.65594027302088,2.87946891784668,1.19291561841965,1.56842286052587,0.307190275232153,2
9100,JET,20001113,52514,62.1505737304688,0.419961432539956,-2.31694412231445,-2.41255300558095,6.51169488778245,13.0381475241104,2.97092247009277,1.4443930387497,1.58515895165661,0.301419666811974,1.98459123117684
9101,JET,20001113,52515,62.1505737304688,0.341943076678054,-2.30851173400879,-2.42147550920108,6.17610282836196,16.0203405583356,2.96112251281738,1.43700003623962,1.56469632405876,0.30400130500792,1.98862489068741
9102,JET,20001113,52518,61.8607788085938,0.361926298736681,-2.3056697845459,-2.41564091824188,8.81836472974023,13.039074482165,2.9644603729248,1.41600430011749,1.56917408156914,0.302311882853965,1.99990000004273
9103,JET,20001113,52519,62.8957824707031,0.296631866535768,-2.30079460144043,-2.41456506178215,8.53914155284326,16.1008275118952,2.96573448181152,1.41246497631073,1.56861389518399,0.301806580363098,1.99990000004273
9104,JET,20001113,52520,62.8957824707031,0.358525905925618,-2.31847381591797,-2.40234122728102,6.54562317778771,15.9938629845393,2.97879219055176,1.44187247753143,1.59160408855028,0.299186967142523,1.99439434961667
9105,JET,20001113,52521,62.8957824707031,0.331288703770759,-2.31116676330566,-2.41559332286156,9.02808469801292,16.409890394695,2.96405601501465,1.4268308877945,1.57073317030897,0.30225965705696,1.99990000004273
9106,JET,20001201,52735,61.1156005859375,0.420709765961346,-2.48640251159668,-2.64099545344558,8.05677084837979,14.4555412449516,2.99533843994141,1.48529243469238,1.60732339131066,0.298667713095859,1.98583614757152
9107,JET,20001201,52736,62.3713989257813,0.38849875113768,-2.47758483886719,-2.63987744057793,10.4772304681101,16.1421504175947,2.99300765991211,1.49886071681976,1.60782492945895,0.299322010351785,1.99654006451039
9108,JET,20001201,52738,61.1156005859375,0.308331502724213,-2.46927452087402,-2.6501213184874,9.07203701562629,15.1239858540306,2.98321723937988,1.46939563751221,1.59476130980033,0.300554324788292,1.99990000004273
9109,JET,20001201,52739,61.1156005859375,0.318129907599143,-2.47319412231445,-2.65192125850416,9.57202805363185,14.8995121123055,2.98494148254395,1.46534907817841,1.59234382477139,0.300506272009221,1.99990000004273
9110,JET,20001205,52768,62.1505737304688,0.275574238341683,-1.61742305755615,-1.75033551191902,4.49077492374412,11.2912378378674,2.8771800994873,1.25775665044785,1.59107859541373,0.324280181720431,1.99
9111,JET,20001205,52769,62.3989868164063,0.225944227980242,-1.61899852752686,-1.74092755632948,3.9627560149326,12.6952203409374,2.89389419555664,1.26485621929169,1.62646680997774,0.316733443885386,1.99
9112,JET,20001205,52770,63.1441955566406,0.221286753468169,-1.61936187744141,-1.73056624433795,3.68371227833328,14.2201298904342,2.90546417236328,1.27468729019165,1.63809621438125,0.313548053567912,1.99
9113,JET,20001205,52771,62.1505737304688,0.166869379238654,-1.61045360565186,-1.74356802634662,4.35823187564828,15.5880818331816,2.88998603820801,1.25838375091553,1.61474487808086,0.319906975055851,1.99
9114,JET,20001205,52772,63.1441955566406,0.191011390751165,-1.60823917388916,-1.74563709001937,4.31924407293664,13.3418730687691,2.88744354248047,1.25230449438095,1.60997477710745,0.319367415044535,1.99
9115,JET,20001205,52773,62.8957824707031,0.160626217208697,-1.61044883728027,-1.74329867765332,4.26268167636664,15.8416072294904,2.8892650604248,1.2565233707428,1.61295690428049,0.319070350216233,1.99
9116,JET,20001205,52774,62.8957824707031,0.18278975183728,-1.61149787902832,-1.74508711095852,4.42293945435685,16.2609576100289,2.88890838623047,1.26083755493164,1.6110903751789,0.31892636436862,1.99
9117,JET,20001205,52775,62.8957824707031,0.181618134500046,-1.61794567108154,-1.74543334686392,4.51182925200207,15.8007214193402,2.88509750366211,1.26091289520264,1.60424373606907,0.321814868486641,1.99
9118,JET,20001205,52776,62.8957824707031,0.165982031592745,-1.60687351226807,-1.74904153686878,4.43739319441094,15.432913033794,2.87956047058105,1.25699532032013,1.60146045185561,0.323372428908957,1.99
9119,JET,20001205,52782,59.8735961914063,0.376241671392141,-2.48882293701172,-2.65429860680313,10.1226423661988,16.1664436065844,2.98547554016113,1.50462090969086,1.60644058501449,0.300990449442868,1.99990000004273
9120,JET,20001205,52783,61.12939453125,0.434885184929518,-2.48909759521484,-2.64806615060625,9.55465401069438,14.6358123127267,2.99152565002441,1.4966276884079,1.60514767399761,0.299314246621284,1.99990000004273
9121,JET,20001205,52785,61.8607788085938,0.376587693672736,-2.48863220214844,-2.64385313853062,9.41934195251515,17.6023196778805,2.99375152587891,1.50995969772339,1.60996110300234,0.299253689503232,1.99990000004273
9122,JET,20001207,52819,60.3703918457031,0.369625610497499,-2.52599143981934,-2.64197353638191,7.97364425088272,16.3283432724769,2.99641990661621,1.41403758525848,1.64195382915698,0.293001469776644,1.98800212246647
9123,JET,20001207,52820,59.8735961914063,0.357103609188229,-2.51838684082031,-2.64931440852089,9.18602734431969,14.9402678288336,2.98822593688965,1.41214430332184,1.62871373053886,0.296089177763835,1.99319679021661
9124,JET,20001207,52821,61.1156005859375,0.339203981705154,-2.51703453063965,-2.64473352665882,10.0428793946734,16.8564315326252,2.9893970489502,1.4138160943985,1.6276274896607,0.29560152618667,1.99697921400942
9125,JET,20001207,52822,60.6187744140625,0.328103468156638,-2.51665306091309,-2.64846909031015,9.99801228338575,16.5523322778216,2.98767471313477,1.41778540611267,1.63122143382581,0.29636214075314,1.99744060968122
9126,JET,20001207,52823,60.3703918457031,0.344365302840839,-2.51483154296875,-2.64581505644156,9.64013092424699,16.1271743261344,2.98969650268555,1.40983283519745,1.62596496677107,0.295606847247333,1.99844606204384
9127,JET,20010108,52949,69.3955688476563,0.25656912184487,-0.990493297576905,-1.012168132664,2.68058471945743,3.38909246351384,2.9206600189209,1.28515601158142,1.60101378121997,0.320234485559997,1.98220251409168
9128,JET,20010108,52950,67.6153564453125,0.362224857512233,-1.80457592010498,-1.80226949489497,4.51359902591814,7.8605121899928,2.93965148925781,1.27105975151062,1.6276795269509,0.315150490778758,1.98454330340042
9129,JET,20010108,52955,61.8607788085938,0.356298293584905,-2.00607681274414,-2.02770366685635,4.74780379872745,9.68179511721272,2.9294319152832,1.25787973403931,1.60875794250674,0.319381052774136,1.95607483364714
9130,JET,20010108,52958,64.6345825195313,0.435284066519854,-2.59905052185059,-2.62003255322322,5.94749237071477,13.1244775206665,2.94130325317383,1.27107906341553,1.60695228507458,0.317898598655072,1.98001588058575
9131,JET,20010109,52962,63.8893737792969,0.360622194736507,-1.86426544189453,-1.92969639353676,7.74703578400739,9.29002591278301,2.98943519592285,1.45337188243866,1.60547529727249,0.295432344918891,1.99070098965116
9132,JET,20010109,52963,63.8893737792969,0.301023598847326,-1.8672342300415,-1.93365376342164,7.4423391217181,11.6198815029287,2.98821640014648,1.47405064105988,1.6054600377051,0.297326171294057,1.9858142801839
9133,JET,20010109,52964,64.1377563476563,0.240190982445968,-1.86543083190918,-1.93230728813635,5.57149457838747,12.1601359545912,2.99122047424316,1.44360911846161,1.59953536905191,0.295589828478806,1.98743166985188
9134,JET,20010109,52965,64.3861694335938,0.347784055747585,-1.86818027496338,-1.93369415163044,8.2853496400921,10.262100023973,2.98986053466797,1.47457242012024,1.61279610020264,0.296455515237811,1.98441998088659
9135,JET,20010109,52968,61.6123962402344,0.29902269588192,-1.86532211303711,-1.93282299008463,5.85508061742346,9.70344455609767,2.98816299438477,1.44457161426544,1.59631171938759,0.29669637534165,1.98003388483261
9136,JET,20010109,52970,64.1377563476563,0.27160141847671,-1.58591270446777,-1.63913939905213,5.78848011949651,8.15990304464526,2.98898887634277,1.44888997077942,1.60077409708278,0.295620515975141,1.97877004399581
9137,JET,20010109,52979,62.1505737304688,0.316777407916763,-1.8677225112915,-1.93494926197493,8.12896917990607,10.8488866074393,2.98368453979492,1.46810328960419,1.60020567152525,0.297843298323222,1.97220558994792
9138,JET,20010109,52983,64.1377563476563,0.342741233405344,-1.87297058105469,-1.93518159185252,6.2756112695036,10.0970622291436,2.98939895629883,1.46662199497223,1.60408170559613,0.296546111608071,1.9693124718236
9139,JET,20010110,52988,61.6123962402344,0.409120103130404,-2.48878288269043,-2.65101262257073,9.27723227364836,14.9986457969731,2.9928092956543,1.46811652183533,1.59208328063638,0.298530871955408,1.96617334027658
9140,JET,20010110,52994,63.8893737792969,0.245477760187373,-1.99003505706787,-2.65036195411232,6.00785116103317,15.1372105842158,2.99180793762207,1.44563722610474,1.56396295378428,0.297675142119983,1.99100002137531
9141,JET,20010110,52995,63.6409912109375,0.268035634098748,-1.99335670471191,-2.64627075577315,5.47618715127324,14.8801129745194,2.99508285522461,1.45633053779602,1.57184734426537,0.297508383823074,1.99380267430296
9142,JET,20010110,52996,63.8893737792969,0.248345250900804,-1.99009132385254,-2.65270538470522,6.77519065035571,15.238991152265,2.98862648010254,1.45422530174255,1.56724718215651,0.299151318430456,1.99658248542939
9143,JET,20010110,52997,63.6409912109375,0.266127133036254,-1.99014377593994,-2.65427553808053,7.10748241567427,14.3212680871436,2.98820495605469,1.45440578460693,1.5706609542544,0.299121709602471,1.985520113336
9144,JET,20010110,52998,64.1377563476563,0.271448091042084,-1.98820114135742,-2.65927919935718,7.25948945840965,13.3323290773486,2.98851203918457,1.44569039344788,1.56711489975913,0.298602570394826,1.99810464364371
9145,JET,20010110,52999,64.1377563476563,0.2430606551243,-1.98685169219971,-2.65716401112563,7.12051470709597,15.0927047251377,2.9878101348877,1.45448327064514,1.571000013109,0.299028135180114,1.99231770661929
9146,JET,20010110,53003,63.8893737792969,0.151913231997462,-1.50715065002441,-2.65428756279349,5.14514794960105,12.9973419523531,2.99231147766113,1.46,1.28231803176841,0.299099878699645,1.98941006646173
9147,JET,20010110,53004,63.392578125,0.178683908510667,-1.50792026519775,-2.65445733766627,4.91979556480929,12.0689739991666,2.99040794372559,1.46,1.3156035942157,0.299290269703125,1.99826022580378
9148,JET,20010110,53005,63.8893737792969,0.174746235875545,-1.5083475112915,-2.65423771119392,4.57423225433883,13.0022859715802,2.98934936523438,1.46,1.3159204118927,0.299396253381654,1.9954342451078
9149,JET,20010110,53006,64.1377563476563,0.19782130590827,-1.50895977020264,-2.65081901826992,4.38125652874321,12.6857732514407,2.99069786071777,1.46,1.31479866509377,0.299261256630317,1.99264430501163
9150,JET,20010110,53008,63.6409912109375,0.175561075237341,-1.50405597686768,-2.65902525616106,3.88817921985311,12.5015362469315,2.98599052429199,1.46171963214874,1.56602336276852,0.299991248908509,1.99502219525688
9151,JET,20010110,53009,64.1377563476563,0.202065197752389,-1.5100564956665,-2.65542794353557,3.50344514793615,12.505475016044,2.98909378051758,1.48234558105469,1.57445726762377,0.29986612606611,1.99340487383176
9152,JET,20010111,53015,62.1505737304688,0.330793208737082,-2.47428321838379,-2.50200393485397,6.97507658662958,15.0301726092056,2.900634765625,1.21782839298248,1.53334202382206,0.324715045292904,1.92268913811374
9153,JET,20010111,53020,62.8957824707031,0.356937013755048,-2.4766845703125,-2.49356158149112,6.19644291386651,13.6284858809392,2.90849685668945,1.21991640329361,1.54506716710785,0.322781807212324,1.91646839787032
9154,JET,20010111,53025,63.1441955566406,0.395212134176918,-2.49739265441895,-2.47017748952166,6.57156461532881,11.7560697065789,2.90288734436035,1.2154284119606,1.55063730858813,0.321994363805883,1.9676226063191
9155,JET,20010111,53028,62.1505737304688,0.381499501684662,-2.49912643432617,-2.47258835514767,6.40063189884684,12.5818270399741,2.90009117126465,1.21485716104507,1.55032199369134,0.32270025380093,1.98275787938845
9156,JET,20010111,53030,63.392578125,0.371892328338607,-2.49425506591797,-2.47260837800106,7.7608632422383,13.190355821276,2.90045356750488,1.21753323078155,1.54413627391068,0.323608856078855,1.98870298947829
9157,JET,20010111,53032,63.8893737792969,0.390570168209012,-2.50054740905762,-2.46937523204963,6.57953739404414,12.6304809038319,2.90253639221191,1.2181881070137,1.55576828398603,0.322007997292618,1.9902621613309
9158,JET,20010111,53035,63.392578125,0.43206410558415,-2.5040225982666,-2.44570294533344,8.12460631776706,12.6639917593592,2.93517112731934,1.31055665016174,1.62069977975699,0.304295508082203,1.98779882938338
9159,JET,20010112,53041,62.1367797851563,0.413083701109758,-2.48424339294434,-2.64497186590081,9.45769291809198,15.5854406373329,2.99687385559082,1.47513270378113,1.59765356691857,0.297428757816353,1.96153846925356
9160,JET,20010112,53043,61.8745727539063,0.39785989119657,-2.48355674743652,-2.64598262180142,9.45894548173834,15.1736082210509,2.99675750732422,1.46581125259399,1.59777893206831,0.297450329819166,1.96153846925356
9161,JET,20010112,53046,61.3639831542969,0.373462176851746,-2.49433898925781,-2.64682524470041,9.55809504228467,16.4715263868141,2.99917793273926,1.45266330242157,1.62036747259489,0.295388579354414,1.96153846925356
9162,JET,20010118,53142,62.1505737304688,0.320069204811122,-2.29972267150879,-2.41227715712062,8.66012653470792,15.8745372947141,2.96367454528809,1.40992248058319,1.56001292389986,0.301901154510274,1.99094221254636
9163,JET,20010118,53143,63.1441955566406,0.311411860690855,-2.29946517944336,-2.40937212222956,9.31761689593192,14.7443711612964,2.9721851348877,1.40521442890167,1.57216494781689,0.299644447952583,1.98970981537028
9164,JET,20010118,53145,62.3713989257813,0.313030530918586,-2.2986946105957,-2.41194484231712,9.10807284951967,14.9128165161807,2.96820259094238,1.40690791606903,1.56473180551172,0.301289910698738,1.99496795814611
9165,JET,20010118,53146,61.8607788085938,0.319090861092859,-2.29862022399902,-2.41752220141131,10.0528295351002,16.3179380166649,2.96135711669922,1.41790592670441,1.55318386501031,0.304264319813681,1.99301054713503
9166,JET,20010118,53149,61.8607788085938,0.364964378254623,-2.31080436706543,-2.41327552257477,9.49224397148321,14.7354815203896,2.96408843994141,1.41284441947937,1.55814424191933,0.302102718341145,1.9924254298008
9167,JET,20010119,53166,63.8893737792969,0.43886538689777,-1.8069543838501,-1.83199087899944,4.78356871295575,6.96242709867884,2.88747596740723,1.25586867332458,1.62046823595633,0.317727458584593,1.99305949021284
9168,JET,20010119,53169,65.628173828125,0.477011198890436,-2.58950996398926,-2.64142584872026,2.58581033558034,7.05689872711945,2.90921592712402,1.24747091531753,1.56604923503698,0.327356784090917,1.9870440226365
9169,JET,20010119,53170,65.13134765625,0.396370928941619,-2.59387397766113,-2.63678646148854,2.51936113045338,8.29437725186566,2.91549301147461,1.24814593791962,1.57148320696253,0.326148893270651,1.98620328797748
9170,JET,20010119,53171,64.8829956054688,0.41623125900014,-2.59444999694824,-2.63356477561389,3.44228943158995,9.42623413799076,2.91708946228027,1.25282067060471,1.57399852165358,0.325804321316599,1.98940864420908
9171,JET,20010119,53185,62.3989868164063,0.393782207276927,-2.50533485412598,-2.62744330410275,5.70163453386964,14.7852491516252,2.92632675170898,1.26255738735199,1.59488558526037,0.318021063224872,1.99278811769172
9172,JET,20010119,53186,63.1441955566406,0.355623597679802,-2.49971580505371,-2.63594381158894,7.23344246775229,14.8558140160447,2.91592597961426,1.25285059213638,1.57838193586783,0.321253642598534,1.99292778872932
9173,JET,20010119,53186,64.6345825195313,0.358053526390924,-2.50001335144043,-2.63298094028287,7.27650813918902,15.6800053678143,2.91740608215332,1.25238525867462,1.57351824307981,0.321592437307175,1.99316834827373
9174,JET,20010119,53190,63.392578125,0.289749158336587,-2.49532699584961,-2.64205464166345,6.85705764733201,16.1249669919421,2.91608810424805,1.24942857027054,1.58027922046403,0.320872278218553,1.99182374460179
9175,JET,20010119,53191,64.3861694335938,0.3211700214053,-2.49209022521973,-2.63576225591534,7.40453703234586,15.8174494833171,2.91551208496094,1.25056737661362,1.57597734480468,0.321493384658059,1.99313328314381
9176,JET,20010122,53193,63.1441955566406,0.358016328587388,-2.50255584716797,-2.41611840973866,6.02378968158941,14.5915456285822,2.96130180358887,1.32946419715881,1.67968513542163,0.304100446033203,1.98339725938913
9177,JET,20010122,53194,62.3989868164063,0.336757594206353,-2.5020866394043,-2.41801346396083,5.86988620119844,15.598384711838,2.96331214904785,1.33053576946259,1.6824297371004,0.303638449076324,1.98850903968963
9178,JET,20010124,53260,64.8829956054688,0.420237160181947,-1.80649948120117,-1.82272270899271,4.43045835467223,7.20357487351361,2.90351486206055,1.26025068759918,1.64506344139136,0.312214818843864,1.96023863657599
9179,JET,20010124,53261,59.8735961914063,0.431629486252044,-3.19010734558105,-3.23921125876731,3.58456623622416,9.71742717276968,2.91791915893555,1.23513323068619,1.56894382917568,0.323044390553198,1.96217759372042
9180,JET,20010124,53262,63.392578125,0.345832445158063,-2.50657653808594,-2.49078945360423,4.67833225603805,11.4868694985455,2.87462425231934,1.20494371652603,1.54114151794432,0.330163403181276,1.97966156915302
9181,JET,20010124,53263,63.8893737792969,0.40134500446291,-2.50375938415527,-2.45978616762832,6.29002278831118,12.8474659590617,2.90964889526367,1.22329652309418,1.55810041285153,0.319904568618428,1.9764181779289
9182,JET,20010126,53297,60.3703918457031,0.41466420614229,-2.48789024353027,-2.63984772989336,8.08565721786472,15.234421480456,3.00225257873535,1.47001242637634,1.60028324761769,0.296273772350854,1.9843823649322
9183,JET,20010126,53298,60.6187744140625,0.411618376345262,-2.4849910736084,-2.6353394083415,7.67064347532811,15.3714458914979,3.00026321411133,1.47432827949524,1.60348961208868,0.296929374533535,1.98291571011648
9184,JET,20010126,53299,61.3777770996094,0.390085591214219,-2.4831600189209,-2.64513577316726,11.1132865098576,15.9151783549678,2.99588775634766,1.46670377254486,1.60028015016298,0.297194004232486,1.99136229038199
9185,JET,20010126,53300,61.8607788085938,0.414433999514911,-2.41102027893066,-2.42814671302489,6.69388660333284,14.7107729639617,2.94753456115723,1.33458232879639,1.66025311826005,0.304811606638466,1.97823360584789
9186,JET,20010126,53301,61.6261901855469,0.358732504935023,-2.47497749328613,-2.64329733381338,10.8921597681537,15.6314654758815,2.99846267700195,1.4587813615799,1.60173227539822,0.29657509455758,1.9945586561437
9187,JET,20010126,53306,63.1441955566406,0.389433672768592,-2.00665664672852,-2.64197108030167,6.2042397707214,11.6381378384807,2.99744415283203,1.51548743247986,1.5588947434552,0.294271993300771,1.99006319553034
9188,JET,20010126,53308,61.8607788085938,0.418293655568833,-2.49032211303711,-2.64510277147516,9.0144894566378,14.8068770262134,2.99349403381348,1.46526050567627,1.59271893699985,0.298196887705461,1.98943676910268
9189,JET,20010126,53311,60.3703918457031,0.33894799953384,-2.40840911865234,-2.44500374801121,8.59453582825992,14.889856320635,2.92869758605957,1.31488335132599,1.61785110503034,0.312677102484498,1.99336833628274
9190,JET,20010126,53313,62.1505737304688,0.366027683453639,-2.50797843933105,-2.49085504491285,5.62770513123659,11.4540920833576,2.87655448913574,1.19511443376541,1.58574536094763,0.307332262258951,1.99045359838208
9191,JET,20010126,53320,61.6261901855469,0.352255358278813,-2.47929573059082,-2.4862208098047,8.19444729636339,8.43230446199106,2.87848281860352,1.18737429380417,1.55934393274451,0.305169982652532,1.99558418450441
9192,JET,20010209,53549,61.8607788085938,0.291291208561003,-2.30495071411133,-2.41873822385778,7.72671329068888,15.6744139861385,2.96622657775879,1.40103244781494,1.56984673534883,0.300469663191562,1.99370006298723
9193,JET,20010209,53550,61.3777770996094,0.301352447830555,-2.30596160888672,-2.41424249308631,9.37648738731095,18.0979107153227,2.9636402130127,1.42183327674866,1.55685815968853,0.303402752347308,1.98306597348624
9194,JET,20010220,53717,62.8957824707031,0.385893919152967,-2.49709129333496,-2.4666471987972,6.47792492745159,12.9276787702975,2.9000358581543,1.21849691867828,1.54090962872235,0.322772178572979,1.99402381389435
9199,JET,20010319,54133,60.3703918457031,0.140632116797159,-1.05422306060791,-0.999825784812876,2.36539077758789,6.08290108631883,2.92471122741699,1.25024765729904,1.59544355480874,0.319804113888761,3.04981467747578
9214,JET,20010322,54190,62.3713989257813,0.215340508791736,-1.99172306060791,-2.02957709772539,4.59077453613281,12.636953511535,2.92306709289551,1.25199645757675,1.59136217346155,0.321200936491251,2.7713430739049
9216,JET,20010326,54214,58.8799743652344,0.291049623715775,-1.9741735458374,-1.92089120886923,7.32199859619141,11.8247077771427,3.0086669921875,1.42061519622803,1.57908559436443,0.292694249046537,3.18817257041781
9220,JET,20020321,55211,63.8893737792969,0.401710374014656,-1.96824264526367,-2.2948975610137,3.98758888244629,7.07051876810098,2.93087387084961,1.34663045406342,1.56833485219754,0.319294367775549,1.98278523884011
9221,JET,20020321,55212,60.1219787597656,0.322889429939839,-1.97572898864746,-2.29574557991858,4.40530014038086,9.14310079984518,2.93756484985352,1.31787621974945,1.56638168318542,0.319429204028231,1.98078743584035
9222,JET,20020412,55418,60.6187744140625,0.333388267060878,-1.96913719177246,-2.06343392093331,2.23802185058594,4.27484163456126,2.92388725280762,1.28082847595215,1.55345366633168,0.317711041195491,1.97795127732494
9223,JET,20020412,55419,68.1121826171875,0.237055763295743,-1.18612480163574,-1.22521556581941,2.66741180419922,5.24587626333264,2.94646263122559,1.32961130142212,1.58162363646014,0.31037063170194,1.97831085583211
9224,JET,20020412,55421,68.8987426757813,0.208522004280645,-1.19822216033936,-1.21550437839203,4.15357208251953,6.77352226464565,2.96052551269531,1.32705342769623,1.60637179737695,0.305832712696049,1.97560647413006
9225,JET,20020412,55422,68.8987426757813,0.218263501195065,-1.19756889343262,-1.2255951507054,3.85471534729004,6.71827266784103,2.94647598266602,1.32209348678589,1.57197950584899,0.310806983678167,1.99126580486234
9227,JET,20020412,55426,66.125,0.227212705140771,-1.19957637786865,-1.21691893730386,3.53354454040527,6.47991627066323,2.96655082702637,1.27409034967423,1.61476883403706,0.304682070072724,1.97554482433238
9228,JET,20020412,55427,65.8765869140625,0.214647650555789,-1.19595813751221,-1.22404399830377,3.90249443054199,6.67056043092166,2.94610023498535,1.26945173740387,1.58236733612687,0.31145260438753,1.99592052265357
9229,JET,20020412,55428,65.8765869140625,0.22314827155023,-1.2023868560791,-1.21920510325133,4.02614593505859,6.53943796326198,2.95353507995605,1.2748498916626,1.59192165121978,0.30985797250635,1.99316322595739
9230,JET,20020412,55429,66.125,0.214749619095854,-1.19711971282959,-1.22415065413118,4.03907775878906,6.71667364978064,2.94107246398926,1.27109634876251,1.57570011040439,0.313911142182495,1.98736838580354
9231,JET,20020412,55430,66.125,0.192953832434576,-1.19654941558838,-1.22588157286065,3.96500015258789,6.58720552831954,2.93983268737793,1.26557314395904,1.57418176558157,0.313827150641756,1.98839257532144
9232,JET,20020412,55431,66.3733520507813,0.173869905671895,-1.19525909423828,-1.23756174776746,3.09784126281738,6.42793608327952,2.91116714477539,1.27217489480972,1.58709881160099,0.319173780867332,1.99346543745776
9233,JET,20020412,55432,66.125,0.183815014426417,-1.18143367767334,-1.23182417662465,3.52920341491699,6.55206831423483,2.93263053894043,1.40833508968353,1.57815113672873,0.312067207226074,1.97795046500139
9234,JET,20020412,55433,66.3733520507813,0.195882393458191,-1.18477153778076,-1.22826775070286,3.50423431396484,6.55064995047052,2.93623352050781,1.40764009952545,1.57804057524759,0.311781228401125,1.9742862898206
9235,JET,20020412,55435,65.8765869140625,0.222051017205018,-1.18395328521729,-1.22852166831239,3.45079803466797,6.65389196196703,2.93219375610352,1.40542221069336,1.56927197668052,0.312580253611168,1.95751588067897
9236,JET,20020412,55436,65.8765869140625,0.179955900654506,-1.19611358642578,-1.22868604746333,4.17230606079102,6.94189321947906,2.9362907409668,1.26295930147171,1.57374202907022,0.314376873219345,1.99324960688939
9237,JET,20020509,55774,59.8735961914063,0.411317711171692,-2.472900390625,-2.62703654351103,7.30976486206055,13.8699333989453,3.00876998901367,1.46260380744934,1.59272080021744,0.294690458470632,1.95736239982904
9238,JET,20020509,55780,60.1357727050781,0.404409883262684,-2.47433471679688,-2.64019934185586,10.5510635375977,13.8644449738572,2.99370765686035,1.46719682216644,1.59324850882715,0.29881830316043,1.97822385242531
9239,JET,20020517,55905,58.8799743652344,0.469572300057448,-2.49214744567871,-2.63533911077619,7.22014617919922,13.2791396472908,2.99676513671875,1.45681321620941,1.58754383612102,0.297503831544431,1.97779331290826
9240,JET,20020521,55926,68.1121826171875,0.248682483758458,-1.18777656555176,-1.22915288313936,2.68242645263672,5.2938395445188,2.94850730895996,1.35160088539123,1.60237940456713,0.315193997931258,1.97506003818418
9241,JET,20020521,55931,68.4019775390625,0.177361706131398,-1.16995334625244,-1.23496895205464,3.84139060974121,5.88766621245032,2.93370246887207,1.34098935127258,1.57808545253277,0.317007941590464,1.99339798078932
9242,JET,20020521,55932,68.4019775390625,0.204744319128258,-1.17400074005127,-1.23434333551548,4.26807403564453,5.79135888657827,2.93979072570801,1.34323000907898,1.58870440050593,0.315067926557957,1.9872837800336
9243,JET,20020521,55935,60.8671875,0.306964462342846,-2.00661659240723,-2.43513707736539,4.72958374023438,11.1403667465344,2.93231964111328,1.25919556617737,1.59635690866614,0.314583739869128,1.98800284248121
9244,JET,20020521,55936,62.6473999023438,0.303428365008474,-2.00202941894531,-2.42825026720724,4.8055305480957,11.0964358919507,2.93375396728516,1.25572967529297,1.59271144448997,0.314387354271285,1.98834983711097
9245,JET,20020521,55937,62.1505737304688,0.27707065591199,-2.00384140014648,-2.43219450232378,4.85663604736328,11.4780943656075,2.93106460571289,1.24970656633377,1.59340238177343,0.314554291537441,1.98998705773956
9246,JET,20020521,55938,61.6123962402344,0.286121191824189,-2.0059986114502,-2.43641159608789,5.56292343139648,11.3171612576011,2.92705726623535,1.25242549180984,1.58697065640624,0.31642372937683,1.99185907281126
9247,JET,20020521,55939,61.6123962402344,0.241503326842738,-1.99714946746826,-2.44223650669495,5.09941101074219,11.6149410970003,2.91887855529785,1.24709248542786,1.57617782454135,0.318756767317963,1.99208379567485
9248,JET,20020521,55941,61.1156005859375,0.275659514115292,-1.99907684326172,-2.44439400718631,5.54136657714844,9.94346022481057,2.92008781433105,1.24579149484634,1.57646125737194,0.318435178550551,1.9935851967128
9249,JET,20020521,55942,61.3639831542969,0.254222489597469,-2.00075912475586,-2.44537249130109,7.05607223510742,10.6149395667372,2.91838836669922,1.24567782878876,1.57593793734153,0.319017813494232,1.99058061597681
9250,JET,20020522,55944,61.3639831542969,0.27259149293633,-2.00161170959473,-2.44563388453728,5.58164978027344,10.3405898269531,2.91913604736328,1.2455587387085,1.57910140899131,0.318140594902997,1.99370097893456
9251,JET,20020522,55945,67.1185913085938,0.247893440721969,-1.19544792175293,-1.22648704711427,3.51523399353027,5.15667852494473,2.95160865783691,1.27982091903687,1.59098520420621,0.311539858338617,1.99342858662833
9252,JET,20020522,55946,61.3639831542969,0.313552921694443,-1.99285984039307,-2.44570070879975,6.23141098022461,7.90179700995042,2.91726493835449,1.24087768793106,1.57622883113832,0.318430133763805,1.99609312556719
9253,JET,20020522,55947,61.3639831542969,0.250411696239742,-2.00188064575195,-2.44171435431799,5.67445373535156,11.7694180620854,2.92322540283203,1.25126755237579,1.58105390355143,0.317771229769831,1.99245108092578
9254,JET,20020522,55948,61.6123962402344,0.257344235333009,-1.99966144561768,-2.44393046000666,5.76205825805664,10.5895789432965,2.9194450378418,1.24653869867325,1.57685404430623,0.318776255528769,1.98772074979444
9255,JET,20020522,55949,61.1156005859375,0.25411866481673,-1.99746322631836,-2.44952784168629,5.62566375732422,10.5755276448581,2.91568946838379,1.24433410167694,1.57193123506027,0.319625149068367,1.99228401101132
9256,JET,20020522,55950,61.6123962402344,0.247435974067338,-1.99668598175049,-2.44553786981861,6.02265167236328,10.6087093715874,2.91593551635742,1.24374055862427,1.57264439848959,0.319920492677216,1.98993480650448
9257,JET,20020522,55952,60.3703918457031,0.250479741433104,-2.00155258178711,-2.44842582612771,5.96066665649414,12.1379025822119,2.91812705993652,1.2484438419342,1.5748558079092,0.318816632558553,1.99023652460199
9258,JET,20020522,55953,61.3777770996094,0.239549267927743,-1.99347496032715,-2.44741617408623,6.43877410888672,10.7247857114063,2.91508865356445,1.24321526288986,1.56909042614491,0.320043039992253,1.99455400955768
9259,JET,20020522,55955,60.1219787597656,0.335373572177654,-1.98194408416748,-2.42337460512852,6.62075424194336,11.7657622422771,2.94708824157715,1.33561909198761,1.58317777324453,0.317511939178952,1.98838681068776
9260,JET,20020522,55956,60.6187744140625,0.269702950205308,-1.97960376739502,-2.42704781352795,6.17072296142578,11.9415702263941,2.94035530090332,1.31305968761444,1.56931035431653,0.317349488483666,1.9938837018867
9261,JET,20020522,55962,59.3768005371094,0.384948498757163,-2.47379112243652,-2.63197775291445,8.82421875,13.6549024368662,2.99522972106934,1.44840121269226,1.58825179748892,0.297974894976511,1.98933930888076
9262,JET,20020522,55965,60.1219787597656,0.301150097641738,-2.46866798400879,-2.630416608027,9.05899047851562,15.4637597305956,2.99515724182129,1.43104016780853,1.57915748799142,0.29758330281948,1.99021563044427
9263,JET,20020522,55966,60.3703918457031,0.295543016960489,-2.4619026184082,-2.63379138664814,7.70219421386719,15.3013751586136,2.99507713317871,1.42968773841858,1.57884675979819,0.297330321986546,1.99080329699918
9264,JET,20020522,55967,60.1357727050781,0.290355020523805,-2.4593391418457,-2.63603928814598,8.9510498046875,15.4690556577403,2.99461555480957,1.42976307868957,1.57852752286501,0.297657831865537,1.97924165168863
9265,JET,20020523,55973,61.3639831542969,0.333680496514467,-1.9818754196167,-2.42539051296158,5.4193229675293,10.2264770120404,2.94330024719238,1.32129919528961,1.57731072146165,0.317005068247343,1.99250045325842
9266,JET,20020523,55974,60.6325988769531,0.248983587834985,-1.96853542327881,-2.43401544873345,5.68764114379883,10.615829740031,2.93447113037109,1.30615359544754,1.5620156328934,0.318847545804117,1.99118724212458
9267,JET,20020523,55981,61.8607788085938,0.304320844849796,-2.00193977355957,-1.80082923550521,6.80039596557617,11.7803074770564,2.9455451965332,1.25763440132141,1.6205888100111,0.308760880235496,1.99120301662849
9268,JET,20020523,55985,64.3861694335938,0.34643868669618,-2.01131820678711,-2.43389355311994,4.40652465820313,9.6343637970946,2.93021774291992,1.24679088592529,1.61001679399687,0.312206189244395,1.98727526143046
9269,JET,20020523,55986,63.1441955566406,0.29816694639572,-2.01001739501953,-1.80664515454505,6.04739379882813,10.0421403502175,2.9371395111084,1.23859757184982,1.6360857366674,0.307036398951365,1.9939774183496
9276,JET,20020524,56016,63.6409912109375,0.324911208506894,-2.48309898376465,-2.4349073401033,5.38800430297852,9.47247081427295,2.9362621307373,1.1974093914032,1.54248619295986,0.302266495696182,1.98663220839578
9277,JET,20020524,56019,63.6409912109375,0.326743130233621,-2.48165512084961,-2.43702175926949,6.42710113525391,9.73114963133201,2.93597793579102,1.19915354251862,1.54474036308649,0.302077148154548,1.99186504660581
9280,JET,20020525,56041,63.1441955566406,0.411316267100894,-2.4785041809082,-2.62121734579287,7.94078063964844,13.5509758507669,3.00288391113281,1.45252346992493,1.59487576042449,0.295870872015326,1.98540537948672
9281,JET,20020525,56043,61.8607788085938,0.441840886256716,-2.47129440307617,-2.62686726214876,9.11227416992188,12.6148529645421,3.00124168395996,1.44728600978851,1.5899685711344,0.296455070336158,1.99065055681084
9282,JET,20020525,56044,61.8607788085938,0.399509467482356,-2.4690113067627,-2.62675973766433,8.68843841552734,13.9611164241091,3.00161170959473,1.45455193519592,1.59142505637333,0.297052377536126,1.99180322314606
9283,JET,20020525,56045,60.8671875,0.379095411672709,-2.46441841125488,-2.63061327168195,9.48394012451172,13.9292002379474,2.99641418457031,1.44905352592468,1.58054545396734,0.29852181817256,1.98934928521805
9284,JET,20020525,56047,61.9849853515625,0.35483391006409,-2.46732139587402,-2.62756592994366,9.97272491455078,15.0780009957251,3.00242042541504,1.44297802448273,1.58904513939431,0.296080127918035,1.99149470482484
9285,JET,20020525,56056,61.6261901855469,0.384040834740093,-2.18674278259277,-2.35989270457669,8.13602447509766,12.4069610476721,2.98078155517578,1.54951369762421,1.63373292111493,0.302842100144101,1.99021004177183
9286,JET,20020527,56064,59.6251831054688,0.372386825559641,-2.19241523742676,-2.35940375127925,7.57285690307617,13.0320968449368,2.99316024780273,1.55176103115082,1.64527474427019,0.288258995538076,1.99210957947834
9287,JET,20020527,56065,59.8735961914063,0.389584673206229,-2.19305419921875,-2.35363350620177,8.24639129638672,12.9253798333861,2.9989128112793,1.55535769462585,1.64632905103188,0.287684904985963,1.98863592310463
9288,JET,20020527,56074,60.6187744140625,0.324754325354608,-2.18971824645996,-2.34928882344231,7.97785186767578,13.2187363929483,3.00114250183105,1.54381692409515,1.65958003266577,0.285231365465855,1.99259448526852
9289,JET,20020527,56078,60.1219787597656,0.284038438873202,-2.18370628356934,-2.35273751176935,7.89226150512695,13.7395143448567,2.99812316894531,1.48008573055267,1.63470219351411,0.287239006794412,1.99457192918449
9290,JET,20020527,56083,61.12939453125,0.398926037827351,-2.48215484619141,-2.63399927165119,10.2582397460938,14.6506721803142,2.99582672119141,1.54755556583404,1.64192539375132,0.287829412304001,1.96153846925356
9291,JET,20020528,56102,61.1156005859375,0.242164296289131,-1.99996376037598,-2.42343986959977,5.64913940429688,13.4526996808555,2.94526863098145,1.25919628143311,1.57662572098742,0.316102058777245,1.98455711213053
9292,JET,20020528,56104,61.6123962402344,0.263854733370036,-2.00991058349609,-2.42536529860853,4.88972473144531,11.9126785534878,2.94353103637695,1.25829005241394,1.58516642984642,0.315464588552271,1.98138072383252
9293,JET,20020529,56110,60.6187744140625,0.42271136286533,-2.46932983398438,-2.63400733352255,8.34336853027344,12.3997932855283,2.99723434448242,1.44293785095215,1.59140703428657,0.296741501603015,1.99046420386498
9294,JET,20020529,56113,61.3639831542969,0.405652448548964,-2.46789360046387,-2.63264711869237,8.50118255615234,13.2955055802092,2.99847412109375,1.4459822177887,1.58797720921101,0.297047066786085,1.9923188254437
9295,JET,20020529,56120,60.8671875,0.384156806232806,-2.46516227722168,-2.63237941058183,8.19562530517578,13.0191384424139,2.99729919433594,1.44192254543304,1.58454773842073,0.29733771018831,1.92423344479962
9296,JET,20020530,56137,60.3703918457031,0.391160907686689,-2.49912071228027,-2.69504363911106,7.46146392822266,12.4036262953275,2.92839050292969,1.43261504173279,1.59498762809553,0.320648464163822,1.9859885728293
9297,JET,20020530,56139,60.6187744140625,0.442201547582216,-2.50439262390137,-2.69641095192589,8.54293060302734,12.4699217899162,2.92798805236816,1.43442583084106,1.58475896213393,0.321290214571083,1.98834512827331
9298,JET,20020530,56143,60.6187744140625,0.406343985841769,-2.50492477416992,-2.69225471615252,7.4240608215332,12.8409624812914,2.93160438537598,1.42298018932343,1.58738464540313,0.319598504884499,1.99127284771373
9299,JET,20020530,56144,60.8671875,0.399979494142741,-2.50403022766113,-2.69728206598218,8.41184234619141,13.5708560583881,2.92770385742188,1.42569363117218,1.58502684322746,0.320402160316881,1.9892725353181
9301,JET,20020916,56603,64.8829956054688,0.277298666041876,-1.49080181121826,-1.81404928007664,4.06844711303711,7.22976522820861,2.93060874938965,1.25327527523041,1.58275388658359,0.313877862625229,1.98611067304045
9302,JET,20020916,56605,64.8829956054688,0.262782186205403,-1.50405788421631,-1.80987495485852,4.63606262207031,8.45691100877634,2.93656158447266,1.25759917497635,1.58414580236962,0.312184496792682,1.98499394084906
9303,JET,20020916,56606,64.8829956054688,0.403305727032224,-1.80512046813965,-1.81401931450534,4.22871780395508,6.98481587321856,2.9011402130127,1.24985009431839,1.63800902960841,0.313032656096218,1.98267796857711
9304,JET,20020916,56610,65.3797607421875,0.310072266306954,-1.49967861175537,-1.80332044492828,4.30213928222656,7.05260581108489,2.94696426391602,1.26282644271851,1.60276029689392,0.309068170903616,1.9938563318441
9305,JET,20020916,56611,64.3861694335938,0.332416169960989,-2.00766944885254,-2.43806284910202,4.65865707397461,9.97472504908885,2.9305305480957,1.24838119745254,1.5882200085556,0.313082433310207,1.98903405586631
9306,JET,20020916,56612,64.3861694335938,0.266394147646354,-1.98776817321777,-2.43909389560475,4.35135269165039,11.7689839962704,2.93142127990723,1.24382710456848,1.59056445317797,0.312196753353646,1.96891372984536
9307,JET,20020925,56734,64.8829956054688,0.207629154099463,-1.20007038116455,-1.20785169580678,3.52379608154297,6.03515261694344,2.92810249328613,1.25493806600571,1.59190676882755,0.319455056739682,1.98906073092648
9308,JET,20020925,56738,64.3861694335938,0.224234354591205,-1.40119552612305,-1.4298990508665,4.640380859375,8.78276377247036,2.91990280151367,1.265056848526,1.56315694286271,0.32643807116215,1.99438706710975
9309,JET,20020925,56739,66.3733520507813,0.212962320693951,-1.41130542755127,-1.43384953536836,4.44773483276367,7.7409944342569,2.91049957275391,1.255011677742,1.56651152982697,0.326091294546312,1.99504377593938
9310,JET,20020925,56740,66.3733520507813,0.192379843419267,-1.42068576812744,-1.42971859156605,4.29986190795898,10.913953335606,2.91902351379395,1.27233409881592,1.58403344873898,0.324028413319576,1.99316573199078
9311,JET,20020925,56753,67.366943359375,0.264287395668204,-1.00023555755615,-1.00571411946003,3.11212539672852,3.96904810899508,2.91728782653809,1.27660262584686,1.59133060191309,0.320171180236142,1.99508153239797
9312,JET,20020925,56755,61.8607788085938,0.376017889389111,-1.99853229522705,-2.01755087910992,6.26399230957031,9.89274392891389,2.92564582824707,1.25720191001892,1.60154727999947,0.320426258621105,1.9922470203734
9313,JET,20021007,56917,67.6153564453125,0.23634065883306,-1.18718242645264,-1.22144282500245,2.16816711425781,3.39666483430233,2.88582611083984,1.242267370224,1.5260449032752,0.335217719186466,1.9699497654065
9314,JET,20021026,57362,68.1121826171875,0.372245335422869,-1.30369186401367,-1.32231013000746,3.95392036437988,4.05880524801355,2.90765953063965,1.26266038417816,1.57331410111007,0.326860128662712,1.98412007177878
9315,JET,20021026,57363,68.1121826171875,0.337410241417523,-1.301025390625,-1.32278872399086,3.8948802947998,4.51220352090531,2.90905952453613,1.25774502754211,1.55651377359388,0.327784170444897,1.98726699714607
9316,JET,20021026,57364,67.1185913085938,0.338453237010886,-1.30291366577148,-1.31692329407521,3.70509910583496,4.50499933081156,2.91881370544434,1.26470875740051,1.57360563935491,0.324174230003417,1.98755890899279
9317,JET,20021026,57365,67.86376953125,0.276271470403534,-1.29456996917725,-1.32725230755659,4.22234725952148,4.37545472177729,2.8973217010498,1.25273770093918,1.55574609411923,0.330290165243501,1.99253395805512
9318,JET,20030117,57778,63.1441955566406,0.355681635919267,-1.98362827301025,-1.67053601966373,5.46916580200195,8.69718310234689,2.91770935058594,1.23263365030289,1.60811156577823,0.325254948618048,2.11576649935737
9319,JET,20030117,57779,63.1441955566406,0.525109582316348,-1.97313594818115,-1.68154218777987,3.28620719909668,2.99662677935715,2.89639282226563,1.21025037765503,1.57864991823296,0.332927297463886,2.10501812808341
9320,JET,20030117,57780,63.6409912109375,0.447729111380581,-1.27414321899414,-1.08015651383254,2.04819869995117,1.46946006171476,2.89062690734863,1.21306800842285,1.55933279971488,0.336415496716971,2
9321,JET,20030117,57782,67.6153564453125,0.47206394982123,-1.26967620849609,-1.08696743048692,2.69463729858398,1.70381708934931,2.89848709106445,1.2226305603981,1.57280511729373,0.332513348538669,2.10006483216787
9322,JET,20030117,57785,57.6380004882813,0.420747115952696,-2.98744010925293,-2.53992954400951,5.55055618286133,12.8266504860548,2.91884803771973,1.22071546316147,1.6070216976292,0.325535656991329,2.07597639075735
9335,JET,20030122,57864,59.1283874511719,0.440659402255408,-2.4858283996582,-2.65320612079578,8.90705871582031,13.1872883358596,2.99028396606445,1.45780396461487,1.60765611324454,0.295494396499487,1.99990040150998
9336,JET,20030122,57865,61.1156005859375,0.409556599636368,-2.48337554931641,-2.64846430499944,8.39793395996094,15.1379552725391,2.99533081054688,1.46143484115601,1.6176827220618,0.293593226253425,2.00476946111403
9337,JET,20030122,57866,60.6187744140625,0.400115585885462,-2.48351669311523,-2.6509328251184,8.23561859130859,15.221314607573,2.9924201965332,1.46336376667023,1.61960880774684,0.293998463882108,2.00564396974627
9338,JET,20030122,57867,60.3703918457031,0.393350261330916,-2.48287963867188,-2.64704255416703,9.60523223876953,15.930260850387,2.99516296386719,1.46327447891235,1.61685489132962,0.293578634527309,1.99950094842383
9339,JET,20030122,57869,60.3703918457031,0.364549138679179,-2.48378753662109,-2.65020063148077,9.07561492919922,15.7627755211874,2.99385833740234,1.45539104938507,1.60981754097564,0.294515826518625,2.00126511105289
9340,JET,20030122,57870,61.1156005859375,0.3848032544673,-2.47897720336914,-2.64716052575096,7.91530609130859,15.201537827487,2.99472236633301,1.45510447025299,1.61463427331877,0.293581702276993,2.01010364443485
9341,JET,20030122,57871,60.3703918457031,0.402033054288758,-2.48801612854004,-2.64698288179755,6.42923736572266,14.6011643385995,2.99547576904297,1.457359790802,1.61852418534484,0.293139188228912,2.01703833756575
9342,JET,20030122,57872,60.1357727050781,0.430985932905675,-2.4886417388916,-2.65119236575812,8.98677062988281,14.4263486733284,2.99169921875,1.46219706535339,1.61813061403159,0.293968901736168,2.00944939267321
9343,JET,20030123,57877,60.1357727050781,0.432409624335027,-2.51184844970703,-2.70481090905303,8.4501953125,13.3357794164799,2.9300537109375,1.41653978824616,1.60194184468633,0.314800819168437,2.00029180823923
9345,JET,20030123,57885,60.6187744140625,0.366162410437306,-2.50339889526367,-2.7014849345983,7.39650726318359,14.5767163442805,2.93444061279297,1.40726804733276,1.60208192513943,0.313457268546083,1.96476246764208
9346,JET,20030123,57886,61.8607788085938,0.391278628590762,-2.50015068054199,-2.70465128317853,9.38101196289062,15.3068827335046,2.93286514282227,1.41483974456787,1.60378601857067,0.313433151282528,2.00784478006396
9347,JET,20030123,57888,60.6187744140625,0.364504859878629,-2.50614356994629,-2.70776694566254,7.9281005859375,15.9625035788428,2.92943000793457,1.41405200958252,1.59754053941002,0.315395233305011,2.00301141467714
9348,JET,20030123,57889,61.8607788085938,0.41721193301294,-2.5063419342041,-2.70141787291773,8.93109893798828,15.4848598733556,2.9355354309082,1.4233478307724,1.60343855264398,0.314014798585636,2.00269563642025
9349,JET,20030123,57890,59.6251831054688,0.419385488799054,-2.50773239135742,-2.70557908892907,8.54780578613281,14.5460757870793,2.93017959594727,1.41909658908844,1.59592405212613,0.315847989074751,2.00260481166712
9350,JET,20030123,57894,61.1156005859375,0.336375805323375,-2.50571632385254,-2.70732353770522,8.12364196777344,16.4604970667638,2.92889213562012,1.40874350070953,1.59384421943753,0.315508832801613,2.00258440975043
9351,JET,20030123,57895,61.3639831542969,0.296702914429057,-2.50222396850586,-2.71221868014714,7.64127731323242,16.3332145346232,2.92336654663086,1.40147829055786,1.59041026661099,0.316864804663186,2.00543229518685
9352,JET,20030123,57896,60.4117736816406,0.362531165278746,-2.51710510253906,-2.70298078860184,6.88911437988281,16.7196952493888,2.93497848510742,1.4224112033844,1.60995814192059,0.31331404091829,2.00870862694754
9353,JET,20030123,57897,60.6187744140625,0.336822811685038,-2.50521659851074,-2.70483173475552,6.37468338012695,17.0107497484861,2.93297004699707,1.41537129878998,1.60469863295749,0.313335611596642,2.00904474548576
9355,JET,20030129,57987,61.3639831542969,0.393471317240137,-2.50298500061035,-2.70172370638849,9.26534271240234,16.1344134694867,2.93538284301758,1.42507970333099,1.60431473357655,0.314046066695863,1.989492640273
9356,JET,20030129,57989,61.3777770996094,0.367549583136286,-2.47124099731445,-2.64599552635383,9.45517730712891,16.1238036415267,2.99555015563965,1.45666182041168,1.62395970517098,0.292283151367276,2.00545616874447
9359,JET,20030129,58009,60.6325988769531,0.381587491970909,-2.50366020202637,-2.263509306153,9.34503936767578,14.6138202139409,2.9401912689209,1.41083085536957,1.62017667775181,0.310284189432808,2.00208660657125
9360,JET,20030129,58012,61.3639831542969,0.394696166883987,-2.49343681335449,-2.26292458188867,9.42337036132813,14.1002144803649,2.93815422058105,1.40092420578003,1.60894030674777,0.310646348216321,1.95150819891778
9361,JET,20030129,58013,62.1505737304688,0.376893138366006,-2.49212837219238,-2.26312367751792,8.49420928955078,13.766371831815,2.93768119812012,1.3995121717453,1.61063675053004,0.311047785631782,1.9701107400401
9362,JET,20030129,58014,62.1505737304688,0.396565302141026,-2.49459075927734,-2.26084127316817,8.78313446044922,13.418976899669,2.93935585021973,1.40119576454163,1.60948870563946,0.31075474232497,1.97338926888169
9363,JET,20030130,58022,60.3703918457031,0.342520350213048,-2.48126983642578,-2.64835516455743,10.810173034668,17.5608745226245,2.99453544616699,1.48849868774414,1.66904527067046,0.282665148194362,2.00306499494799
9364,JET,20030130,58025,60.3703918457031,0.358829289123699,-2.48525238037109,-2.64999194801886,10.9966354370117,16.7474377376791,2.99415588378906,1.5547970533371,1.69872786214065,0.282576442858963,1.99947568360504
9365,JET,20030130,58029,60.3703918457031,0.340810763329634,-2.48396873474121,-2.64690061809184,10.9787368774414,16.8633969648614,2.99483299255371,1.44594264030456,1.64496251134405,0.282790074865221,1.98479793599288
9366,JET,20030130,58031,61.3639831542969,0.299746605964496,-2.46875953674316,-2.64660528265757,11.4481582641602,16.7722264664382,2.99620819091797,1.53909254074097,1.70952291286169,0.282323047777164,1.97934621787959
9367,JET,20030130,58036,60.8671875,0.217048451490771,-1.89020252227783,-2.66256739131688,7.30545425415039,15.029692333077,2.97891807556152,1.53620421886444,1.65883900914519,0.288145620692901,1.97441370464925
9368,JET,20030205,58108,57.8450012207031,0.32279220736792,-2.50545883178711,-3.5047937066115,7.63218688964844,14.590503157235,2.91700553894043,1.40712356567383,1.5821494223698,0.318609004734688,1.98826994712201
9369,JET,20030205,58111,58.4245910644531,0.298452123052289,-2.50706481933594,-3.50217446372996,6.80096817016602,16.5272736568682,2.9184455871582,1.4107323884964,1.58524148293832,0.318283504541516,1.98217441982532
9370,JET,20030205,58112,58.0933837890625,0.294551014839128,-2.5119571685791,-3.4972772946923,6.61307525634766,17.2032048676175,2.92281150817871,1.41627562046051,1.59440061740733,0.316809797734918,1.96695228532122
9371,JET,20030205,58113,58.0933837890625,0.315315234408355,-2.50801658630371,-3.4970670157942,6.32927322387695,16.4212081143976,2.92535400390625,1.40545177459717,1.58516401162656,0.315736884245446,1.97165630718593
9372,JET,20030205,58114,57.8450012207031,0.249499790581067,-2.50168991088867,-3.51291355842319,7.32620239257813,17.2987735391505,2.91326522827148,1.40519309043884,1.57551429901337,0.320933258696208,1.99136067535028
9373,JET,20030206,58125,62.1505737304688,0.28028220991813,-2.00559997558594,-2.44956409312808,5.14838409423828,11.9030898126754,2.9283618927002,1.25372087955475,1.61310616071888,0.310213931433819,1.99853462106821
9374,JET,20030206,58126,62.1505737304688,0.257115687843142,-2.00724792480469,-2.45019138986646,5.1180419921875,13.2743355776736,2.9277458190918,1.25757896900177,1.61363297637325,0.31068198193855,1.99755855139825
9375,JET,20030206,58127,62.3989868164063,0.292001532073089,-2.00319862365723,-2.44715404893432,5.16814804077148,11.6812896534702,2.9310474395752,1.25765597820282,1.61625083461684,0.310131917931324,1.99754638545722
9376,JET,20030206,58128,61.8607788085938,0.256707132795781,-2.00440788269043,-2.45638063293404,5.4865837097168,13.1947322273453,2.92056655883789,1.25244617462158,1.61111354090086,0.311290423701916,2.00136371567615
9377,JET,20030206,58129,62.1505737304688,0.237214125004807,-2.00144577026367,-2.45606728492077,5.22513961791992,13.3910872189171,2.9211368560791,1.25354343652725,1.60296657806646,0.313417350248153,2.00076077566289
9378,JET,20030206,58130,61.8607788085938,0.218205564726434,-1.99790859222412,-2.46265927266726,4.95574951171875,13.4949996913106,2.91252899169922,1.24595004320145,1.59314432133658,0.314843641535975,2.00147768281288
9379,JET,20030206,58132,62.3989868164063,0.220909359268537,-2.0062427520752,-2.46300591827567,4.85285949707031,13.3064448831198,2.91277694702148,1.2471764087677,1.59520456108128,0.315035386547612,2.00210416505784
9380,JET,20030206,58134,62.1505737304688,0.218909165690738,-2.00017738342285,-2.45948819513076,5.08320617675781,13.3778208161002,2.91615104675293,1.24860799312592,1.5939172426694,0.314638665762315,1.99930527498382
9381,JET,20030206,58135,62.3989868164063,0.37111474069751,-2.49969100952148,-2.44487826439088,7.07963562011719,13.7720674138858,2.93437385559082,1.2527489066124,1.62923021059119,0.306862492744354,1.97138880549373
9382,JET,20030206,58137,62.1505737304688,0.373341689325503,-2.49757385253906,-2.45047757213635,6.75920104980469,13.3296325773538,2.92660903930664,1.25109022855759,1.6195880123713,0.31007142270589,1.99736621276334
9389,JET,20030219,58390,66.125,0.397656590215746,-1.27491664886475,-1.09025403394166,1.43857192993164,1.43366524249615,2.88706970214844,1.20788723230362,1.54715184338192,0.335219825376439,2.01835695902524
9390,JET,20030219,58391,62.6473999023438,0.40510596377,-1.9855318069458,-1.67628171737604,5.53483963012695,7.38531050335109,2.91177368164063,1.22571378946304,1.59599041929835,0.327134896450169,1.99788012381975
9391,JET,20030219,58392,58.8799743652344,0.483466989241561,-2.34049224853516,-2.14992449064559,2.53168487548828,4.42535146023801,2.88618087768555,1.20432633161545,1.54941593419707,0.3381601120811,2.01443661618196
9392,JET,20030219,58392,62.8957824707031,0.377613325650638,-2.34481811523438,-2.12910410017363,5.29895782470703,11.4027121445599,2.91211891174316,1.22711151838303,1.59491234931333,0.327501868300073,2.00260859874251
9393,JET,20030219,58392,66.125,0.419460725424866,-2.32734298706055,-2.13912608476263,2.38968276977539,4.733491282462,2.89923286437988,1.20671254396439,1.57179520893618,0.331579149926351,2.05255720886537
9394,JET,20030219,58393,65.13134765625,0.446274490571983,-1.98087882995605,-1.68617531287981,1.80508804321289,3.12568623234751,2.89382171630859,1.20763784646988,1.56491261264026,0.333791909548932,2.04084744776632
9395,JET,20030219,58394,58.8799743652344,0.439272822603077,-2.33594131469727,-1.98624341221197,2.49601554870605,4.77710281080169,2.89129829406738,1.20317143201828,1.562624266274,0.334553587272813,2.02456102703322
9396,JET,20030219,58394,62.1505737304688,0.352203479002237,-2.34320831298828,-1.96736865330312,5.28474426269531,11.5876942534169,2.91326332092285,1.22470670938492,1.59273676756795,0.326878909040199,2.0102218334398
9397,JET,20030219,58394,63.6409912109375,0.437251801385985,-2.3455638885498,-1.96290990875679,5.76499557495117,10.5470557624958,2.92070770263672,1.2300443649292,1.60594680109057,0.324010378164321,2.00247135614912
9398,JET,20030219,58394,66.6217651367188,0.458295785753661,-2.33111572265625,-1.97291482071912,2.58950042724609,4.53342452520706,2.90260696411133,1.20977419614792,1.58157934233514,0.330480246444675,2.08571985139845
9399,JET,20030219,58395,51.6349792480469,0.524914185107455,-2.75034713745117,-2.36704112420358,3.39451599121094,5.75285997774402,2.89212989807129,1.19969892501831,1.55896589326103,0.33622747738093,2.00282340290211
9400,JET,20030219,58395,55.1125793457031,0.36118306956576,-2.74908638000488,-2.33824623451933,6.00155639648438,15.5430895125489,2.92080879211426,1.22329849004746,1.60822135130045,0.324998122565457,2.00908524543158
9401,JET,20030219,58395,58.8799743652344,0.476129566095633,-2.73579978942871,-2.35416800256492,3.32598686218262,6.21894158781753,2.90312194824219,1.2029715180397,1.57841295393076,0.331322532705417,2.03897178173249
9402,JET,20030219,58396,66.125,0.398267434498429,-1.99165344238281,-1.66889629232438,4.62485504150391,7.91966286232892,2.92038154602051,1.23208713531494,1.60920350992191,0.323653715153799,2.01514874055977
9403,JET,20030219,58400,53.1253967285156,0.382355369270274,-2.7588996887207,-2.34848058322838,6.39598083496094,14.6988439808505,2.9061450958252,1.21768867969513,1.58382942642889,0.330047215350961,2.00636389536324
9404,JET,20030219,58400,54.8641967773438,0.400060051101206,-2.7496223449707,-2.33767037496302,6.69321060180664,15.1262674379858,2.92097282409668,1.22549134492874,1.60645216961888,0.325114223233042,2.01005227862115
9405,JET,20030219,58400,59.6251831054688,0.487420006928129,-2.73604393005371,-2.35287554596061,3.5235595703125,6.09427083865091,2.90140533447266,1.20253074169159,1.57868265131895,0.331463503140999,2.04167881371751
9406,JET,20030219,58401,64.3861694335938,0.499566224562616,-1.97920513153076,-1.68258895901774,2.59754753112793,3.21771455525471,2.89777183532715,1.20724111795425,1.56846756402077,0.331548207128832,2.0267799324851
9407,JET,20030219,58402,63.8893737792969,0.446218205991684,-2.34812545776367,-1.96190508910306,6.24661254882812,11.3954560772146,2.92021942138672,1.23378014564514,1.60927267512923,0.324054594405357,2.0091308121708
9409,JET,20030219,58403,55.3609924316406,0.38499133103723,-2.99492835998535,-2.56058204098269,6.58049774169922,14.8971053920492,2.90132522583008,1.21492141485214,1.57298684465553,0.332405678673091,2.01104093426064
9410,JET,20030219,58403,60.3703918457031,0.561581595944967,-2.977294921875,-2.55668414828729,3.34175300598145,5.27401791213844,2.9000358581543,1.20195370912552,1.5753337767831,0.331766860424583,2.04616082466284
9412,JET,20030219,58404,60.6187744140625,0.551393462828176,-2.97928619384766,-2.55931601114444,2.86803817749023,5.14171500550918,2.89787864685059,1.20196515321732,1.57344677329733,0.332987455596999,2.06794279532548
9414,JET,20030310,58727,60.1219787597656,0.414259550711864,-2.50412750244141,-2.45220710458606,8.59189605712891,12.4369641114592,2.92441368103027,1.40634047985077,1.60080493790638,0.315116567258118,1.99948435469879
9415,JET,20030310,58730,61.1156005859375,0.286933286172505,-2.4942512512207,-2.4560103765417,8.35149383544922,15.0373613875373,2.91895866394043,1.3979229927063,1.58605133883126,0.318145879277955,2.00072826486598
9417,JET,20030314,58817,67.1185913085938,0.194769839059652,-1.19682121276855,-1.2439140927773,3.97057342529297,6.70423052761676,2.92734527587891,1.41154050827026,1.60141764845683,0.311213652581621,2.01870821407195
9418,JET,20030314,58818,65.8351440429688,0.205959080550936,-1.19498825073242,-1.24318869023129,4.50526809692383,6.36535923776238,2.92526817321777,1.41216802597046,1.5925890481194,0.313476448522935,2.0121740325405
9419,JET,20030314,58819,66.6217651367188,0.212372984534319,-1.19543743133545,-1.24543997324946,4.8081169128418,6.51463395366282,2.92050170898438,1.42286717891693,1.58103591115259,0.316515520015883,2.01029192019287
9420,JET,20030319,58886,61.9021911621094,0.331266750995503,-2.79437065124512,-2.80905269216661,4.79397964477539,12.6664282236008,2.8962345123291,1.2419165968895,1.5796901530586,0.327785171960294,2.12102900129816
9421,JET,20030319,58889,60.1219787597656,0.392132758737957,-2.79073143005371,-2.8125513240588,4.35271072387695,9.347523324661,2.8913631439209,1.2363315820694,1.57112904642194,0.329662208829433,2.0676500256189
9422,JET,20030319,58891,61.9021911621094,0.399367816047041,-2.78524398803711,-2.81197033864783,4.80581665039062,9.86085763218971,2.89317321777344,1.23755663633347,1.57326783753831,0.328968438665239,2.04130692697386
9423,JET,20030319,58893,60.6187744140625,0.375371486118879,-2.79238319396973,-2.81217476797853,3.96462249755859,10.6718895866605,2.89446258544922,1.23888283967972,1.57409875553658,0.328926342245171,2
9424,JET,20030321,58958,71.6311645507813,0.382438427733664,-0.671893119812012,-0.905361401425256,1.33100509643555,0.66650679527977,2.90373420715332,1.38983654975891,1.52252360467499,0.314773846175068,1.99567608866305
9425,JET,20030321,58969,65.628173828125,0.387352783571106,-1.16077613830566,-1.84488574343313,2.88400840759277,3.11607858378862,2.92788314819336,1.39346444606781,1.56053721156163,0.312573857336615,1.97959285422029
9426,JET,20030321,58969,72.8731689453125,0.396506584374236,-1.14638233184814,-1.8516498660702,2.2718563079834,2.30612591688558,2.91806411743164,1.38682866096497,1.54506864475712,0.31491542617651,2.00390776448072
9431,JET,20030324,58982,56.8927917480469,0.452283704050523,-3.00248527526855,-2.55450685692219,5.27690124511719,12.9095650240635,2.90917778015137,1.22054070234299,1.6014143855899,0.327499578756752,2.11444853647865
9432,JET,20030324,58983,58.1347961425781,0.410456008497211,-2.99139595031738,-2.54698399550374,7.81208801269531,15.8420791470387,2.91515922546387,1.22443187236786,1.60129629956768,0.32642865041027,2.04718806532264
9433,JET,20030325,59020,61.1156005859375,0.275894852566083,-2.48665809631348,-2.45985523747773,8.22886657714844,15.1908557593445,2.91815567016602,1.38629913330078,1.5762788622145,0.317203981296169,1.99687750970561
9437,JET,20030327,59051,59.5838012695313,0.294375802430093,-2.00990104675293,-2.23731721295674,5.44274520874023,12.6332528053924,2.92863464355469,1.41466784477234,1.59273013401758,0.314460828370612,2.13762449513471
9438,JET,20030327,59053,58.5901794433594,0.250922164229606,-2.00010681152344,-2.24187275894398,6.32376098632812,12.7715874280802,2.92137908935547,1.40144217014313,1.5768718727324,0.317114649357161,1.97225057480404
9439,JET,20030327,59055,59.0869750976563,0.259878552830293,-1.99475383758545,-2.24086726438272,6.46062850952148,12.6782860104015,2.92450141906738,1.40048718452454,1.58655662049513,0.314750362131925,1.99040982707034
9440,JET,20030327,59060,59.5838012695313,0.226793683295185,-2.00482940673828,-3.20442934924873,5.34594345092773,14.6829846060333,2.91458129882813,1.41338992118835,1.56471045697101,0.32021098371813,2.01627806935124
9441,JET,20030327,59061,59.5838012695313,0.216709851483289,-2.01685333251953,-3.20695716385227,5.51023483276367,16.0722588782425,2.91359901428223,1.41414594650269,1.5637438369844,0.319953979045081,2.00648546159445
9442,JET,20030327,59063,58.5901794433594,0.213684679596326,-2.01245880126953,-3.21361917862622,5.00724792480469,16.6193919053749,2.91043663024902,1.42282009124756,1.56208402919767,0.32141817948276,2.02100515058644
9443,JET,20030327,59064,57.6380004882813,0.200880196070329,-2.00774574279785,-3.218168498361,5.49149322509766,16.8325101023851,2.90349960327148,1.42275404930115,1.55193437527831,0.324755135422757,2.00817987545057
9444,JET,20030331,59112,59.3768005371094,0.353663278039361,-2.52497863769531,-2.70940964108232,8.11328125,13.7429353961344,2.92693710327148,1.39695227146149,1.58798844212047,0.315842411951846,2.03550289556847
9445,JET,20030331,59125,62.1505737304688,0.307292695444851,-2.52828979492188,-2.70126587773792,6.70358657836914,16.0250567565219,2.93485832214355,1.39803910255432,1.60276506785981,0.31209678100696,1.99117426263235
9446,JET,20030331,59126,55.1263732910156,0.387342467688935,-3.03584861755371,-2.70283584601698,9.23694610595703,16.4565358982552,2.93501472473145,1.39542078971863,1.60499110398764,0.313099455222372,2.00264430307617
9450,JET,20030403,59196,65.8765869140625,0.175394027099074,-1.10728359222412,-1.24039729030566,3.20700454711914,6.24422633032317,2.93891525268555,1.42016518115997,1.60525191038036,0.309433405718187,1.97736999699301
9451,JET,20030403,59196,72.624755859375,0.218421403618791,-1.10433959960938,-1.24268032848679,3.23016166687012,5.10769609277126,2.93482208251953,1.41157305240631,1.59016036606194,0.309269658905096,1.97957786931568
9452,JET,20030403,59197,66.125,0.188503684656102,-1.11077785491943,-1.2445838276571,3.77714729309082,6.41864845235674,2.93085289001465,1.41528081893921,1.57210990274938,0.31339486701579,1.97479780480414
9453,JET,20030403,59197,70.6375732421875,0.232419004656438,-1.10733795166016,-1.24906951025412,3.77144622802734,5.28159514161964,2.92162704467773,1.41713416576385,1.57216271999841,0.314117487305569,1.97960075344883
9454,JET,20030403,59199,66.125,0.233786624973806,-1.11798667907715,-1.24085364094795,3.82862091064453,6.3611740175016,2.93587112426758,1.43478083610535,1.5861138244502,0.311410259075571,1.97362082519945
9455,JET,20030403,59199,73.3699951171875,0.254519794684417,-1.11647415161133,-1.24206496770075,3.62815856933594,5.13681355201435,2.9343147277832,1.42591953277588,1.58542849392085,0.310369169527816,1.97864758579261
9456,JET,20030403,59202,64.8829956054688,0.235853082675586,-1.11797332763672,-1.23710323614692,3.87651443481445,6.24967773175068,2.94175720214844,1.44516623020172,1.60118201391358,0.30949609940298,1.99926307620363
9457,JET,20030403,59202,73.12158203125,0.274494956193704,-1.10809135437012,-1.24133299751119,3.71275329589844,4.74832223150182,2.93826675415039,1.43046486377716,1.59189610661062,0.309567263313552,2.00923468361349
9458,JET,20030403,59205,58.5901794433594,0.223647482165101,-2.02257919311523,-2.23527246789557,5.36776733398437,14.7084486439702,2.93073272705078,1.40558457374573,1.58795572611836,0.314781575323388,1.98895569324768
9459,JET,20030403,59207,59.5838012695313,0.236318829879292,-2.04192543029785,-3.19318473518197,4.85434722900391,16.0872646763155,2.92489433288574,1.43432211875916,1.5809807145779,0.31762072322752,1.97236275812842
9460,JET,20030404,59211,59.3768005371094,0.282799863459824,-1.91746044158936,-2.88410654839337,3.44582366943359,10.3914602398837,2.97933959960938,1.27581757307053,1.36296272549862,0.28957505352003,2.01605405765695
9462,JET,20030404,59213,59.3768005371094,0.264308582439089,-1.90657997131348,-2.88491641860426,3.36445999145508,11.3212376396348,2.97884178161621,1.27631533145904,1.3590638553249,0.289965846465327,2.03242288856402
9464,JET,20030404,59215,59.6251831054688,0.359367559556717,-1.91112232208252,-2.88640492086884,3.09391403198242,8.36901369564958,2.97679901123047,1.27323436737061,1.36016722661055,0.290571378227718,2
9465,JET,20030404,59217,59.1283874511719,0.279150211692213,-1.91714477539063,-2.88571923985598,3.88810157775879,10.8181022257575,2.97660636901855,1.27333772182465,1.36632903203882,0.289812917988542,2.00828080882678
9466,JET,20030404,59218,58.631591796875,0.292607099660567,-1.91135025024414,-2.88851785351159,4.0338249206543,9.64478181504242,2.97332954406738,1.26918429136276,1.36477679423637,0.290444556062971,1.99724617776516
9467,JET,20030404,59219,58.8799743652344,0.252152267546012,-1.90827655792236,-2.88951531090044,4.36895370483398,11.1721676719264,2.97359466552734,1.26950770616531,1.3641246935197,0.290206187220177,1.99610425318359
9468,JET,20030404,59220,58.8799743652344,0.239759326869698,-1.90377140045166,-2.88919629717541,4.81203460693359,10.9674345907049,2.97319412231445,1.26763731241226,1.35739247291666,0.290885194475273,1.99702580430002
9469,JET,20030407,59237,60.3703918457031,0.392436592126999,-2.49276161193848,-2.63921615482064,10.1229400634766,15.331269037118,2.99162483215332,1.48529899120331,1.66987107079826,0.282017924439885,2.02470983928434
9470,JET,20030407,59240,60.3703918457031,0.220301759654111,-1.50763034820557,-2.69776003391655,4.66403579711914,11.415515425229,2.9242992401123,1.35306560993195,1.44477471018693,0.310684853327246,2.06017396846407
9472,JET,20030407,59252,61.1156005859375,0.286894688040798,-2.47936058044434,-2.63832893497723,8.860595703125,17.1751795261559,2.99146461486816,1.53621220588684,1.70888389151049,0.282575304978548,1.98767730642394
9473,JET,20030408,59255,59.6251831054688,0.204950930872766,-1.90868663787842,-2.66023757246333,5.53783798217773,16.075148594951,2.97006034851074,1.55155146121979,1.64199290913674,0.291107344298974,2.00621840211448
9474,JET,20030408,59257,59.3768005371094,0.243522861883135,-1.91416835784912,-2.65874347310863,5.48803329467773,14.4006247860882,2.97124099731445,1.55374562740326,1.63651769619774,0.291243309414772,2.02065967292141
9475,JET,20030408,59258,59.8735961914063,0.196337824407861,-1.90521049499512,-2.65365894692569,5.50445556640625,17.7858063939507,2.97485542297363,1.49632072448731,1.64115225464335,0.289040034468587,2.01404289210672
9476,JET,20030408,59260,61.12939453125,0.183181118680062,-1.89719295501709,-2.64214075636417,7.59589767456055,17.9029302275163,2.98966598510742,1.49942946434021,1.65199725517923,0.286261376787462,2.00840491880723
9477,JET,20030408,59262,59.3768005371094,0.219045005294067,-2.10363960266113,-2.65154937015181,6.84988403320312,17.9814411563474,2.97618103027344,1.54959785938263,1.66127963698843,0.288709099601634,1.9962653847821
9478,JET,20030408,59263,61.3639831542969,0.229265179598012,-2.10105514526367,-2.63643448534888,7.83897018432617,18.2545208126443,2.99619674682617,1.50587332248688,1.68767746577039,0.282795998395794,1.99621998913138
9479,JET,20030408,59265,61.3639831542969,0.167327906866053,-1.5161304473877,-2.6982497126639,4.54819869995117,16.0211144221376,2.92737579345703,1.35802984237671,1.45067220274839,0.308856011383983,1.9982102345146
9480,JET,20030408,59266,68.650390625,0.190203586588218,-0.896085262298584,-0.873113810994481,2.8847541809082,4.20252454570309,2.94278144836426,1.46768724918366,1.60475095116021,0.298033690569168,2.0171386379301
9481,JET,20030408,59268,61.1156005859375,0.234176354239554,-2.1020450592041,-2.64523720435714,7.2071533203125,17.804109869522,2.98512268066406,1.49977242946625,1.68830809646979,0.283706608803218,1.98851438438428
9482,JET,20030408,59269,60.3703918457031,0.237104926229648,-2.0962963104248,-2.64142362789605,7.73706436157227,16.4039330915224,2.98685264587402,1.49924564361572,1.67165146869503,0.284392399348392,1.98949194944246
9483,JET,20030408,59270,60.6187744140625,0.219098525254911,-2.095458984375,-2.64554934670694,6.61375045776367,17.6149834044925,2.98323822021484,1.49649560451508,1.68688628525487,0.284256008020071,2
9484,JET,20030408,59273,60.8671875,0.18715102237839,-1.52277660369873,-2.69150938963623,4.51603698730469,16.5518970486749,2.93091011047363,1.40542507171631,1.47950906327274,0.309885815880222,2
9486,JET,20030412,59351,61.8607788085938,0.415308567361404,-2.50199699401855,-2.70375196561689,10.2499923706055,16.1171589167839,2.9365406036377,1.43159878253937,1.60302620202451,0.313513701348343,1.99688182376423
9487,JET,20030412,59352,62.1505737304688,0.386255379403506,-2.4977970123291,-2.70901670319113,9.78593444824219,16.5752724689892,2.93047523498535,1.42360270023346,1.60068618405099,0.314211575923922,1.98809529586713
9488,JET,20030412,59353,61.1156005859375,0.384675499274814,-2.51150703430176,-2.70545521680737,7.82104873657227,15.9571056401153,2.93403244018555,1.41747832298279,1.6059728442179,0.312063716701402,2.0551982233078
9489,JET,20030412,59354,61.9021911621094,0.324954873921552,-2.50058555603027,-2.70223776178329,7.37787246704102,17.4919872713436,2.93488502502441,1.4154726266861,1.60430348094155,0.312885505857122,1.96138231057013
9490,JET,20030412,59355,62.1505737304688,0.391730117864963,-2.51102447509766,-2.70283153333009,8.98860168457031,15.9791970592773,2.93784141540527,1.4182333946228,1.59910600818786,0.312659914625635,1.9777198778864
9491,JET,20030412,59359,56.106201171875,0.354113612648405,-3.00574493408203,-2.70974102941377,10.240608215332,19.715093806602,2.93094825744629,1.39368641376495,1.59904613498484,0.313237760312782,1.97264770190712
9492,JET,20030412,59362,56.3545837402344,0.344073523621801,-2.99979782104492,-2.70512720532871,9.23667144775391,18.8099872608483,2.93594932556152,1.39256870746613,1.60356964882793,0.312153937904856,1.9905163977248
9493,JET,20030412,59364,55.8577880859375,0.448542026399248,-3.00147819519043,-2.71104185126567,10.5199813842773,16.1667604857324,2.92966270446777,1.39632070064545,1.5947061309569,0.314476294395721,1.99325968617533
9494,JET,20030412,59367,57.8450012207031,0.387136989686142,-3.00802230834961,-2.70428000805367,10.1231460571289,17.9723122291247,2.93668746948242,1.39441239833832,1.60852302275277,0.311094585203323,1.98906098882635
9495,JET,20030412,59368,58.341796875,0.396089817347004,-3.0048828125,-2.70306869707783,9.38988494873047,17.281022640793,2.93866348266602,1.3954507112503,1.6119937152628,0.310420190484102,1.98349010606289
9496,JET,20030412,59373,58.5901794433594,0.365549600547168,-2.99460792541504,-2.70160821852022,8.65494537353516,16.7557124587243,2.93905258178711,1.39091420173645,1.61689615994116,0.309827958803564,1.98164766859519
9497,JET,20030412,59374,57.8863830566406,0.45520135719393,-3.00027084350586,-2.7065263185275,10.770881652832,15.8131643312213,2.9331111907959,1.39861500263214,1.60644879886677,0.312618391918299,1.99494477460966
9498,JET,20030412,59375,58.5901794433594,0.390144419913091,-2.99207305908203,-2.70664484894347,9.77188110351563,16.0595854211213,2.93388175964355,1.38585114479065,1.59961245809212,0.311927292892533,1.99324543400107
9499,JET,20030412,59376,57.4309997558594,0.417464145410239,-3.00308227539063,-2.70830715498247,10.5722808837891,16.7680363729178,2.9336986541748,1.39525496959686,1.60000854178552,0.312926052416516,1.99110806672207
9500,JET,20030506,59628,62.3989868164063,0.225960083773366,1.97926998138428,2.45725011091371,4.67840194702148,14.5905352604908,2.91913795471191,1.25902235507965,1.6283993784355,0.309677131650494,2.02324941250278
9501,JET,20030506,59629,62.3989868164063,0.19696848890688,1.97836589813232,2.47465191276603,5.03971099853516,15.3595921409123,2.89926528930664,1.25013363361359,1.62029532763567,0.312614058748068,2.01466869028697
9502,JET,20030506,59630,62.3989868164063,0.130872087943372,1.9588623046875,2.49578529111989,8.4227294921875,16.5279766766262,2.8743896484375,1.23757606744766,1.57945694334817,0.321861595957022,2.00353917030009
9503,JET,20030507,59633,62.6473999023438,0.196651001731507,1.97871017456055,2.48963410939276,5.30485916137695,15.6736811179846,2.88325119018555,1.25114125013351,1.62089385603073,0.315899008635574,1.96099220081328
9504,JET,20030507,59636,62.3989868164063,0.194709692417165,1.97441673278809,2.48626021935252,5.25826644897461,15.2046469225947,2.88546752929688,1.24772614240646,1.60764881922511,0.316008523177967,1.95242018544442
9505,JET,20030507,59637,63.392578125,0.130182651562856,1.95906639099121,2.51376906291874,6.01265716552734,16.7824887510384,2.85395622253418,1.2411190867424,1.57995470149172,0.327083730146796,1.97277287479895
9506,JET,20030507,59638,61.3639831542969,0.23457455405885,2.47285270690918,2.77368171490138,4.17079162597656,13.5384434539497,2.86080932617188,1.19614690542221,1.60907489270914,0.311922123518556,1.992970025202
9507,JET,20030507,59639,58.8799743652344,0.225999356010858,2.47283554077148,2.77457947814951,3.40773963928223,13.6196220741585,2.85964965820313,1.19497233629227,1.60376191713141,0.312323415239315,2.01873080504023
9508,JET,20030507,59646,61.6123962402344,0.184069242233678,1.97420883178711,2.47742041076656,5.11328125,14.9553919083899,2.8947811126709,1.24703776836395,1.60754016820012,0.314917022413535,1.98787011343208
9509,JET,20030507,59647,62.3989868164063,0.207613786366428,1.9717264175415,2.47488944084009,4.48459625244141,15.3716263727408,2.89813613891602,1.24784392118454,1.61515419060177,0.313029382845725,1.99038528278911
9510,JET,20030507,59648,62.1367797851563,0.129962092969704,1.95937156677246,2.50024057320846,6.37656021118164,15.7817450321086,2.87069702148438,1.23508214950562,1.57060414862208,0.323204803491128,1.97033986390162
9511,JET,20030507,59654,62.8957824707031,0.214045616085478,1.97284507751465,2.49267078112998,4.22609329223633,13.9916498645138,2.88032531738281,1.25400984287262,1.6234433600454,0.316262118242259,1.95395541888481
9512,JET,20030507,59655,64.1377563476563,0.19907184874964,1.95726013183594,2.47035777260139,3.32577323913574,14.1700775403961,2.90437126159668,1.32870948314667,1.64321944314837,0.312231772340019,2
9513,JET,20030509,59701,68.153564453125,0.137660401785243,1.51029777526855,2.2661068838132,4.77327346801758,12.32062600745,2.89393424987793,1.22894477844238,1.63616468336563,0.297805411746872,1.98383322753844
9514,JET,20030509,59703,63.392578125,0.22277647268923,1.95798015594482,2.47194782056449,3.62305450439453,13.7982206305626,2.90118980407715,1.33217883110046,1.63731777045551,0.314171738242895,1.97493577670693
9515,JET,20030509,59704,62.3989868164063,0.208867995761114,1.95999717712402,2.47297449351483,4.7901725769043,14.9564144822134,2.89933013916016,1.32666873931885,1.62891860664541,0.314716160422713,1.96918866680261
9516,JET,20030819,60580,55.6507873535156,0.423500151008756,-3.43406867980957,-2.71938680061451,6.05402374267578,16.1056662192411,2.91017150878906,1.22492551803589,1.62593370147907,0.327765426984968,2.01611808687922
9517,JET,20030819,60580,58.1347961425781,0.704052987386378,-3.42575454711914,-2.74206837507465,2.94656372070313,4.7649636220103,2.88728332519531,1.20406955480576,1.58999700878678,0.335542665718921,2
9519,JET,20030819,60583,56.1475830078125,0.339506923260346,-2.75725746154785,-2.19719696706589,5.64314651489258,17.3864254821619,2.91070365905762,1.23425900936127,1.63237881205498,0.326876400268143,2.06907913538863
9520,JET,20030819,60584,55.8992004394531,0.308363099453466,-2.74985694885254,-2.1945999905652,6.29608535766602,19.2256182046715,2.91111755371094,1.23371469974518,1.62804522012718,0.327219439100968,2.05098267358671
9521,JET,20030819,60590,53.6221923828125,0.326599737575586,-2.50740623474121,-2.11185419937064,4.82575225830078,15.348784333872,2.9027156829834,1.22544753551483,1.5897900592644,0.329880593405828,2.0584173730773
9522,JET,20030819,60592,55.8992004394531,0.333988803547774,-2.50111770629883,-2.10453120608264,5.42455291748047,14.9782356372009,2.9179801940918,1.22606962919235,1.6103813417123,0.324849398181012,2.03200892530294
9523,JET,20030819,60593,49.1233825683594,0.276279977870771,-1.93688678741455,-1.87681773497895,4.76142501831055,13.1130479267421,2.96469116210938,1.27833980321884,1.6604011473053,0.30382757573574,2.02894874544328
9524,JET,20030819,60598,65.13134765625,0.337253736161349,-1.48532295227051,-1.53237337809324,1.85321140289307,2.18768520487276,2.88176727294922,1.2075297832489,1.53428588268723,0.340324090130494,2.05733791466542
9525,JET,20030821,60633,61.1156005859375,0.211088127025504,-2.00372123718262,-2.35404496695069,5.57984161376953,17.2097327133169,2.99266624450684,1.55553710460663,1.69461125302643,0.28387849350454,1.97526758423777
9526,JET,20030821,60634,61.1156005859375,0.230874578272545,-2.0050048828125,-2.35598997596016,5.06893539428711,15.7438581643081,2.99116134643555,1.55588257312775,1.70207786057545,0.283165734618008,1.97213590366272
9527,JET,20030821,60635,61.1156005859375,0.294426205025379,-2.19793128967285,-2.350762191454,5.81515502929688,15.1277588270252,2.99636268615723,1.55432975292206,1.70491068857279,0.282707769849843,1.96797054667969
9528,JET,20030821,60639,61.1156005859375,0.287367529156847,-2.02015686035156,-2.68094659993382,6.83946228027344,15.491154467084,2.951171875,1.45254647731781,1.66698492089655,0.292956308684232,1.96224757954112
9529,JET,20030821,60640,60.1219787597656,0.288110386991994,-2.01093482971191,-2.68349872688829,6.67820358276367,15.3462716327989,2.95066261291504,1.40113639831543,1.64933258627153,0.290690124156673,1.97665128608571
9530,JET,20030821,60641,60.1219787597656,0.253610094622528,-2.01219177246094,-2.68951353832926,6.28262329101563,16.0189433875315,2.94146919250488,1.38778233528137,1.64557516844371,0.294612907597507,1.94974360160922
9531,JET,20030821,60642,60.1219787597656,0.245183438089985,-2.01377868652344,-2.67897339760411,6.2180290222168,15.9118601005706,2.95461845397949,1.35982573032379,1.64703499579155,0.290060623431722,1.9459534557698
9532,JET,20030827,60679,58.8385925292969,0.312568695054713,-2.00151252746582,-2.23590052067668,5.68829727172852,10.2973173674102,2.92983627319336,1.40931951999664,1.59317757910799,0.314780727280776,2
9533,JET,20030827,60680,58.8385925292969,0.318492531464595,-2.00334167480469,-2.22915360078136,5.47271728515625,9.91987882691716,2.93710327148438,1.3984991312027,1.5902437958927,0.312714138950365,2.04350134351322
9534,JET,20030827,60684,59.0869750976563,0.365808636783434,-2.00283813476563,-2.23238293728619,6.46958541870117,9.37764049281728,2.93219947814941,1.40996384620667,1.58636828887288,0.315470394199765,2.01890936120627
9535,JET,20030827,60685,61.6123962402344,0.412890586450138,-2.51296043395996,-2.69922269943519,9.13671875,15.5700374652015,2.93191146850586,1.43060088157654,1.60874688807282,0.314420010590919,2.01001331347493
9536,JET,20030827,60686,61.9021911621094,0.401960925669194,-2.51637077331543,-2.69569354239275,9.50003051757812,15.1804286738634,2.93556976318359,1.42517197132111,1.60415459074653,0.314272970156275,2.00493389793797
9537,JET,20030827,60688,58.3831787109375,0.404643058576824,-3.01216506958008,-2.69038598683754,10.5689697265625,18.9524808266392,2.94250679016113,1.41025495529175,1.61723994052162,0.310621784496354,2.0067800874634
9538,JET,20030827,60689,58.1347961425781,0.36764994367368,-2.97831344604492,-2.689279725716,10.0164794921875,18.1745122937137,2.94178581237793,1.39895701408386,1.60776760818764,0.311237999588937,2.00597705439212
9539,JET,20030829,60709,61.3639831542969,0.3555522679725,-2.51120185852051,-2.70826377432867,7.76161575317383,14.9810348011788,2.92056655883789,1.41059195995331,1.60116619050221,0.315836151351408,2.00177698999704
9542,JET,20030829,60712,61.1156005859375,0.363462626650129,-2.50968360900879,-2.70907449652201,9.46758270263672,17.1257782703492,2.92053031921387,1.43048226833344,1.60692002426004,0.316541808086342,2.01275157728065
9543,JET,20030829,60715,60.8671875,0.297518629112257,-2.50897026062012,-2.7057301326198,7.6552734375,18.3111321393003,2.92545890808105,1.41576409339905,1.60309527525512,0.315177733747212,2.00641093254591
9544,JET,20030829,60719,61.1156005859375,0.327902262041532,-2.49754524230957,-2.70717108942603,8.48439025878906,16.1307018792575,2.92270469665527,1.41154503822327,1.59312938008027,0.316817949552939,2.00619404739173
9546,JET,20030905,60836,59.3768005371094,0.254048331045043,-1.88917255401611,-2.88406466156919,2.84411811828613,7.51769031191446,2.97145080566406,1.26536571979523,1.3599930028486,0.291971190631467,2
9547,JET,20030905,60837,59.3768005371094,0.275550367211595,-1.88652610778809,-2.88503969041285,2.60712242126465,6.38689815958554,2.97056007385254,1.26354056596756,1.36316283761791,0.292096943103024,2
9548,JET,20030905,60838,59.6251831054688,0.284179000126036,-1.89309406280518,-2.87684601809592,3.06140518188477,8.82186747772732,2.97760963439941,1.2733781337738,1.36649918546836,0.290630154535992,2
9549,JET,20030905,60840,59.3768005371094,0.300716031825466,-1.89084148406982,-2.88909303404996,3.70600700378418,8.31992201119658,2.96695327758789,1.26289540529251,1.36705461429757,0.291106356771741,2.14895465177884
9550,JET,20030905,60841,58.8799743652344,0.306316075454489,-1.89566612243652,-2.88457330785413,3.24691390991211,8.52528770379514,2.96940803527832,1.26628804206848,1.36897744353209,0.290855105744063,2
9551,JET,20030905,60842,59.8735961914063,0.260452775142856,-1.88201236724854,-2.88758991414351,3.97063636779785,8.58404612443423,2.96844100952148,1.26321315765381,1.35950440317115,0.291224222813076,2.05830797935552
9552,JET,20030905,60843,64.3861694335938,0.179357654133907,-1.14626598358154,-2.76944892013443,1.71469974517822,4.20148586872896,2.96700286865234,1.26542538404465,1.36030239943531,0.290776528641702,2.19646326805804
9553,JET,20030905,60848,59.6251831054688,0.203078800493602,-1.15584468841553,-2.8702260513094,2.28364753723145,6.36121619971001,2.97588539123535,1.27918338775635,1.34394026415157,0.288340401776415,2.12521684609215
9554,JET,20030905,60849,62.8957824707031,0.187425658540269,-1.15348339080811,-2.88147535245292,2.49890899658203,7.2930654598418,2.9805965423584,1.28344935178757,1.34991017232724,0.287887208667612,2.08443323371553
9555,JET,20030905,60850,63.8893737792969,0.168141956627825,-1.14998435974121,-2.9013575405142,3.07224273681641,7.72030546367074,2.97689247131348,1.27837336063385,1.34847377397869,0.288440998520582,2.089100676494
9556,JET,20030905,60851,64.3861694335938,0.171934325257759,-1.14806270599365,-2.90343786870576,3.04838371276855,7.65738106178234,2.97129440307617,1.27155983448029,1.34639440764266,0.289488347132585,2.05360342214774
9557,JET,20030905,60852,63.1441955566406,0.161970223325896,-1.14578914642334,-2.89334521218699,3.30854225158691,7.67565970323816,2.97369575500488,1.27295047044754,1.34118713480414,0.289850443180018,2.03465891155884
9558,JET,20030905,60854,56.1475830078125,0.240449053185188,-2.2393913269043,-3.37981881433021,4.10959243774414,15.2526410180113,2.97494125366211,1.26980119943619,1.36397616296979,0.291151458653635,2.13028445071362
9559,JET,20030908,60859,51.13818359375,0.264052127776359,-1.8251781463623,-1.78599832443558,3.68708610534668,9.40254757750571,2.91640663146973,1.23220670223236,1.63583107297157,0.319239004680723,2
9560,JET,20030908,60861,46.6393737792969,0.27194931872299,-1.93831443786621,-1.89994122838165,3.83038520812988,11.3542821567027,2.922119140625,1.23478996753693,1.64384733405393,0.317184301633386,2.18929407655364
9561,JET,20030908,60862,46.3909912109375,0.270989410899647,-1.94002914428711,-1.89738110043554,4.13557052612305,11.8670508096832,2.92315483093262,1.2371751666069,1.64425949024307,0.31793811069605,2.13328557817001
9562,JET,20030908,60865,56.8789978027344,0.303211669519276,-3.00202178955078,-2.69763668306441,9.74946594238281,20.9432991606938,2.93237113952637,1.39622247219086,1.60080866805813,0.313917036932965,2.01360804732028
9563,JET,20030908,60870,54.3674011230469,0.416782120415259,-3.4366569519043,-2.73270313808455,8.58830261230469,18.45372842772,2.89492225646973,1.22230333089828,1.60478330814653,0.33328847594469,2.05150027668439
9577,JET,20030929,61095,63.392578125,0.388269269768215,-1.99582576751709,-1.66381146191479,4.53370666503906,7.54520800778232,2.92521095275879,1.22982788085938,1.61854857624423,0.321496290229928,2.0008083513169
9578,JET,20030929,61096,63.392578125,0.438485387601781,-1.99846363067627,-1.66400723161248,4.57345581054688,7.4039907150989,2.92447662353516,1.23275631666183,1.61491667114081,0.322510154780508,1.99950432345006
9579,JET,20030929,61097,63.392578125,0.417057820174542,-1.99824333190918,-1.66618375614768,4.97798538208008,7.8325723176235,2.92182540893555,1.23185837268829,1.61516227183765,0.322971215723445,2.0706738019253
9580,JET,20030929,61098,55.1125793457031,0.388032860214158,-2.75605583190918,-2.35245561341019,6.09883499145508,15.3991850971612,2.91033744812012,1.22178435325623,1.59015039045121,0.328122593562297,1.99606737468738
9581,JET,20030929,61099,56.1475830078125,0.400753085042679,-2.75657844543457,-2.34413478529083,5.72729110717773,14.2367046964449,2.91873168945313,1.22363728284836,1.60548872476068,0.325494884516054,2.00145597286084
9582,JET,20030929,61103,54.3674011230469,0.385786722813427,-2.75341796875,-2.35655287333784,5.79927444458008,14.1568597794873,2.90851402282715,1.2207265496254,1.59165683328403,0.329455754118797,2.01227465264198
9583,JET,20030930,61110,62.3989868164063,0.422548425649001,-2.79611968994141,-2.82497991028302,3.35537147521973,9.47603204112703,2.90236282348633,1.24386769533157,1.57054995209285,0.328939378605404,2.02689243711286
9584,JET,20030930,61112,62.6473999023438,0.372727947890855,-2.79019355773926,-2.82772480825483,4.5911979675293,9.98229056094442,2.89839744567871,1.24166935682297,1.56677637697785,0.33051026753839,1.97584706188838
9585,JET,20030930,61114,62.6473999023438,0.365587819792189,-2.78782653808594,-2.82443360275352,4.60149002075195,9.97189075204482,2.90045356750488,1.24258571863174,1.56939493982711,0.330097430545555,1.97864685917811
9586,JET,20030930,61116,61.1156005859375,0.384424566543885,-2.50676727294922,-2.26852316760783,9.25285339355469,14.3774153062343,2.92775726318359,1.40923595428467,1.60880517923465,0.313458639416074,1.95766884365149
9587,JET,20030930,61118,60.8671875,0.444316670747862,-2.50830268859863,-2.26774041406903,10.161865234375,13.0302509112238,2.93277359008789,1.41319179534912,1.60815694663021,0.312852574566635,1.96587238327301
9588,JET,20030930,61119,59.3768005371094,0.342390873846069,-2.50915336608887,-2.26975558414525,8.75907897949219,15.0038424252899,2.93395805358887,1.40408790111542,1.60700412429474,0.312644198983383,2.00711207842547
9589,JET,20030930,61121,60.6187744140625,0.419859283568802,-2.50254058837891,-2.26476849838424,8.95999145507812,13.4449597380825,2.93404197692871,1.40872478485107,1.60608229739926,0.312608115671824,1.96580978097626
9590,JET,20031001,61128,62.8957824707031,0.671791000005473,-2.33575630187988,-1.97844235164602,2.44161987304687,2.59521483488476,2.88990592956543,1.2040696144104,1.55768707478212,0.335097908250244,1.9753275082858
9591,JET,20031001,61130,62.8957824707031,0.649980751395692,-2.33755302429199,-1.97955755811804,2.2811107635498,2.61049536816273,2.88868713378906,1.20515221357346,1.55887601837833,0.336021892315901,1.99281744760397
9592,JET,20031001,61132,63.1441955566406,0.715332281696335,-2.33808517456055,-1.97931518727884,2.48618316650391,2.55796842103077,2.8902702331543,1.2059029340744,1.5610918375721,0.335172146866631,2
9593,JET,20031001,61133,61.3639831542969,0.433620767219475,-2.50443458557129,-2.25799394985297,9.63265991210938,13.1534073589236,2.93882179260254,1.40839433670044,1.61139266230643,0.310977038387475,1.97210890984975
9594,JET,20031001,61134,61.1156005859375,0.438615351798216,-2.50380897521973,-2.26334412836056,10.3975677490234,12.7562915923934,2.93596076965332,1.40555334091187,1.60892739913032,0.311607826730393,1.9670905508352
9595,JET,20031001,61135,59.3768005371094,0.341091054818162,-2.50693511962891,-2.26629165835973,8.17520904541016,13.6675676974496,2.93708229064941,1.39618170261383,1.61304180394222,0.310732772812374,1.98610187506688
9596,JET,20031001,61138,59.3768005371094,0.381851333578784,-2.50634765625,-2.25465364820766,8.89218139648437,13.8339354607506,2.93295669555664,1.40622889995575,1.60693500563472,0.312892872146576,1.9949110729588
9597,JET,20031001,61139,59.3768005371094,0.328872147079508,-2.49788665771484,-2.25453315700718,7.89307022094727,14.0238749287035,2.93505668640137,1.39631462097168,1.61105419941872,0.311402767714117,2.00926612832055
9598,JET,20031001,61140,59.3768005371094,0.378478132999492,-2.50173950195313,-2.25297055877657,9.22450256347656,14.0371281317348,2.93644332885742,1.40295720100403,1.60528367766389,0.31183884557875,2.00427875331747
9605,JET,20031003,61165,62.3989868164063,0.340996043065484,-2.79069519042969,-2.82404408665571,3.70621871948242,9.97433752052478,2.9007396697998,1.24298822879791,1.56975980057443,0.329289470240785,1.96404730407131
9606,JET,20031003,61169,63.3787841796875,0.426489977464477,-1.99367046356201,-1.66896189441118,5.78049087524414,7.39619260538455,2.91851615905762,1.22925406694412,1.60488594968034,0.324116602173783,1.99109412472075
9607,JET,20031003,61170,63.3787841796875,0.448896196374661,-1.99661254882813,-1.66564009663412,6.38606262207031,7.49438705631334,2.92277908325195,1.23224276304245,1.6098336646218,0.323102556940912,1.98054971115211
9608,JET,20031003,61171,62.8957824707031,0.430833262512473,-1.99438762664795,-1.63206063496807,6.24767303466797,7.54562166242579,2.92316627502441,1.22992944717407,1.61096613376495,0.322454571732261,1.99278922951584
9609,JET,20031003,61173,62.3989868164063,0.36739252779375,-2.35434150695801,-1.95735826923881,5.30112075805664,11.7512048368287,2.9202880859375,1.2288025021553,1.60978009364859,0.322974523732391,2.0101258630959
9610,JET,20031003,61174,62.3989868164063,0.382587217510803,-2.34700012207031,-1.96068761596685,5.3857307434082,11.4999338732914,2.91632270812988,1.22855341434479,1.60667398361135,0.324535167917708,2.04259861768599
9611,JET,20031007,61206,63.392578125,0.406298861085257,-2.0003719329834,-1.66566974467702,4.98337173461914,8.44429570174924,2.92194747924805,1.23148727416992,1.60598721843638,0.323135601739491,2.12508406428669
9612,JET,20031016,61371,60.3703918457031,0.362865973518024,-2.51674842834473,-2.70228274385573,9.288818359375,16.6573347544988,2.91592216491699,1.41824686527252,1.59709078489427,0.316913028206096,2.01375706962478
9613,JET,20031016,61372,60.6187744140625,0.366686178524239,-2.51381874084473,-2.69602231794186,10.0416717529297,16.9123050551618,2.92076873779297,1.42664301395416,1.59988818157423,0.31639695453085,2.0116573746345
9614,JET,20031016,61373,60.3703918457031,0.318989107877744,-2.52087593078613,-2.6996195940115,7.29548645019531,17.6547211872071,2.91964149475098,1.42083561420441,1.60828588660024,0.315794622576242,2.00072862710883
9615,JET,20031016,61374,60.6187744140625,0.328050151959403,-2.51536750793457,-2.69845105106596,7.80329895019531,17.1088223567621,2.92000198364258,1.41464328765869,1.60396173099097,0.31557257652578,2.03483085165158
9616,JET,20031017,61389,45.6181945800781,0.229537030051495,-1.40807437896729,-1.69514100356139,3.39046669006348,8.90728374079685,2.9330747127533,1.44833745062351,1.66112906452104,0.306531990560718,2.014019238241
9617,JET,20031017,61389,48.875,0.19450281313222,-1.41824626922607,-1.69472853192788,4.01739883422851,12.3931248532756,2.93857574462891,1.47565092146397,1.6928519299856,0.303206701997845,2
9618,JET,20031017,61389,49.1233825683594,0.188522421844514,-1.40666580200195,-1.68501593123801,3.66790390014648,11.9440368816919,2.95358657836914,1.46850109100342,1.68830204809617,0.30039359909075,2
9619,JET,20031017,61392,45.8665771484375,0.233676496478071,-1.40684032440186,-1.67512611756531,4.32126235961914,8.94825646242426,2.96715116500854,1.39335975050926,1.56946779771358,0.2971290023876,1.99886352139573
9620,JET,20031017,61392,48.875,0.179401517957553,-1.41299533843994,-1.67462215727685,3.44498443603516,11.9968091829937,2.97095084190369,1.4457551240921,1.58348227983566,0.294512586438196,2.064810604535
9621,JET,20031017,61394,45.8665771484375,0.214655999150044,-1.41889095306396,-1.70940010971899,2.50399017333984,7.89919399234225,2.9105064868927,1.2115164399147,1.5405525956393,0.323194115378935,1.99867444175946
9623,JET,20031023,61427,57.6380004882813,0.410967771849644,-2.99638366699219,-2.54054064519252,8.11494445800781,16.1459440282915,2.91610145568848,1.22384876012802,1.59952423813461,0.326710389390382,2.00331938021684
9624,JET,20031023,61430,57.6380004882813,0.392585679731791,-2.99416542053223,-2.5454522709272,10.0022888183594,15.1425818778447,2.90907287597656,1.21772086620331,1.58684684931863,0.329148231829173,2.00263343867953
9625,JET,20031023,61431,61.9021911621094,0.334657515066862,-2.51150703430176,-2.7057693793639,8.46173858642578,16.4730310323982,2.92757606506348,1.41586232185364,1.59713487492174,0.315790416660965,1.98597574613841
9626,JET,20031023,61432,62.6059875488281,0.333936044714351,-2.51500701904297,-2.69981144629602,7.43480682373047,16.9932607928478,2.93253517150879,1.41844642162323,1.61150844487122,0.312837034054789,1.99494621072933
9627,JET,20031023,61433,61.8607788085938,0.303782528260195,-2.50908088684082,-2.70665954617981,7.9783935546875,17.4908882426428,2.92511558532715,1.41539859771728,1.59743506374219,0.316318988682208,1.95846926966484
9628,JET,20031027,61471,62.1091918945313,0.347944601701719,-2.51254653930664,-2.7052670204005,7.06951904296875,16.1859368559468,2.92752075195313,1.42073452472687,1.60467955640171,0.314766161692501,1.97979276609198
9629,JET,20031027,61474,62.1091918945313,0.329999559378247,-2.51260757446289,-2.70353322266601,9.17654418945313,17.0805445927707,2.92879676818848,1.41873931884766,1.5970137200316,0.3154350964779,1.99220033151796
9630,JET,20031027,61475,61.6123962402344,0.339683225869477,-2.5077075958252,-2.7053622248105,9.43753814697266,16.1388354752475,2.92801666259766,1.41527259349823,1.59388363230964,0.315882951474929,1.98944357044927
9631,JET,20031027,61477,57.3895874023438,0.43677341123623,-3.00010871887207,-2.54553042803067,8.67909240722656,15.1576985517757,2.90840911865234,1.22002005577087,1.59198843599141,0.328453763139049,2.0222581106287
9632,JET,20031027,61478,57.3895874023438,0.352966201745468,-2.98832893371582,-2.54360675256421,9.05888366699219,16.0265552605479,2.90914154052734,1.21687090396881,1.58705186897876,0.329420257168109,1.9919752998352
9633,JET,20031027,61479,62.6059875488281,0.356855016269354,-2.51668739318848,-2.69916297964112,7.36326217651367,16.7937110763593,2.9335994720459,1.42173194885254,1.608119060722,0.313012702439646,1.9818768823603
9634,JET,20031029,61520,60.8671875,0.145084626717005,-1.38210582733154,-2.34970233314976,3.31954956054688,12.8992991471722,2.90228652954102,1.25654351711273,1.56464701784717,0.334120097211287,2.01447015818979
9635,JET,20031029,61530,62.3989868164063,0.450333925005686,-2.00149154663086,-1.66714904175781,5.95999908447266,7.34434942623917,2.9210090637207,1.23084992170334,1.60632600852504,0.32417300597473,1.99015720262142
9636,JET,20031030,61553,60.3703918457031,0.31475359442366,-2.50334739685059,-2.71638304508247,9.25565338134766,16.1845148104485,2.91709327697754,1.40546262264252,1.58584835496754,0.318086801530276,1.981671755315
9637,JET,20031030,61554,62.1505737304688,0.307188824804836,-2.50450706481934,-2.71078790505275,8.37186431884766,15.4934784570931,2.92239570617676,1.40776240825653,1.58992337555515,0.317424814495975,1.96907087462186
9638,JET,20031205,62090,60.8671875,0.189610801279456,-1.14689254760742,-2.89271898708057,1.95001602172852,4.82136165008869,2.95784950256348,1.25666162371635,1.34374606844594,0.292558833865866,2
9639,JET,20031205,62091,64.6345825195313,0.170059702441053,-1.14708805084229,-2.90886924857784,1.82035732269287,5.592970936579,2.96262359619141,1.2639240026474,1.35730851251615,0.290374713185361,2
9640,JET,20031205,62093,55.8992004394531,0.216116638670124,-2.24331283569336,-3.39443663063908,3.83553504943848,15.8256268256816,2.96418571472168,1.26004755496979,1.36612430997656,0.292043978232879,2
9641,JET,20031205,62094,53.6221923828125,0.245814405136797,-2.23588180541992,-3.39011533540369,3.20532989501953,13.0487726017797,2.96648025512695,1.26156401634216,1.36536370756963,0.292103723421356,2
9643,JET,20031205,62096,53.8705749511719,0.294366675072967,-2.2362232208252,-3.3893372872565,3.61612319946289,11.5934763238977,2.96768760681152,1.26331448554993,1.36702994728013,0.291179255014548,2.09456127073816
9644,JET,20031205,62096,57.1411743164063,0.312147416257854,-2.24111557006836,-3.38320091062269,3.8864688873291,11.0735863495541,2.97259140014648,1.26775234937668,1.37061560611711,0.291507057454184,2.10267774744834
9645,JET,20031205,62097,53.1253967285156,0.290755774458811,-2.24474334716797,-3.39180066610119,3.91484069824219,11.982392804264,2.96596336364746,1.26147276163101,1.37075239573757,0.291668461928761,2.05837264116548
9646,JET,20031205,62097,56.39599609375,0.298615295431045,-2.23749923706055,-3.38750914746347,3.96528816223145,11.2544017025143,2.9697208404541,1.26485896110535,1.36685225818288,0.290734231263034,2.07058540664112
9647,JET,20031205,62098,53.6221923828125,0.329701952984133,-2.2402400970459,-3.39325266695104,3.44130516052246,8.75323607602827,2.96459770202637,1.25791049003601,1.3686024162083,0.292994351809139,2.02973187585243
9648,JET,20031205,62098,57.3895874023438,0.302173916272506,-2.23489761352539,-3.39563832602267,3.50974082946777,9.32661005386352,2.96251487731934,1.25594866275787,1.37155235135003,0.29277799346,2.06177777867152
9649,JET,20031210,62128,56.8927917480469,0.42372484446071,-3.43031692504883,-2.72871633429074,8.07563781738281,19.1198933153774,2.90331268310547,1.22552311420441,1.6190428110506,0.32887380663946,2.01304079233171
9650,JET,20031210,62129,56.6443786621094,0.430554982647228,-3.69124984741211,-2.9346423328475,8.07783508300781,19.089008460973,2.89994812011719,1.22225826978683,1.61325543553008,0.33038779722285,2.03266967140504
9651,JET,20031210,62130,56.8927917480469,0.464367578264634,-3.98471832275391,-3.17692598233003,7.63603973388672,16.9016537767044,2.90064239501953,1.22021913528442,1.62079751495696,0.329226537574337,2.0477451145423
9652,JET,20031210,62131,56.8927917480469,0.681502253235153,-3.98975944519043,-3.18901333551663,4.39430236816406,8.86267033794881,2.88873100280762,1.21123749017715,1.59789824674454,0.334004775088196,2.04515175086684
9653,JET,20031215,62208,60.6187744140625,0.349122169850441,-2.50860786437988,-2.27017181661187,7.01582336425781,14.5343902750598,2.93234825134277,1.40350341796875,1.60830588417644,0.312401822563493,1.98465038095309
9654,JET,20031215,62209,61.6123962402344,0.373858051133159,-2.51258850097656,-2.31512864057171,6.41749572753906,13.8741132907746,2.93588638305664,1.4076806306839,1.61026109519592,0.311904011694007,1.97166320913254
9655,JET,20031215,62213,54.3674011230469,0.402321438068356,-3.99226951599121,-3.18470513260712,9.09323120117188,23.1943306199171,2.89416694641113,1.22182011604309,1.60636287300246,0.333136886877816,2.00264222566898
9656,JET,20031215,62214,57.3895874023438,0.362897680949014,-3.00708961486816,-2.74783941974788,9.50333404541016,19.7667241502506,2.93577766418457,1.4019581079483,1.61244694053887,0.311385901573097,1.92632079806467
9657,JET,20031217,62251,58.3831787109375,0.391666348491839,-3.01055908203125,-2.7454587028204,9.91219329833984,18.2199139704962,2.93791007995605,1.39899814128876,1.61215665542513,0.310577539211238,1.92596909034755
9658,JET,20040110,62405,62.8957824707031,0.270183067813788,-1.50596809387207,-2.69349818811915,4.17991638183594,10.8539383216672,2.94121551513672,1.37811899185181,1.48892562783317,0.303241185076431,1.94927904736034
9659,JET,20040110,62406,61.9021911621094,0.191549317683539,-1.50788307189941,-2.69585664441206,4.23467254638672,16.2070349841232,2.93828010559082,1.41714382171631,1.49275949703649,0.306814323874314,1.93778600810372
9669,JET,20040117,62549,57.9277954101563,0.346798204359363,-3.00494575500488,-2.74604820032762,9.29664611816406,20.243656292333,2.93769264221191,1.39636158943176,1.60091386571443,0.311539205699012,1.99157331079962
9670,JET,20040117,62550,57.8863830566406,0.33028583457545,-3.00943374633789,-2.74799385728246,8.69966125488281,20.8667501358653,2.9373836517334,1.39146709442139,1.60236751047999,0.310854785767856,1.98525564698668
9671,JET,20040117,62555,58.8385925292969,0.353534880897384,-2.99997138977051,-2.74759699964887,9.06878662109375,18.7566559509484,2.93875312805176,1.39364981651306,1.60688637079406,0.310698405260285,1.98827494682288
9672,JET,20040117,62556,58.631591796875,0.413109036454541,-3.00902938842773,-2.74677000530974,9.94020843505859,17.0148784190506,2.93839645385742,1.39571809768677,1.61051799328961,0.310191676305981,1.98928671364018
9673,JET,20040117,62560,57.1411743164063,0.342230484755366,-3.00577354431152,-2.7502231895873,9.15031433105469,20.3817557639044,2.93388175964355,1.39762449264526,1.60253399815886,0.312322397817188,1.94310039648606
9674,JET,20040117,62562,58.8385925292969,0.441687268553609,-3.00936698913574,-2.75282406561933,10.1468276977539,15.1013170175787,2.93482398986816,1.39415645599365,1.60527905164708,0.31180553885668,1.95513080154133
9675,JET,20040117,62563,58.3831787109375,0.409317456451472,-3.00165557861328,-2.50611351687849,9.20875549316406,16.0577577943017,2.93829154968262,1.39123320579529,1.61056677742436,0.310285028798885,1.98049386211912
9676,JET,20040119,62572,58.3831787109375,0.41022795283227,-2.99938011169434,-2.75261904189023,9.96896362304687,17.7568054502537,2.93303871154785,1.3987193107605,1.60418305849062,0.312393960814355,2.01121285849821
9677,JET,20040119,62575,56.1475830078125,0.389471833029859,-3.50879096984863,-3.23423335447464,9.92864227294922,23.5907793018098,2.93211936950684,1.40096974372864,1.60433759131314,0.312876518514904,1.94992529133415
9678,JET,20040119,62576,56.6443786621094,0.483397784759373,-3.50993347167969,-3.22779788127965,11.4092407226562,19.8894627594248,2.93494987487793,1.39992451667786,1.60271929993595,0.312085583252478,1.93223310248827
9679,JET,20040124,62662,64.1377563476563,0.251666341646747,-0.691469669342041,-0.952350873199788,2.75803756713867,1.73165617314432,2.91617774963379,1.38922762870789,1.53354234424321,0.313694268557417,1.982395568879
9680,JET,20040124,62662,68.153564453125,0.196172104848299,-0.668176651000977,-0.955608370959426,2.25173759460449,1.43511656437098,2.93000793457031,1.3900146484375,1.59234601989546,0.304397207857474,1.99775913160802
9683,JET,20040124,62664,66.8701782226563,0.30888283480726,-1.03095245361328,-1.39271353304387,2.70414733886719,3.19165299923303,2.93087768554688,1.40502023696899,1.57432060852546,0.310082362373619,1.98572072277738
9685,JET,20040124,62664,73.8667602539063,0.373048670627126,-1.0040168762207,-1.40054133057639,1.86157608032227,1.37225357178015,2.90754699707031,1.36420822143555,1.51903417119192,0.317149230644087,1.9970120426417
9686,JET,20040124,62665,68.650390625,0.273137481148389,-1.17726993560791,-1.60702220790172,2.94660186767578,4.85537168455521,2.93610000610352,1.41437911987305,1.58789815391863,0.308465292764145,1.98611505417476
9687,JET,20040124,62665,73.12158203125,0.336779451981747,-1.15250682830811,-1.61833755324517,2.6720142364502,2.75854556074843,2.9145679473877,1.37624669075012,1.52979220798299,0.316612328075949,1.99163236219613
9688,JET,20040128,62705,64.3861694335938,0.284521292330919,-1.18064975738525,-1.61743419399678,3.05471420288086,5.33087952816372,2.92271614074707,1.41322708129883,1.54997139439333,0.314218893264898,1.98599813423229
9689,JET,20040128,62711,61.9021911621094,0.190163316432788,-1.15135955810547,-2.89087005962398,2.11310005187988,6.00106697075807,2.96383857727051,1.26678204536438,1.35083046078236,0.288668708833551,1.98349277141615
9690,JET,20040128,62712,61.6123962402344,0.202029706665423,-1.15317630767822,-2.88542916900933,2.19787788391113,6.15935572397197,2.96835899353027,1.27204942703247,1.34933430037101,0.288838090954362,1.99060347380443
9692,JET,20040128,62714,61.3639831542969,0.191750950363139,-1.15299320220947,-2.88382380202683,2.19613265991211,6.16331861565381,2.96939277648926,1.2721860408783,1.34605913935673,0.288423912380196,1.98909820318782
9693,JET,20040128,62715,61.6123962402344,0.251497159609606,-1.15345859527588,-2.88658113913623,2.22553634643555,6.29461800686114,2.96841049194336,1.27313709259033,1.3438080498205,0.288259123229296,1.99122493584862
9694,JET,20040128,62716,61.3639831542969,0.217561867201543,-1.15523147583008,-2.88570715920021,2.44303321838379,8.01517730598794,2.9685230255127,1.27541041374206,1.34096181341022,0.287194134265764,1.99009037706373
9695,JET,20040128,62720,54.6157836914063,0.545454091551041,-3.41689872741699,-2.75748354032819,3.10014343261719,5.71999371909382,2.87614440917969,1.20106267929077,1.57480257618017,0.339308640730857,1.99931204534634
9696,JET,20040128,62720,57.3895874023438,0.600931219204101,-3.4193115234375,-2.75118685866396,3.48161888122559,6.74479652021588,2.88331604003906,1.20701622962952,1.58607044887404,0.336311461095147,2.00356339919095
9697,JET,20040128,62721,54.3674011230469,0.565942118325086,-3.98500633239746,-3.20705340682731,3.57109260559082,7.36799160666854,2.87829971313477,1.20153045654297,1.57870700819873,0.338070339244747,1.99270152684276
9698,JET,20040128,62721,56.6443786621094,0.623309597531001,-3.98644638061523,-3.20013429871008,3.59380722045898,7.66052243460985,2.88249588012695,1.2048956155777,1.58633860845495,0.336119808795057,1.99618199146503
9699,JET,20040128,62721,58.3831787109375,0.618098855744006,-3.98617744445801,-3.19720426181537,3.87992095947266,8.25290936933616,2.88361358642578,1.20725643634796,1.59076632781839,0.335642103285789,1.99726440386952
9700,JET,20040128,62723,54.6157836914063,0.550103126175587,-4.27938842773438,-3.44330896581238,3.2473030090332,8.06857513264587,2.87918663024902,1.20203280448914,1.58025889445552,0.337735993423088,1.99631367830641
9701,JET,20040128,62723,56.6443786621094,0.558536487606955,-4.28138732910156,-3.44195152698088,3.5809497833252,8.90501602829402,2.88079452514648,1.20460796356201,1.58476301724442,0.336709281061677,2.00023515432479
9706,JET,20040223,63170,66.3733520507813,0.157210946989132,-1.18566513061523,-1.24756547773036,2.43435478210449,4.59282352767077,2.93438339233398,1.25747156143188,1.60668443224853,0.308617632414711,1.18607835577527
9707,JET,20040223,63173,66.3733520507813,0.13804064043304,-1.1836576461792,-1.24361415958841,2.63422203063965,5.50124768310636,2.93874931335449,1.26076793670654,1.60547899458055,0.308155892808118,1.17589026623168
9708,JET,20040223,63174,63.392578125,0.159901211856891,-1.09828662872314,-1.25490740198051,2.67729949951172,6.02620424007588,2.92885208129883,1.41845679283142,1.60710804050192,0.311307358478524,1.37647868712066
9709,JET,20040223,63175,63.6409912109375,0.156727899317043,-1.10470485687256,-1.25105172553743,3.01034355163574,6.73910978969704,2.93723106384277,1.42396831512451,1.60768802744763,0.310266533762351,1.30768456113432
9710,JET,20040223,63176,63.392578125,0.162299230013549,-1.10719013214111,-1.24928695458073,2.70913124084473,6.36857108055869,2.93943023681641,1.42655754089356,1.6090628670171,0.30974857050901,1.3145506793683
9711,JET,20040224,63179,63.392578125,0.149592676078059,-1.10421943664551,-1.25126530962108,2.45251083374023,6.69042679422524,2.93724632263184,1.41823840141296,1.60234224937198,0.310190082488994,1.26016276015998
9712,JET,20040224,63180,63.1441955566406,0.134354046192226,-1.1039924621582,-1.25153996810004,2.61528778076172,7.25064036599369,2.93815803527832,1.42604446411133,1.60665415932728,0.309691997291685,1.26153867864484
9713,JET,20040224,63181,63.392578125,0.152078580459406,-1.10363006591797,-1.25224641044744,2.46768379211426,7.165312264454,2.93391036987305,1.42951440811157,1.60170563173369,0.311509809428337,1.26472657887058
9714,JET,20040224,63182,63.392578125,0.141606367051301,-1.10365772247314,-1.25035997500841,2.41929244995117,7.2703554210629,2.9367790222168,1.42425727844238,1.6028717248438,0.310279219961058,1.26681264943684
9715,JET,20040224,63184,63.392578125,0.124017118340295,-1.09738540649414,-1.25154759532727,2.8150520324707,7.78295193840002,2.93878746032715,1.41214919090271,1.5911626098281,0.310224556407149,1.09727254624131
9716,JET,20040224,63185,63.392578125,0.124226075542492,-1.09925651550293,-1.25206070835064,2.87505340576172,7.60908608596924,2.938232421875,1.411940574646,1.59313307186729,0.309907950768592,1.08880519220832
9717,JET,20040224,63186,63.392578125,0.116367187016881,-1.09471416473389,-1.2539921019589,2.96179580688477,7.82592036948837,2.93176651000977,1.41025710105896,1.5827320637522,0.312571970411622,1.05460568175799
9718,JET,20040224,63187,63.392578125,0.118313355817287,-1.09514999389648,-1.25602135892861,3.08793449401855,7.675631192985,2.92831993103027,1.41461086273193,1.57972839661502,0.314417439651192,1.04405744706919
9719,JET,20040224,63188,63.392578125,0.121358798555033,-1.09576320648193,-1.25081137254342,3.0433177947998,7.8465646576204,2.93662643432617,1.4104745388031,1.58684231281467,0.310943384094183,1.0556061302192
9720,JET,20040224,63189,66.6217651367188,0.134422596516814,-1.19223976135254,-1.24011694794083,3.23235130310059,8.04481021597091,2.94808387756348,1.27252197265625,1.62513914628046,0.304731358106163,1.12749524684487
9721,JET,20040224,63190,66.6217651367188,0.145261934857236,-1.19389915466309,-1.2370907419909,3.09898376464844,7.45948799026686,2.95529556274414,1.27577185630798,1.62600069732442,0.30425234893438,1.13575316712135
9722,JET,20040224,63191,66.3733520507813,0.126782046719815,-1.19306468963623,-1.24259108619621,3.44888496398926,7.87815451204129,2.94547843933105,1.27163481712341,1.61753960534144,0.307119536042387,1.07628221766075
9723,JET,20040225,63212,66.3733520507813,0.141897102015713,-1.19535446166992,-1.23555870798497,3.0627384185791,7.69171990508229,2.96066665649414,1.27671098709106,1.61296603618197,0.305450438784674,1.04491999106612
9724,JET,20040225,63213,66.6217651367188,0.125295353514194,-1.19361877441406,-1.23931252347299,3.11418724060059,7.9042719057264,2.95065116882324,1.26672530174255,1.61179370031348,0.306082905459696,1.05144034026869
9725,JET,20040225,63214,66.3733520507813,0.138757270738574,-1.19187831878662,-1.23828491495582,3.21663093566895,7.10087700270025,2.95205116271973,1.26670694351196,1.60473747319004,0.306292299988693,1.03812789539073
9726,JET,20040225,63215,66.3733520507813,0.129525596799477,-1.19242286682129,-1.23787658908803,2.98222541809082,7.36964356592406,2.95433616638184,1.26819038391113,1.60619809605796,0.306111084928043,1.04329436433775
9727,JET,20040225,63216,66.3733520507813,0.128814622214006,-1.18804836273193,-1.23932234811072,3.01083946228027,7.17758682442572,2.95075988769531,1.26926732063294,1.60156161669245,0.308816694763188,1.03603424184293
9728,JET,20040225,63219,66.3733520507813,0.1174007728975,-1.18524074554443,-1.23826715417003,3.24140167236328,7.64484741108988,2.9531421661377,1.26854085922241,1.59552287902551,0.309421254449243,1.02458382753555
9729,JET,20040225,63220,66.3733520507813,0.112601930649145,-1.18670463562012,-1.23939665766021,3.48955917358398,7.75758557283437,2.95215225219727,1.2687406539917,1.59817769960247,0.308960975023549,1.0222588850586
9730,JET,20040225,63222,63.392578125,0.112389417645301,-1.09325695037842,-1.25516897010374,3.06145286560059,7.60294045516814,2.92824172973633,1.40865635871887,1.57471333175104,0.314446028704269,1.01489526694736
9731,JET,20040225,63223,61.1156005859375,0.137698074550411,-1.09768199920654,-1.21981720223206,3.5177173614502,7.47337395157444,2.93409729003906,1.41124248504639,1.58471372156662,0.31201781563168,1.02512246783346
9732,JET,20040225,63223,63.392578125,0.133148540531842,-1.09139823913574,-1.25267455384207,2.86827278137207,6.5181346286192,2.93225860595703,1.40515947341919,1.58400312151872,0.31225965103542,1.02307170847254
9733,JET,20040225,63223,65.13134765625,0.14214644909223,-1.08734798431396,-1.2514007564331,3.18817901611328,5.643941787389,2.92746543884277,1.39428734779358,1.57045317048053,0.312810497545339,1.02502868241164
9734,JET,20040225,63224,63.392578125,0.185797910884858,-1.0984001159668,-1.24742222973704,2.86376762390137,5.69391385118522,2.94421577453613,1.407466173172,1.60257047540414,0.306142488713198,1.08489372840741
9735,JET,20040225,63224,65.3797607421875,0.204934146938333,-1.0922327041626,-1.24189281401259,2.96602439880371,4.71164071638818,2.94556617736816,1.41241550445557,1.59869523888251,0.307985203891668,1.09786253854889
9736,JET,20040225,63227,65.3797607421875,0.100438612055939,-0.694209575653076,-0.95614861738388,1.95952129364014,3.8108444671811,2.92665481567383,1.42005467414856,1.57642721448572,0.309147815772838,1.06049875062168
9737,JET,20040225,63228,64.6345825195313,0.152139786390846,-0.679526805877686,-0.956067510956579,2.22586441040039,1.85062827384172,2.9189281463623,1.3921799659729,1.55490567602177,0.311447019947608,1.05005274950187
9738,JET,20040225,63228,66.6217651367188,0.141632126369142,-0.681647777557373,-0.958524436139283,2.19289016723633,2.13166215354561,2.92329406738281,1.39636898040772,1.56272771487581,0.308590915852825,1.04773190360177
9739,JET,20040225,63229,66.6217651367188,0.153737988954988,-0.672289371490479,-0.961263306427598,2.09421539306641,1.65378993360086,2.9142894744873,1.39309024810791,1.54717839775142,0.312476152329268,1.04377338322628
9740,JET,20040225,63230,67.86376953125,0.135919064554555,-1.19093894958496,-1.23890880003512,3.15528297424316,7.41119363826355,2.9543628692627,1.2735869884491,1.61381185732609,0.306948733228013,1.02657825620887
9741,JET,20040225,63232,65.8765869140625,0.132595243091639,-1.18951797485352,-1.23892932623596,3.28498077392578,7.7387238986219,2.95470809936523,1.26703906059265,1.59870461908574,0.306662242643879,1.02404864636817
9742,JET,20040225,63232,68.153564453125,0.126674484897743,-1.18960571289063,-1.23741768562775,3.33905220031738,8.0602659936547,2.95176124572754,1.27358961105347,1.60943382475653,0.307358198934719,1.02413021970829
9743,JET,20040225,63233,65.8765869140625,0.126443175059712,-1.18967247009277,-1.2415747401768,3.43115997314453,7.78091067545304,2.94775772094727,1.26400399208069,1.59897082072274,0.30803996055579,1.01674178419974
9744,JET,20040225,63233,68.153564453125,0.115025838367955,-1.18625640869141,-1.24003873178626,3.29242134094238,7.87079285115488,2.94879341125488,1.26736903190613,1.59736740308996,0.307399110100342,1.01794011623849
9745,JET,20040225,63235,65.8765869140625,0.0899575298218374,-0.701206207275391,-0.959780907994383,2.03924560546875,5.26519609119637,2.92859649658203,1.4453125,1.58008093383037,0.308367601737105,1.05245905995403
9746,JET,20040225,63235,73.12158203125,0.200012456221004,-0.683324337005615,-0.961294117185805,2.18154716491699,1.95880764526404,2.91892242431641,1.44401931762695,1.57455298715416,0.311895238754904,1.05954049764714
9747,JET,20040225,63236,66.6217651367188,0.0922084541133212,-0.698749542236328,-0.960300383566708,2.38275909423828,5.13078809016959,2.93039131164551,1.4271080493927,1.57799346577526,0.307645005854713,1.04119787441577
9749,JET,20040303,63353,67.86376953125,0.189624121694543,-1.17991638183594,-1.00957062454193,1.69415760040283,2.72649176879957,2.8965015411377,1.22193479537964,1.5679080164302,0.33045809926373,1.03146965247414
9750,JET,20040303,63357,66.8701782226563,0.156941560213731,-1.18621921539307,-1.0093021845259,1.785400390625,3.69381394711243,2.89936256408691,1.21947860717773,1.56720532283854,0.329642405340172,1.05422783316222
9751,JET,20040303,63357,69.6439819335938,0.217896666000388,-1.18812561035156,-1.00321185543033,2.63576507568359,4.41472745342925,2.91534614562988,1.2366509437561,1.6004419016304,0.322168872233283,1.06254074523912
9752,JET,20040303,63358,66.6217651367188,0.169288530087588,-1.19228363037109,-1.00145271692381,2.37525367736816,5.27415358528985,2.91803741455078,1.23287856578827,1.60102791264449,0.322628002499523,1.06412934255489
9753,JET,20040303,63359,68.153564453125,0.171927229724218,-1.19287586212158,-1.00357666015785,2.23514175415039,5.28793329399439,2.9138011932373,1.23472094535828,1.59903574037649,0.323591925224738,1.08286395337057
9754,JET,20040303,63361,66.6217651367188,0.169700975362754,-0.936207294464111,-0.974839242645555,3.04271507263184,4.35183468258936,2.92763137817383,1.33559513092041,1.63487871099596,0.305878246581911,1.02933450953084
9755,JET,20040303,63361,68.650390625,0.164998300074143,-0.929307460784912,-0.979037175428604,1.81502246856689,2.68905892859634,2.91673469543457,1.31476163864136,1.62868724550824,0.307420045265232,1.04275458924327
9756,JETILW,20120215,82283,56.2,0.313479001177815,-2.46755830303,-2.71689917789,9.14453652538,11.2594621931968,2.90942405932,1.37386044589,1.5837146737,0.312721599592687,1.99950640129
9757,JETILW,20120215,82284,55.25,0.284263401146096,-2.4717385,-2.72030769799,8.41971363937,12.273321455766,2.90623060862,1.369445085526,1.57821779579,0.314078973894102,1.99809916814
9758,JETILW,20120216,82305,58,0.219705201127815,-1.97691381818,-2.21455907217,6.73765174009,12.538462901647,2.91427334872,1.374230514874,1.59103439684,0.310883540674361,1.9944523898
9759,JETILW,20120229,82433,51,0.277075418414239,-1.9827047619,-2.14915938902,6.19255292969,10.285987485554,2.8972563244,1.272590373811,1.56645061881,0.319679174706024,1.99662955148
9760,JETILW,20120229,82435,51.5,0.276297497946473,-1.97988654545,-2.14884155056,6.21534325487,10.214497336372,2.89747434674,1.271392562173,1.56576578493,0.319644279995797,1.9976422859
9761,JETILW,20120229,82447,50.75,0.279021429751435,-1.98373024,-2.14682881586,6.09334637046,10.086474910304,2.89813354492,1.272449398041,1.56767228205,0.319511111551128,1.99897705078
9762,JETILW,20120306,82480,56,0.271084320797828,-1.97496206452,-2.21558337243,6.79544729864,10.972701258052,2.92061491935,1.376879230622,1.58187360626,0.309881002459723,1.99938792567
9763,JETILW,20120306,82486,54.5,0.277436749986944,-1.97614824242,-2.05495920508,6.29621453411,10.177688559619,2.88943157774,1.281375502095,1.57313285421,0.321900445819691,1.98589949174
9764,JETILW,20120306,82486,58.5,0.310140071203759,-1.96470242424,-2.05428993665,5.93170021715,7.160930650899,2.88900178852,1.275881803397,1.57407338313,0.321350543720708,1.98177800034
9765,JETILW,20120306,82488,54.65,0.28082639588823,-1.97467088372,-2.05437106461,6.21293382906,10.143720014278,2.889568595,1.280719579652,1.57266047643,0.321752712747766,1.98551781233
9766,JETILW,20120306,82488,58.35,0.312239440430392,-1.96379927273,-2.05444839175,5.92507797101,7.034532581862,2.88842721419,1.274850726128,1.57307325303,0.321527796328923,1.98215883428
9767,JETILW,20120308,82535,55.25,0.238949339724184,-2.479992,-2.67916441907,7.17216958745,16.386800592681,2.90767392245,1.375887379501,1.58344491251,0.313802802354531,1.99605352228
9768,JETILW,20120308,82536,55.25,0.230187974817141,-2.48057236364,-2.67401842058,8.15890685843,16.884452817709,2.90936117461,1.374245253476,1.58815261468,0.31262117988631,1.99400283351
9769,JETILW,20120308,82537,55.25,0.245112877964728,-2.48026230303,-2.68094432155,7.71763337707,16.304084598344,2.90859268651,1.375053319064,1.58449923538,0.313212392545108,1.99596243194
9770,JETILW,20120308,82539,55.6,0.276544565104677,-2.48013614815,-2.67999280004,7.44362276489,13.61455142783,2.90891831009,1.373993838275,1.58815881833,0.312764710551412,1.99288502446
9771,JETILW,20120308,82540,55.5,0.246345090973718,-2.48262864516,-2.68070929132,7.32390500683,15.178166594939,2.91083821943,1.375413848508,1.58718161967,0.312310678135529,1.99444272441
9772,JETILW,20120308,82541,55.5,0.241610011346485,-2.48313854545,-2.67863019533,7.22850680404,16.193288292896,2.9112999656,1.379670966755,1.58838231876,0.312425327380013,1.99599838257
9773,JETILW,20120309,82545,55.75,0.226964064363455,-2.48003352381,-2.66684564884,7.80262338829,17.17140317368,2.90959421794,1.374457064129,1.59133759937,0.312234624301049,1.99810028076
9774,JETILW,20120309,82546,55.5,0.253105388624503,-2.47929472727,-2.66387021858,7.8346117972,15.248866891605,2.90909749811,1.373571959409,1.58893341723,0.312539853065667,1.99486038902
9775,JETILW,20120309,82550,55.75,0.260117026101507,-2.47952993939,-2.65995972968,7.63193503653,15.013754337094,2.91013706092,1.37419314818,1.5908521353,0.312186507864612,1.99753986705
9776,JETILW,20120312,82576,58.25,0.241126129037307,-1.97904669091,-2.21681796747,5.72396197345,12.03718423145,2.91514088024,1.38253661069,1.59750034205,0.309927169629146,1.98320770264
9777,JETILW,20120312,82581,58.25,0.273884476692898,-1.98073876364,-2.21493753439,5.87893139958,10.187861327054,2.91542275169,1.379493383928,1.59791889847,0.309970359466787,1.97984286222
9778,JETILW,20120312,82585,55.4,0.268880086681823,-2.48131338462,-2.67416281737,7.24911827833,15.966041366323,2.91116626446,1.382778131044,1.58615606705,0.312424641276787,1.98897669866
9779,JETILW,20120312,82588,55.4,0.30766673486692,-2.4882524,-2.66159004208,7.57822409876,15.490193112887,2.91042423248,1.38662879467,1.58813808925,0.312546198130671,1.98740024567
9780,JETILW,20120312,82590,55.25,0.258759277283335,-1.98759824,-2.21802383559,5.96637629234,13.941569275794,2.91463409424,1.387076301575,1.5986175487,0.311309239673392,1.98036865234
9781,JETILW,20120314,82628,59,0.334142348154948,-1.96555127273,-2.05826692058,6.15458758483,7.18433310043,2.88723512129,1.275735725056,1.55468841551,0.322130667094563,1.9971667203
9782,JETILW,20120314,82628,61.6,0.263746600050614,-1.97424692308,-2.04930902215,6.51756715948,11.265155306227,2.89699935913,1.286104587408,1.57453576594,0.317669058504857,1.99676264249
9783,JETILW,20120314,82630,59.25,0.30457950806563,-1.97583490909,-2.05136421676,6.3617430815,9.584279065816,2.89536562833,1.277654055393,1.56595091406,0.319442498110496,1.99644054066
9784,JETILW,20120314,82630,61.7,0.232034171313617,-1.97443935484,-2.04573871428,5.91088906316,12.64738094323,2.90023459158,1.28044854441,1.57743709175,0.316975383233113,1.99587139007
9785,JETILW,20120314,82635,59.25,0.232417827463991,-1.28067369697,-1.31430466118,4.05070451334,6.495705192296,2.90551757812,1.286470694975,1.58095887489,0.315689050354153,1.99516874371
9786,JETILW,20120314,82635,61.75,0.177522554171145,-1.28402448485,-1.31351377076,3.70888927675,9.272424626358,2.90993453517,1.29517474319,1.58995557637,0.313865896331803,1.99545634877
9787,JETILW,20120314,82636,59.5,0.264128591955228,-1.57808593939,-1.61972502767,5.13472422753,8.13093804121,2.90230352228,1.28384106087,1.57779092269,0.316539164925208,1.99736716531
9788,JETILW,20120314,82636,62,0.203351924160252,-1.58233878788,-1.61746155693,4.83062218113,11.124535104754,2.90606481379,1.289833379514,1.58785744875,0.314786075348733,1.99732000178
9789,JETILW,20120314,82638,60.15,0.291362841022271,-1.9771177931,-2.0629878194,6.5389094583,10.081643505501,2.87614177835,1.28104223054,1.5801887008,0.319094805491649,1.9974650679
9790,JETILW,20120315,82650,55.25,0.244840829074058,-2.48055418182,-2.67556880062,7.97290875677,15.726412738193,2.90843644576,1.373201248863,1.58395631989,0.312906803812655,1.98117819314
9791,JETILW,20120315,82661,55.9,0.246600952623619,-2.478081,-2.64234380389,8.11450214798,15.425396818338,2.90997867584,1.371929705143,1.58942155701,0.312225394678444,1.99813289642
9792,JETILW,20120315,82662,56.3,0.278932604567378,-2.47535327273,-2.65135049609,8.21867877342,12.614339186153,2.91002759066,1.368582096967,1.58856771522,0.312174477188708,1.99612045288
9793,JETILW,20120316,82666,58.5,0.272005116494577,-1.97748739394,-2.05001286718,6.54956429659,11.236319430662,2.89819289699,1.277304302562,1.57164574775,0.31817819944722,1.99564245975
9794,JETILW,20120316,82667,59.5,0.262516586658943,-1.97696087273,-2.04850646626,6.2321211338,11.222715523576,2.89999139959,1.277283885262,1.57532187115,0.317349218082893,1.99275443337
9795,JETILW,20120316,82670,60,0.289076176957524,-1.97474018182,-2.04756588719,6.37121706009,9.960073391764,2.89954133467,1.275593356653,1.57500444356,0.31759092226385,1.99438632618
9796,JETILW,20120316,82672,59.5,0.253073899291073,-1.97656596364,-2.04688510162,6.08506903582,11.474930511204,2.90004383434,1.277043784748,1.57529366437,0.317536771212486,1.9942676891
9797,JETILW,20120321,82705,53,0.267900346203157,-2.46985478788,-2.55808264998,8.16647783162,12.909717748361,2.91435704087,1.214393081087,1.60875676098,0.305351452399375,1.98532705596
9798,JETILW,20120322,82717,47,0.164867212033109,-1.69283655696,-2.04493434771,4.34111761066,14.209227644124,2.88998838014,1.280870425551,1.57253927424,0.31934305740056,1.98569942426
9799,JETILW,20120322,82718,45.95,0.201925853076238,-1.69630874576,-2.03766510734,4.60669531072,16.144809715622,2.89941949359,1.289390838752,1.56380320564,0.316284793504143,1.98717253087
9800,JETILW,20120322,82725,46.2,0.201431143083443,-1.69724723077,-2.030814679,4.7662967047,17.130636692751,2.90774653508,1.288088972751,1.57517076472,0.31393923926278,1.99013812725
9801,JETILW,20120326,82751,56.5,0.235101566900421,-2.47790448485,-2.7030194592,7.76624129079,16.006405023693,2.91000135017,1.373261943008,1.59233349071,0.312030591450741,1.99119475394
9802,JETILW,20120327,82777,54.15,0.268592662643858,-2.47854257143,-2.67770952485,6.95136066411,15.686473044454,2.89049339294,1.276890286378,1.56171227412,0.321691930087834,1.97707898276
9803,JETILW,20120327,82778,57.25,0.248099667286791,-2.47850008163,-2.67572295933,6.48864091438,15.761812671305,2.89327473543,1.274432143387,1.56806714545,0.320407452576475,1.98099439971
9804,JETILW,20120328,82787,47.6,0.189747629142664,-1.49011145763,-2.0508238328,5.27683367183,10.741592598691,2.88274034403,1.354788101325,1.55488383373,0.316712425535922,1.98924695031
9805,JETILW,20120328,82789,47.5,0.171177875385321,-1.49010533333,-2.04328433323,4.56339054192,12.414011987169,2.88953885165,1.353829918485,1.56220867982,0.314142947920795,1.98539687648
9806,JETILW,20120328,82790,48.1,0.156871452264387,-1.49619054545,-2.03682583329,4.30644435021,15.103061150801,2.89966444536,1.368089459159,1.58256923292,0.310239644927713,1.98865485914
9807,JETILW,20120328,82792,47.5,0.167637210643827,-1.48943890909,-2.03594275631,4.53484088688,13.271347442033,2.89637571393,1.357775240233,1.57344880624,0.311485156267542,1.99821240974
9808,JETILW,20120328,82794,47.3,0.173144601495828,-1.49602387692,-2.03268789906,5.07624111608,17.535386855825,2.89895653358,1.387639588576,1.58134819126,0.310899340688279,1.98981604943
9809,JETILW,20120328,82800,46.9,0.175691172569482,-1.69263224242,-2.03448673493,4.12356442835,17.31397667368,2.89583263975,1.263869834669,1.56197457933,0.322505950829612,1.99324428674
9810,JETILW,20120328,82804,49.5,0.179772302769539,-1.69151612121,-2.3164026609,4.98364534853,16.862208127431,2.89944804798,1.353506507295,1.55640428838,0.309178194468613,1.98466861609
9811,JETILW,20120329,82806,55.5,0.235186273156328,-2.47919509091,-2.69565671817,7.83580876954,16.446539709879,2.90696872364,1.372798659584,1.58925076649,0.313023423772374,1.97913138839
9812,JETILW,20120403,82863,61.5,0.338537203237589,-1.96341418182,-2.04789393698,5.94419489136,6.729222137297,2.894360629,1.285879015922,1.57007394802,0.321626323426955,1.99549137462
9813,JETILW,20120403,82864,61.5,0.338696661350792,-1.964144,-2.04749981372,5.85745837729,6.663440901961,2.89478440718,1.284911444693,1.57048425011,0.321642263324899,1.99498032079
9814,JETILW,20120403,82866,62.05,0.334620841998011,-1.96128083333,-2.04556719488,5.90608516264,6.64353037306,2.89566294352,1.286142925421,1.569976785,0.321298005438448,1.99785455068
9815,JETILW,20120403,82868,61.3,0.334410812161299,-1.96389904762,-2.04652579219,5.78422738444,6.698960382939,2.89529727754,1.284094072523,1.56902485106,0.321795856257157,1.99004182361
9816,JETILW,20120410,82898,61.6,0.174107035521485,-1.5891695,-2.46659981381,3.73438285633,12.495016462049,2.89664955139,1.293679440021,1.57492543137,0.319092499229484,1.99361839294
9817,JETILW,20120410,82900,59.5,0.186465798705477,-1.28717490909,-2.47377059658,2.87804803579,7.60377796713,2.89029988376,1.286896261302,1.55846136923,0.322667017420273,1.99430829828
9818,JETILW,20120410,82904,55.4,0.187510434851878,-2.4821504,-2.46880395591,7.66227076758,22.627909032645,2.89645729065,1.27947397232,1.57487056804,0.318669843586357,2
9819,JETILW,20120410,82905,55.25,0.236435456341166,-2.49099587879,-2.46932268106,6.59479732534,22.628127350075,2.89884008542,1.290837788822,1.57924091329,0.318313380682849,2
9820,JETILW,20120613,83141,60.25,0.195736052327559,-1.48037446465,-1.54639021205,5.47488392213,8.437116677562,2.91467377634,1.416871619947,1.58571753078,0.309103232632888,1.99751158435
9821,JETILW,20120614,83167,56,0.214695920198626,-2.47495418182,-2.65702680056,6.58891332552,18.603672026687,2.89600349195,1.268996766119,1.57090114847,0.318173042104159,1.96711546002
9822,JETILW,20120615,83176,55,0.2272936741968,-2.47611894949,-2.76521330752,7.80632426573,16.209246984342,2.89173873747,1.266175347145,1.5607910827,0.320532704083062,1.98083619397
9823,JETILW,20120615,83177,54.1,0.234339805433923,-2.47524775758,-2.7657481589,7.62596706334,16.020895870683,2.89110842618,1.26880385659,1.55584640025,0.32111210990127,1.98648972945
9824,JETILW,20120618,83214,55,0.332175696720559,-1.97123442424,-2.23154397586,6.52715630825,6.972086423554,2.89683440237,1.362941626346,1.56197299953,0.316965070266631,1.98775366581
9825,JETILW,20120620,83240,54.85,0.327268030908762,-2.47263739535,-2.25921572954,7.38135594412,10.953962199068,2.92357156443,1.260418598042,1.58027331706,0.31231246430734,1.9499737052
9826,JETILW,20120620,83245,54.5,0.26926300495896,-2.47681454545,-2.26210986221,8.84016355931,15.575559906695,2.91892542984,1.263941136274,1.57039334611,0.314721336664759,1.97189677845
9827,JETILW,20120620,83246,56.25,0.254736501628476,-2.47342864,-2.27438827909,8.19482963321,15.722937758804,2.90025817871,1.267621049881,1.574786221,0.319826184192531,1.96214752197
9828,JETILW,20120620,83247,55.6,0.25544381024112,-2.47758830769,-2.50876645812,7.88360626989,14.592876545583,2.89642940423,1.265145570804,1.566244721,0.321232736127518,1.98813081399
9829,JETILW,20120620,83248,54.5,0.233433703375364,-2.47998012121,-2.4202796026,7.94936210833,17.638401803195,2.90406776197,1.274909294013,1.5672030204,0.319319256105078,1.98579499216
9830,JETILW,20120620,83249,54.5,0.264226053649289,-2.48308436364,-2.41971734997,7.59839025618,17.391264624492,2.90531158447,1.278616681244,1.56895226669,0.31906748184605,1.95549242424
9831,JETILW,20120620,83251,56.25,0.289471780324985,-2.48040192,-2.28026907792,8.19901328961,15.877624288074,2.90062133789,1.272460708618,1.57513767607,0.319854291893506,1.95930480957
9832,JETILW,20120621,83267,47.5,0.192556607936304,-1.98931951515,-2.6830415178,5.55706265264,13.978121247604,2.92866030606,1.364782362274,1.6073611042,0.305927575459359,1.94708876176
9833,JETILW,20120621,83268,47.5,0.18013297382945,-1.98930242424,-2.6801396911,5.25016555972,16.061085222015,2.93345156583,1.368994611683,1.6148294089,0.304353560580908,1.94888513738
9834,JETILW,20120622,83276,51.7,0.259229892892406,-2.48138715152,-2.5561563559,8.20782439463,17.32648766234,2.89825462573,1.260897340197,1.57057279683,0.318977159534817,1.97825708389
9835,JETILW,20120622,83278,56.75,0.180934456718759,-1.97542884848,-2.1936736332,6.46516308657,14.207555717241,2.92111562093,1.443872880935,1.58713302213,0.310568513221045,1.98495021011
9836,JETILW,20120622,83279,51.5,0.209778727966785,-2.48373260606,-2.56448428412,6.96252280267,19.081416667391,2.89267985026,1.27536503474,1.56843580815,0.320771207283308,1.98315938314
9837,JETILW,20120622,83286,46.8,0.20822401679973,-1.68366327273,-2.03402587206,4.78583704942,9.999433405413,2.89315125436,1.237552158761,1.52507715138,0.322671439840607,1.99391521107
9838,JETILW,20120622,83287,46.75,0.149950257550209,-1.68505369863,-2.03271338296,4.07841376301,14.366333791272,2.89654060259,1.241450401201,1.5316557686,0.321430589429506,1.99468074433
9839,JETILW,20120623,83293,52.5,0.252797287810993,-2.47966674747,-2.42848911555,7.80586358501,14.794925637831,2.89897849343,1.262201636728,1.57109285802,0.320575048070615,1.96649971394
9840,JETILW,20120623,83294,51.75,0.256617539777598,-2.4792336,-2.43048750725,8.19792773445,14.56986515123,2.89925201416,1.261101579666,1.56778806816,0.320869624849612,1.96907180786
9841,JETILW,20120623,83295,52.5,0.259357385980558,-2.48478685714,-2.42674448596,8.12068161834,15.937035941779,2.90235410418,1.264579693477,1.57519984899,0.319579110136203,1.97186896915
9842,JETILW,20120623,83296,53,0.253706344650865,-2.48269818182,-2.42744006471,8.43683102831,16.1311023608,2.90119124904,1.26753932057,1.57572260567,0.319808685220258,1.96743797533
9843,JETILW,20120623,83297,53,0.255962399256014,-2.48355490909,-2.42743290432,7.6291575822,16.052735248349,2.90059199478,1.258200818842,1.57268901099,0.320410379246561,1.9663328691
9844,JETILW,20120623,83300,53,0.246173568488814,-2.72816727273,-2.49965991358,8.79393551651,18.401581289294,2.90179142807,1.264817100583,1.57802716198,0.319594785863648,1.96050724839
9845,JETILW,20120623,83302,53.5,0.221240211825056,-2.72952664615,-2.67956629443,8.05246991074,21.1657788611,2.9001962515,1.266588350443,1.57497726764,0.320168378449475,1.96077176608
9846,JETILW,20120623,83303,53.25,0.232089960878412,-2.73159121951,-2.68105759724,7.54611500498,20.293136074458,2.90008396056,1.267556207936,1.57474840817,0.320339954437598,1.95186410299
9847,JETILW,20120623,83304,53.5,0.237586941352385,-2.73261513846,-2.68077743375,7.27516902199,20.6805656558,2.90067162147,1.268052864075,1.57543075376,0.320150222593062,1.94448934702
9848,JETILW,20120623,83306,53.5,0.232943313628034,-2.98197956923,-2.92592434116,8.6382235594,22.921989505614,2.8998065655,1.265160751343,1.57614426716,0.320212921664964,1.95269188514
9849,JETILW,20120623,83307,53.5,0.228426580745895,-2.98166055385,-2.92705444961,8.76817563033,23.70917996009,2.8994729849,1.266058173546,1.57566350694,0.320415270759987,1.95060600868
9850,JETILW,20120623,83308,53.25,0.268904186994635,-2.98248429268,-2.63179452793,9.49246886999,21.780239458201,2.90386572117,1.267333664545,1.58418807631,0.318730124858558,1.95639726592
9851,JETILW,20120625,83317,47.2,0.198334231502538,-1.69315260606,-2.30620997299,5.47418129022,15.980916933875,2.90461430405,1.376456766418,1.55288589688,0.312088785581287,1.98986608332
9852,JETILW,20120625,83320,46.9,0.182157851955467,-1.69291093333,-2.30097365095,4.95720570028,17.410747079233,2.9118411594,1.373755878872,1.56333070941,0.308944741980489,1.98974914551
9853,JETILW,20120625,83322,47.3,0.166502743628288,-1.68688121212,-2.29855970806,4.91377868534,17.586148467496,2.9147047563,1.372969612931,1.57039462123,0.306795052888356,1.98907540061
9854,JETILW,20120625,83325,47.25,0.192086739586957,-1.687978,-2.29137382276,6.31326430508,20.468706799998,2.92201211717,1.400823990504,1.56808973407,0.307123269927148,1.98618761698
9855,JETILW,20120626,83337,55.75,0.191721279204174,-1.59016326531,-1.60616304691,4.7389690029,12.958998248617,2.90633439045,1.290294832113,1.58568605653,0.315738512785488,1.99394350636
9856,JETILW,20120626,83338,56,0.151564886219799,-1.59310145455,-1.60476483171,4.12970023099,16.752593647039,2.90953641949,1.295221415433,1.59264315417,0.314329686697068,1.9929858121
9857,JETILW,20120627,83344,53,0.235534264284499,-2.73131466667,-2.67740793813,8.06613481717,20.08720446402,2.90028520064,1.265634197177,1.57511833161,0.320046339430402,1.96535538182
9858,JETILW,20120627,83345,53,0.230960277055268,-2.73209357576,-2.67685040811,7.76842506749,20.291534128381,2.90064077666,1.266352068294,1.57733473155,0.319770683326749,1.96806936553
9859,JETILW,20120627,83346,50.5,0.257358105248475,-2.73538278788,-2.67973127869,8.04551044194,18.280057676959,2.89778877027,1.266431454456,1.56809490871,0.321389531982769,1.9773127238
9860,JETILW,20120627,83347,53,0.245432702974468,-2.734024,-2.67744683537,7.34271457215,20.010905512063,2.90037929651,1.26862413233,1.57717743483,0.320069475005577,1.95339503433
9861,JETILW,20120627,83351,52.5,0.275277103057608,-2.73414569697,-2.67706452231,7.93573027521,17.95032237529,2.90056471391,1.268156803015,1.57664412833,0.319964525838811,1.94247344046
9862,JETILW,20120627,83353,53,0.23617594961368,-2.98303975758,-2.92060880022,8.46069166208,22.772919313505,2.89982512503,1.26582608801,1.57667417126,0.320185075398433,1.94804128011
9863,JETILW,20120628,83357,55.5,0.227677949038703,-2.47741987879,-2.70462210961,8.48310129236,16.201746844614,2.90353786584,1.375270207723,1.5842086563,0.314243759382499,1.98062873609
9864,JETILW,20120628,83370,56,0.26247177622652,-2.47695612121,-2.70155168896,8.17217418146,14.124503943686,2.907111428,1.367474021333,1.58654622815,0.313182271847201,1.97626680316
9865,JETILW,20120628,83371,56,0.231200359661382,-2.47841890909,-2.70133450589,8.04144383221,16.326716679108,2.90706218373,1.369452635447,1.5866643399,0.313213244773359,1.97725030148
9866,JETILW,20120629,83388,62,0.35616322726868,-1.95415181818,-2.03226195678,5.8127256703,5.678917665233,2.89531655745,1.282098900188,1.57055802202,0.320498021982187,1.98728197271
9867,JETILW,20120702,83393,62,0.323104862099367,-1.95904981818,-2.03152567298,5.86635263471,6.701281799364,2.89515321905,1.282185576178,1.57002202727,0.3208750341009,1.99024737965
9868,JETILW,20120702,83395,53.75,0.252327846920626,-2.73428228571,-2.67532532274,7.45425255011,18.921918736671,2.90199404347,1.267625195639,1.58092545347,0.319138853891508,1.92532749474
9869,JETILW,20120702,83396,53,0.22633113543563,-2.736129,-2.67091590306,6.68771667184,21.057579076093,2.90695810318,1.268851205707,1.58179560344,0.318801175230978,1.98509573936
9870,JETILW,20120702,83398,53.5,0.218935020128091,-2.73525095385,-2.67207546148,6.36537504695,21.671765216305,2.90569857084,1.269176358443,1.57885004787,0.319313366474822,1.94692500188
9871,JETILW,20120704,83431,53.5,0.24058612816919,-2.73853842424,-2.67686925364,6.40356838654,20.67158392396,2.90301883582,1.268034270315,1.58398985567,0.318740518966572,1.955479015
9872,JETILW,20120704,83435,56,0.196210920121677,-2.391624,-2.40994774874,4.19834036697,24.862526085066,2.90151145241,1.285452467022,1.58009304474,0.317377838696835,1.98098315615
9873,JETILW,20120704,83438,56.2,0.212802181433458,-2.38291781818,-2.40912536181,5.61145346977,24.699044085004,2.90274024732,1.286229155281,1.58006725285,0.317289143043486,1.98676461884
9874,JETILW,20120706,83468,54.15,0.248068462100865,-2.73934846512,-2.67492654287,6.17992926415,20.069165938112,2.90305984852,1.269525034483,1.58432026949,0.3187292337992,1.94453997945
9875,JETILW,20120706,83469,50.5,0.221984639712155,-2.73554230303,-2.67675352569,7.09477522785,20.935836639148,2.90050390995,1.266899246158,1.57265140752,0.320190291229433,1.97188637473
9876,JETILW,20120706,83470,53,0.226911315537316,-2.98357721212,-2.91782525946,8.03446747491,22.942033190722,2.90139747388,1.265622984279,1.5789723135,0.31958465325918,1.95578164765
9877,JETILW,20120706,83471,53.75,0.247734735571494,-2.98016783673,-2.92164625088,7.95177317607,20.861202280443,2.90078237105,1.264804402176,1.57830003393,0.319801967284505,1.94915242098
9878,JETILW,20120706,83472,51.1,0.217827339094522,-2.98308369231,-3.12199781706,7.8670590597,22.523455211486,2.89780210837,1.263014940115,1.57043307445,0.321095992117414,1.96507908748
9879,JETILW,20120706,83473,50.7,0.214350134168794,-2.98115321212,-3.12301800585,7.8634918335,22.963148070211,2.89763525761,1.265059066542,1.56747346616,0.321435840598251,1.96769853072
9880,JETILW,20120706,83474,51.25,0.210850730842746,-2.98410742857,-3.12235069301,7.04704176305,22.964350769979,2.89837615344,1.264463930714,1.57233955092,0.320803595957839,1.9607115765
9881,JETILW,20120706,83476,51.6,0.246217094143461,-3.2330862,-3.16937183008,8.52534282852,23.776982618118,2.900365448,1.264507335425,1.57522138811,0.32020529297486,1.93047370911
9882,JETILW,20120706,83477,51.5,0.256925697414225,-3.47947443478,-3.40954403167,8.51166054771,23.654175373332,2.90150285804,1.263963813367,1.579888304,0.319465897750366,1.93923999952
9883,JETILW,20120706,83479,52.5,0.240993623507201,-3.48079581538,-3.41085096498,8.45077600234,26.585351167607,2.90040095403,1.263962298174,1.58001776093,0.31943986699034,1.95331737812
9884,JETILW,20120706,83480,51.75,0.275478569099583,-3.48032290909,-3.08499347329,9.32982962605,24.5117438015389,2.90347783252,1.264223850135,1.58328991238,0.318646243354995,1.90741610527
9885,JETILW,20120706,83481,51.5,0.243777043304036,-2.98271490909,-2.91951062389,8.68479570535,21.89484286895,2.8991243767,1.265205000386,1.57294160715,0.32054560586007,1.95205780954
9886,JETILW,20120707,83485,51.5,0.20155724149029,-2.47457890909,-2.85079249563,7.49279280761,17.132802995651,2.90614365086,1.218772404122,1.56104743603,0.318855406341935,1.9634586681
9887,JETILW,20120707,83487,51.2,0.216927684907524,-2.47796104348,-2.85376207868,6.93788720797,16.942125170668,2.90366164498,1.2217243858,1.56509388082,0.31946808725725,1.95851566481
9888,JETILW,20120707,83488,51.75,0.205728280939008,-2.47690448,-2.85297456909,6.63660198889,16.909926598917,2.9055947876,1.219916934967,1.56872954817,0.318766947310998,1.9565423584
9889,JETILW,20120707,83490,52,0.211076966474107,-2.47759587879,-2.85012694639,6.22101567933,16.736341391676,2.90884445653,1.220683509653,1.56961489606,0.31785761008341,1.94885300145
9890,JETILW,20120710,83524,46.7,0.159851655320969,-1.69514727273,-2.02758078878,4.07163546174,20.355357214932,2.89959531842,1.268750609774,1.53964746148,0.320143874423424,1.98919261586
9891,JETILW,20120710,83527,46.7,0.196471769086219,-1.69460606061,-2.0293819451,4.85102383928,19.182883207768,2.89337620591,1.274008259629,1.54677922325,0.319679658871423,1.98354986942
9892,JETILW,20120710,83533,46.5,0.215164714351936,-1.98882836364,-2.36512727559,5.46160428457,22.303091318592,2.88719755231,1.27230701302,1.53898808327,0.321986008408123,1.98578112053
9893,JETILW,20120711,83548,55,0.164079539753177,-1.3891428,-1.59009292108,4.2484824366,12.691867672122,2.9192440033,1.409957146645,1.6012879664,0.309691820699475,1.99156341553
9894,JETILW,20120712,83553,55,0.245432248164923,-1.98005260606,-2.02400888892,5.79828354109,11.980242093391,2.90304149281,1.27824680733,1.58072694728,0.319453184766001,1.98259573272
9895,JETILW,20120712,83556,52.5,0.239830537513553,-1.98399822222,-2.02435655802,5.68097520883,12.036094228542,2.9046855888,1.275054315124,1.58504677859,0.31870058378003,2
9896,JETILW,20120712,83558,52.5,0.247584400397548,-1.98249551515,-2.02615732297,6.13041709402,12.133863047293,2.90439644245,1.275796948057,1.58362854504,0.319044030671082,1.98484971788
9897,JETILW,20120712,83560,53.5,0.245855247328502,-1.9839289697,-2.0250908106,6.01509140112,12.057987678534,2.90401990486,1.275444326978,1.58365357874,0.319001892209365,1.9718096184
9898,JETILW,20120712,83561,53.5,0.290823212037287,-1.98201927273,-2.02507073391,6.1314693413,10.567176403739,2.90350665468,1.277002385169,1.58399545523,0.319041122537773,1.97229373816
9899,JETILW,20120712,83562,52.75,0.249990830849189,-1.98275444898,-2.02355474561,5.86284745028,11.87980978251,2.9042401995,1.27609922448,1.58457632805,0.319004668741416,1.97313020667
9900,JETILW,20120713,83575,57.75,0.313786727674344,-2.47147343284,-2.5560865521,7.66056854766,12.842018140358,2.89891667153,1.284054884271,1.56755955323,0.321786376782837,1.99449021069
9901,JETILW,20120713,83581,60.5,0.267823489973199,-2.461894,-2.55791448579,6.95655201472,12.298989818836,2.89574796503,1.223900979216,1.58224468598,0.317787562053753,1.99080085754
9902,JETILW,20120713,83585,52.75,0.291472113235018,-2.48009348148,-2.70087856542,7.99083983868,13.000482919526,2.907049391,1.368226227937,1.59500137622,0.311659344948501,1.99478248314
9903,JETILW,20120713,83586,51.5,0.317314478388795,-2.48304763636,-2.70646719895,7.9308445733,11.285725765944,2.90603724393,1.364376154813,1.59163869692,0.312266249711856,1.995447679
9904,JETILW,20120713,83587,52,0.291385785485075,-2.48153363636,-2.70719679323,7.82987386965,12.919659087335,2.90706044977,1.368779388341,1.59346361619,0.311852800625706,1.99472288652
9905,JETILW,20120713,83589,58.25,0.271838121253116,-2.47106448485,-2.55886952481,7.01813381382,12.959253470768,2.89481816147,1.289311907508,1.56688737662,0.323116728563365,2
9906,JETILW,20120713,83592,52,0.316239136317989,-2.47457672727,-2.70184451627,8.43560520478,11.509981645314,2.90695623918,1.390669194135,1.580556412,0.312824886272975,1.99366725575
9907,JETILW,20120714,83603,56,0.194937683856569,-1.99050707692,-2.6995739542,5.19518950921,17.657274130971,2.91870792095,1.38966523684,1.58937500816,0.310728040977053,1.99335993253
9908,JETILW,20120716,83624,52.5,0.235561712431404,-1.98326189899,-2.02762512866,5.57142467877,12.323975051828,2.90487270163,1.275360772104,1.58551432474,0.31871560460515,1.99852390482
9909,JETILW,20120716,83625,52.75,0.233886540482601,-1.98294926829,-2.02797877253,5.64319272888,12.290380714763,2.90509665885,1.275076424203,1.58547482577,0.318749571639231,1.99612631449
9910,JETILW,20120716,83627,52.5,0.22578251308045,-1.98387248485,-2.02560670863,5.36033674211,12.312099965286,2.90467264195,1.273937485435,1.58499670831,0.318865887829002,1.99154616847
9911,JETILW,20120716,83628,52.5,0.234103568597479,-1.98296193939,-2.025598472,5.73538338358,12.11464653705,2.90505765664,1.274364885658,1.58559960421,0.318651674961477,1.99076550416
9912,JETILW,20120716,83630,53,0.280763555832619,-1.98404884848,-2.02606592781,6.15016772401,10.593630315906,2.90493288907,1.275577899181,1.58491154093,0.318793415990577,1.99599687981
9913,JETILW,20120717,83637,52.5,0.252849276581514,-1.98514068687,-2.02797632084,6.17306430599,12.396412223863,2.90460451685,1.278030540004,1.58477344724,0.318886897819223,1.99668637671
9914,JETILW,20120717,83640,52.5,0.245905736646806,-1.98362666667,-2.02575543953,6.01888920224,12.239895559393,2.90458324702,1.276412655609,1.58407386902,0.319028897770001,1.99080357407
9915,JETILW,20120717,83641,52.5,0.246530011086382,-1.98490553535,-2.02719168397,6.00677029712,12.212537826906,2.90452406141,1.276030328538,1.58554413104,0.318795623479014,1.99168580951
9916,JETILW,20120717,83644,51.5,0.316437535875548,-1.98304377358,-2.02543548911,6.386103392,9.021909375474,2.90275285829,1.272843675793,1.58157239679,0.31963977983492,1.99808718124
9917,JETILW,20120717,83648,51.9,0.283682081682839,-1.98434101695,-2.02503810647,6.19777288313,10.529826871158,2.90332005388,1.274610422425,1.58286724647,0.319300774350424,1.99413364216
9918,JETILW,20130719,84459,51.7,0.245523327303827,-1.98136608696,-2.14987145316,5.88443493906,11.712492149153,2.9068354731,1.273890319078,1.56790459908,0.318289975624008,2
9919,JETILW,20130719,84460,51.1,0.25402823281145,-1.98241210256,-2.14969195461,5.86803550323,11.525986999816,2.90600135999,1.27463620137,1.56639294818,0.31878772697587,2
9920,JETILW,20130719,84461,50.6,0.247496262486933,-1.98216069565,-2.15030258108,5.40326653485,11.514157406993,2.90447732677,1.273796548014,1.56480817054,0.319324349017528,2
9921,JETILW,20130719,84463,52,0.256072552175447,-1.98144472727,-2.14985440058,6.10211572336,11.764024510665,2.90649529659,1.275568694779,1.57033609772,0.318132513660983,2
9922,JETILW,20130722,84475,51.2,0.238314612091884,-2.48202167089,-2.77820944723,6.44938453763,18.022535832001,2.89770102199,1.271264528926,1.56178421526,0.322362629433556,1.95718516906
9923,JETILW,20130722,84477,51.5,0.226225640529565,-2.48116169697,-2.77555418052,6.29159904818,17.906949626318,2.89867193049,1.266895221941,1.5620868682,0.322117989804097,1.97116135106
9924,JETILW,20130722,84480,53,0.261231676353478,-2.4794495,-2.77413750604,6.8276639192,15.769149838096,2.89842867851,1.269506186247,1.56385595721,0.322182456024777,1.95525987943
9925,JETILW,20130722,84481,52.25,0.237039216576165,-2.47893485714,-2.77448939237,6.78687444208,17.492712061762,2.89815630232,1.269807581999,1.56194950271,0.322369985424217,1.93861155607
9926,JETILW,20130723,84486,51.7,0.237068980982281,-2.48057547826,-2.77842047448,6.02970266664,16.443487045734,2.89742411738,1.264413657395,1.55855845926,0.322715927222458,1.91883335795
9927,JETILW,20130723,84487,51.2,0.231265648277796,-2.47856182278,-2.77700646008,6.18148193245,17.259590094437,2.89755982991,1.265149315701,1.55749083869,0.322877748761122,1.94332113145
9928,JETILW,20130723,84489,51.75,0.235412089565856,-2.47884832,-2.77441521655,6.03446180533,17.248186284159,2.89941894531,1.265927276612,1.56225869286,0.321922295937886,1.94508911133
9929,JETILW,20130723,84490,51.7,0.229549226481543,-2.4801213913,-2.77514411576,6.20668458195,17.763640130978,2.89853270158,1.265968623369,1.56120907517,0.322321445021728,1.91507493598
9930,JETILW,20130723,84492,50.6,0.244474100903932,-2.4800746,-2.76885850975,5.9844922564,17.530641557486,2.90400695801,1.268807905913,1.55912425794,0.322012353073976,1.94157905579
9931,JETILW,20130723,84494,50.4,0.233299380256328,-2.48215088608,-2.79885810093,5.79442627838,17.712179370639,2.9030696048,1.267685672905,1.55855463395,0.322145960896252,1.92149193088
9932,JETILW,20130725,84533,60,0.194725935983402,-1.97121236364,-2.66206933546,5.59486755677,14.065490134162,2.96873728434,1.450388185906,1.5899407534,0.297398645189072,1.97348692923
9933,JETILW,20130725,84536,46.6,0.185870434358232,-1.37830995862,-1.71446092982,3.96716205789,10.025685850954,2.91238319134,1.3573014358,1.56224976607,0.315677780996597,1.98680714574
9934,JETILW,20130725,84539,46.55,0.195804477870307,-1.37719547826,-1.71668066892,3.97059727111,8.748302042942,2.90638976166,1.351018629213,1.55421130586,0.317840723574317,1.9868938059
9935,JETILW,20130725,84540,46.95,0.19895202920972,-1.376663168,-1.71522180945,4.0458431689,8.871372471097,2.90808837891,1.352859024048,1.55553926235,0.317307600282721,1.98708642578
9936,JETILW,20130725,84541,47.1,0.219726630675176,-1.38051617391,-1.71184024698,4.63322639365,10.117414859703,2.914798239,1.369805792103,1.56926040133,0.314968913570831,1.98648502516
9937,JETILW,20130725,84543,46.4,0.240216198812774,-1.37676262185,-1.7185900594,4.32634349735,7.415317165656,2.90369190889,1.349572478222,1.5480815509,0.319033280510165,1.98667343524
9938,JETILW,20130725,84545,45.85,0.205097890486367,-1.37853766667,-1.71439882418,4.7101002256,12.516446114355,2.91223080953,1.385746121406,1.56931037289,0.316383123136349,1.98608313666
9939,JETILW,20130726,84555,50.6,0.277197676933627,-2.4810802,-2.76965092261,6.05068168358,14.114366384648,2.90394744873,1.265056109428,1.56207954956,0.321498198232307,1.94792308807
9940,JETILW,20130726,84558,51.75,0.238494550456094,-2.47829333333,-2.76981285243,6.15847112756,17.50185781008,2.90362966628,1.268698277928,1.56143557547,0.321770314349345,1.93125425066
9941,JETILW,20130726,84562,51.05,0.259129753131244,-2.48292064,-2.76895901236,6.22718631451,16.111904054049,2.90416168213,1.268912057877,1.56347984918,0.321470285320089,1.93541732788
9942,JETILW,20130726,84563,51.25,0.2262752957649,-2.48153338776,-2.76814334746,5.94404782069,18.247654912912,2.90496390206,1.269123048199,1.5660626477,0.321123407935116,1.93577528973
9943,JETILW,20130729,84571,51,0.313675595126747,-2.48245018182,-2.76997733227,5.62120270743,12.347265893303,2.90576588024,1.265369689826,1.56971225647,0.320429417759939,1.94943144827
9944,JETILW,20130729,84573,51,0.272599562463839,-2.48169769697,-2.76937487289,5.47458731787,13.896404004757,2.90561467951,1.26522080826,1.56863696898,0.32067218438514,1.94555548466
9945,JETILW,20130729,84577,50.8,0.245940237367802,-2.48499939623,-2.76760515669,5.59947670951,16.935254721291,2.90608215332,1.269448487264,1.57043465167,0.320508085538777,1.94568734799
9946,JETILW,20130730,84588,53.75,0.209190971678367,-1.97262107317,-2.15272427995,5.97692691272,12.276945983903,2.91125711581,1.290852895597,1.55049110928,0.319710422962774,1.99660919934
9947,JETILW,20130730,84589,53.75,0.217339352573407,-1.9767957551,-2.15466548901,5.75192191496,12.272993113323,2.90797424316,1.291450242607,1.55481474997,0.319395085151687,1.99679254026
9948,JETILW,20130730,84593,54.2,0.263154216120499,-1.97078995745,-2.1581069501,5.72481500347,9.367380591332,2.90388001787,1.287243746697,1.54732638907,0.320903229109832,1.99735000286
9949,JETILW,20130730,84598,52.2,0.223206943238289,-1.97387147826,-1.94620670391,6.33972775076,11.107075275908,2.91423200524,1.283869743347,1.5794973582,0.315830444736743,2
9950,JETILW,20130730,84602,51.95,0.227150684158288,-1.98599987302,-1.94061504388,5.41059977808,14.071640024208,2.91942874969,1.289743635389,1.59499644544,0.313550470712533,1.99409327431
9951,JETILW,20130731,84608,53.95,0.332890042483859,-1.96869473016,-2.15887004015,5.78784624526,7.224102530272,2.90256100609,1.293448342217,1.54086528538,0.321616753870583,1.99867260645
9952,JETILW,20130731,84612,58.15,0.198502025467087,-1.97954271429,-2.31039861699,4.87718356481,13.393680892948,2.91333689008,1.229832359723,1.59824132081,0.316098878853215,1.98417431968
9953,JETILW,20130802,84638,55.25,0.203120555847189,-1.98000944,-2.3195855148,5.6356675892,13.418106053483,2.90976531982,1.274748868942,1.56783461165,0.318502385859878,1.99475097656
9954,JETILW,20130802,84641,55.6,0.192015184478911,-1.97961086792,-2.3188421868,5.64173841804,14.407097876735,2.91119039284,1.27577267053,1.5682859579,0.318316474731143,1.99225990727
9955,JETILW,20130802,84647,52.25,0.23463523713542,-1.98443722449,-2.31276998246,4.69123835285,12.847966790905,2.91630772182,1.23199103803,1.59638846481,0.315981581059942,1.98711955791
9956,JETILW,20130805,84667,46.2,0.225651449934694,-1.69024812121,-2.04620127501,4.75457643851,15.5451027939935,2.88931158817,1.273132201397,1.52771453404,0.323701831723305,1.98072676225
9957,JETILW,20130805,84681,46.4,0.230577645988577,-2.09281134177,-2.02830617466,5.21405361031,17.998311534439,2.91393830505,1.258462730842,1.57307745672,0.312656493792296,1.99283725401
9958,JETILW,20130807,84714,56.45,0.220325808569215,-1.97325018947,-2.18793925556,6.33730864319,12.498210464776,2.93875539679,1.360663564582,1.61322918435,0.300645190522515,1.98520299008
9959,JETILW,20130807,84716,56,0.182432795689345,-1.97678121212,-2.18430757559,6.40525301428,15.772606529825,2.94332122803,1.365160378543,1.61563513207,0.299163767633801,1.97539034757
9960,JETILW,20130808,84719,53.9,0.227825031135367,-2.97057721212,-2.92913426618,8.39882768433,22.774837008294,2.9065692786,1.290061098156,1.5485782308,0.32041651272031,1.96682253751
9961,JETILW,20130809,84738,51.5,0.227626668449441,-2.37997090909,-2.77418096049,6.07106270024,15.48149007708,2.89960872766,1.265713792859,1.56357153892,0.321885889998066,1.97037876014
9962,JETILW,20130809,84739,53,0.213149856683481,-2.3800575,-2.77453622676,5.51607672944,16.386825673248,2.89881896973,1.268087029457,1.56343596884,0.322253873988209,1.9648733139
9963,JETILW,20130809,84740,52.7,0.195092582509526,-2.37953430303,-2.77360696175,5.34661120128,18.337387729366,2.89998649828,1.26971817739,1.56493064404,0.321863032677429,1.96230269923
9964,JETILW,20130809,84742,53,0.197266966021937,-2.48005175,-2.77334610029,6.16579873315,19.780081930018,2.89979982376,1.272425465286,1.56920262581,0.321504982223615,1.97373044491
9965,JETILW,20130809,84743,52,0.237287655479851,-2.47846957576,-2.76975612709,6.4593750228,15.776142819846,2.90308865634,1.270443294988,1.56268773653,0.321973409147767,1.96575789018
9966,JETILW,20130809,84744,52.7,0.19996562576504,-2.484392,-2.76850243885,5.86639138778,19.896969474371,2.9033929576,1.274366306222,1.5652527815,0.321820869395292,1.96267069941
9967,JETILW,20130809,84745,52.25,0.224092509345697,-2.47836995918,-2.7677818241,6.12909838375,16.85759979286,2.90403187032,1.272035413859,1.56408782595,0.321843883077292,1.96102438168
9968,JETILW,20130809,84746,51.5,0.195368600540716,-2.48167369697,-2.76601372164,6.14703912964,19.965404267177,2.90538140499,1.273031350338,1.56884020267,0.321125285244335,1.96173280658
9969,JETILW,20130809,84747,49.9,0.19182783124283,-2.48475150769,-2.76652857849,5.70938635473,20.41969872931,2.90396000789,1.273270629002,1.55999123835,0.322230557527859,1.90182225154
9970,JETILW,20130812,84761,51.5,0.195659174744882,-2.47735539394,-2.73350420944,6.60922455984,21.870130831222,2.94196088386,1.272318746105,1.5947361526,0.30927981081828,1.95573306978
9971,JETILW,20130812,84766,51.5,0.217697276698783,-2.48238230303,-2.75282508014,8.15444125792,21.65153655129,2.92313523726,1.245789564018,1.56844467055,0.315174784451156,1.97621779008
9972,JETILW,20130812,84772,51.5,0.183943447804554,-2.47985066667,-2.73537872549,7.28390882001,23.376747955651,2.94116442131,1.27190525604,1.59175453969,0.309840211664912,1.97251660896
9973,JETILW,20130812,84776,51.4,0.193343119365786,-2.4844065641,-2.73661004937,6.15287117388,21.360649150651,2.93863443228,1.222725104063,1.58366520086,0.310186206852812,1.96742874537
9974,JETILW,20130813,84789,45.5,0.239458096451349,-1.37761272727,-1.71639069674,4.55515388042,8.654815986903,2.91393696178,1.350805239244,1.54178806191,0.315119289126655,1.9817497947
9975,JETILW,20130813,84791,45.75,0.215012689395861,-1.37817713131,-1.72607400205,3.77269332078,8.40737797648,2.89707345674,1.257050254129,1.53091336996,0.320990489773231,1.9828649964
9976,JETILW,20130813,84792,45.75,0.195847785690298,-1.38134044444,-1.72420751534,3.76610891739,12.272692943143,2.90020721127,1.275714074722,1.53940819168,0.320059091032508,1.98538577918
9977,JETILW,20130813,84793,46,0.304587510284155,-1.37418981818,-1.72668145546,3.9100857136,4.544006631713,2.89596950647,1.242573795897,1.52671701136,0.321198971878966,1.98723694772
9978,JETILW,20130813,84795,45.75,0.227902443941026,-1.37776468687,-1.72595803587,3.80550392057,7.338962013138,2.89713726622,1.252027251504,1.52750347553,0.320693397369542,1.98297936025
9979,JETILW,20130813,84796,45.75,0.21263935890877,-1.38211959596,-1.7237359302,3.95069833062,10.031313875566,2.90061688664,1.264782587687,1.53389068179,0.319703701310656,1.98476171012
9980,JETILW,20130813,84797,46,0.284647493097183,-1.3734049697,-1.72827374008,4.17631319083,4.715926997754,2.89284862172,1.241278583353,1.52098971303,0.322522980328732,1.98836609811
9981,JETILW,20130813,84798,45.75,0.251542197895669,-1.37550076768,-1.72558034567,3.68273391823,5.862998967182,2.89737400864,1.244999375006,1.52542713197,0.320743450435386,1.98590781472
9982,JETILW,20130815,84824,51,0.30180306971964,-1.97357866667,-1.92036215332,6.58265965522,8.721906507496,2.91104218454,1.219894676497,1.59484058434,0.316416060801108,2
9983,JETILW,20130815,84828,50.5,0.305865546251864,-1.98332848485,-1.91540155412,5.8860745308,9.892672078693,2.91786517519,1.228448383736,1.61058081597,0.313570390268091,1.99227859035
9984,JETILW,20130815,84830,50.2,0.255197912992805,-1.98252427586,-1.92110683277,6.33475127317,11.331848320764,2.90951011921,1.224480801615,1.59380498765,0.317070427758981,1.99454708757
9985,JETILW,20130816,84834,55.65,0.213131941562962,-2.47196074419,-2.67194160663,7.8143185881,18.228197749427,2.95083706878,1.35997928575,1.60191618713,0.300658382999372,1.96846700269
9986,JETILW,20130816,84835,56.25,0.215717847598636,-2.46772292683,-2.67311453828,8.19992620679,16.824730251434,2.951401129,1.356726634793,1.60325331874,0.300278556642783,1.96550713516
9987,JETILW,20130816,84839,60.45,0.149252673962309,-1.49197667797,-1.53005427451,4.69717739667,15.564906917451,2.92925068484,1.425112126237,1.57682831107,0.305847287788186,1.9932344081
9988,JETILW,20130819,84853,50.25,0.185612215056473,-2.48548282828,-2.55888186572,5.63715330795,22.490360333693,2.8885578194,1.23585085917,1.53629153867,0.323509637724027,1.99041424376
9989,JETILW,20130820,84864,55,0.159680987981161,-2.46951248485,-2.67736024036,8.81850265248,23.705117128575,2.94581349691,1.359411326321,1.59394072369,0.302276527770694,1.98032425389
9990,JETILW,20130820,84866,56,0.174463899489477,-2.47096363636,-2.67214720035,8.41583862455,22.303660345831,2.95178476969,1.359644933181,1.60426838169,0.30013689361201,1.9707181526
9991,JETILW,20130822,84899,58.4,0.20934918629793,-2.47710812121,-2.74871319792,8.16240981451,21.591064842401,2.97176407323,1.456862507445,1.60263784621,0.295693821929111,1.98524891246
9992,JETILW,20130829,84943,50.5,0.233590232512632,-1.9798249697,-2.30532142951,6.21643326671,12.524911463932,2.92287630023,1.24665779056,1.56512361935,0.315789514274473,1.97511106549
9993,JETILW,20130830,84965,52,0.197211898118906,-1.98430705618,-2.30089871,6.15779147375,17.605314098613,2.92881826336,1.256626214874,1.5769188818,0.313532104856015,1.96367516678
9994,JETILW,20130903,84999,55.3,0.243003393018602,-2.47386521212,-2.71083242025,7.9439957879,16.075223122549,2.90927124023,1.37889805707,1.58319014452,0.314491406814879,1.99870138457
9995,JETILW,20130904,85006,53,0.202231368609378,-2.47189769697,-2.70801710161,6.06636066075,16.789262953354,2.91228138317,1.224623889634,1.57150138409,0.317812100490625,1.9660949707
9996,JETILW,20130904,85008,54.5,0.224683566219882,-2.47008242424,-2.69077770295,8.57474110052,15.680887341576,2.93096230247,1.351120587551,1.61396344625,0.300594245054442,1.94984551632
9997,JETILW,20130904,85009,55,0.235096260974438,-2.47535418182,-2.69273925076,7.82701549126,16.062861704496,2.93228149414,1.354917150555,1.61532955647,0.300304851607114,1.96004879113
9998,JETILW,20130904,85013,55.5,0.220400705904116,-2.47493818182,-2.68712263864,7.93873502058,16.894395778024,2.93246090051,1.354926123764,1.61532991106,0.300315925675203,1.9633918531
9999,JETILW,20130911,85077,53.5,0.218799288297752,-1.97489236364,-2.3092152186,6.23390793695,13.567855871129,2.92384569573,1.250044548151,1.57426537333,0.314798123340841,1.95202359286
10000,JETILW,20130918,85184,51.75,0.280348517439446,-1.98742384,-2.13653997302,5.30291819248,13.796517736037,2.91038757324,1.227407679558,1.54297112839,0.318265966275007,1.9892779541
10001,JETILW,20130921,85235,51.25,0.227249340511534,-1.97496289157,-2.31702461457,6.12500414256,12.70431171035,2.91328779473,1.245381918299,1.57233555133,0.31584653653014,1.98734108798
10002,JETILW,20130923,85258,51.2,0.237601425755485,-1.97776208696,-2.15138597032,5.63815740292,12.515417506525,2.90571561067,1.277056217193,1.56743002005,0.319406624608386,1.99328065955
10003,JETILW,20130924,85262,54.5,0.202671792741985,-2.47027959596,-2.67258097935,7.91683556371,17.901312122012,2.95378251509,1.355427520444,1.61045687598,0.299145704546253,1.98313996286
10004,JETILW,20130924,85269,56.15,0.18502692947873,-2.46996949333,-2.67679049814,7.88319563258,20.62281098794,2.9516212972,1.359301096598,1.60623882205,0.300384537734254,1.97042582194
10005,JETILW,20130924,85278,55.75,0.193078227786174,-2.47092626506,-2.67600885944,7.66764070028,20.184214246458,2.95209512366,1.36397282474,1.60591588799,0.300756494347727,1.96490552052
10006,JETILW,20130926,85302,51.25,0.232891528288174,-2.48006285714,-2.7717904106,6.45731978634,17.184363478447,2.90443949797,1.269420584854,1.56317063145,0.321718676321916,1.95970029247
10007,JETILW,20130926,85303,51.5,0.220816439951885,-2.47568557576,-2.77170139751,6.72770793285,17.159415994292,2.90446333452,1.266803828152,1.56157679208,0.321989332713871,1.97505303585
10008,JETILW,20130926,85306,51.4,0.204627224630867,-2.47696949153,-2.77214225112,6.48092576345,19.340193922642,2.90407316563,1.269637051275,1.56040698732,0.322344818429505,1.94557733051
10009,JETILW,20130926,85309,50.5,0.202725782277773,-2.47723830303,-2.772584219,6.19523468253,19.317231949142,2.90414891098,1.269549709378,1.56078822897,0.322132241630926,1.94586620909
10010,JETILW,20130926,85320,53.15,0.218906353346016,-1.97989390476,-2.14225867943,5.60771932529,14.405355926493,2.90205201649,1.233553216571,1.59779326827,0.318519603256114,1.99802489508
10011,JETILW,20130926,85322,51.75,0.225920027060299,-1.97600473043,-2.14129769088,5.58246305507,11.823750101701,2.90439824643,1.224020335985,1.5990151005,0.317437400305985,1.99607013205
10012,JETILW,20130930,85359,53.5,0.317326907677609,-1.97949366154,-1.99016274947,6.15865700931,9.979254114365,2.91136404184,1.216592502594,1.54732219909,0.317009509395707,1.99371901292
10013,JETILW,20130930,85367,53.2,0.217811914245425,-2.47551408696,-2.77579174543,6.52906742282,17.875560503295,2.89974179475,1.278628473697,1.56592906508,0.322285970136031,1.97075669662
10014,JETILW,20130930,85370,51.35,0.194978881646234,-2.47674753488,-2.77182501646,6.12403049897,20.337611644887,2.90464640773,1.276486540949,1.56276822508,0.322103790965791,1.95954806306
10015,JETILW,20130930,85372,51.75,0.208740754967237,-2.47754016,-2.77252820344,6.22905249361,20.028951773367,2.90371307373,1.277434186935,1.56221279333,0.322318751657426,1.98654144287
10016,JETILW,20130930,85373,52,0.187897554687615,-2.47517939394,-2.77237072254,5.90031223881,20.060830723147,2.90435305509,1.274128921104,1.56337484642,0.321963210269911,1.90574357004
10017,JETILW,20130930,85378,52.25,0.194742044191421,-2.47474171429,-2.7722974206,5.95170394005,19.899669505889,2.90414771255,1.274055072239,1.56239134593,0.321995853521139,1.92570978281
10018,JETILW,20130930,85379,52,0.198715719226377,-2.47605018182,-2.77195711258,6.0493518316,20.076955602677,2.90432253751,1.275632128571,1.56281985809,0.322029997404095,1.96226362749
10019,JETILW,20131001,85385,59,0.188791349200568,-2.46998909091,-2.70144569553,7.27940099826,22.761061151608,2.9176977909,1.370984063004,1.57773968628,0.313052212574166,1.97883097331
10020,JETILW,20131002,85406,52.25,0.226911750158619,-2.47217518367,-2.70868268716,7.46458971863,16.418642154627,2.91301960848,1.369134280146,1.58502266676,0.312934317532336,1.98866271973
10021,JETILW,20131002,85407,52.25,0.223664062279258,-2.47066514286,-2.71000817497,7.76919630892,16.332132050086,2.91177679568,1.368285412691,1.58436740966,0.313320412077102,1.98915567203
10022,JETILW,20131002,85415,55.5,0.185093139071799,-2.46843361616,-2.67696424316,7.99689267658,20.191704875432,2.95221440479,1.357005128957,1.60374524978,0.300153580246497,1.97005300811
10023,JETILW,20140624,86533,47.85,0.259934331880452,-2.48587234043,-2.39867240122,5.04291055443,19.144678445034,2.9105516799,1.203460662923,1.54595938782,0.321648253697445,1.9827843524
10024,JETILW,20140624,86534,50.95,0.243762083186736,-2.48085466667,-2.42542880011,6.7213583265,16.270359574271,2.87707830358,1.210926466518,1.52121887076,0.333358901783999,1.97664246736
10025,JETILW,20140624,86538,48,0.298088518012011,-2.48731844444,-2.40334143305,5.51357758349,16.298157955559,2.90516704983,1.200515064928,1.53842995911,0.323728627726255,1.98482174344
10026,JETILW,20140625,86540,48,0.239677138645303,-1.987824,-2.3378031907,5.50539053195,18.57977707312,2.89320309957,1.214924944771,1.50673135874,0.32602922901617,1.97423680623
10027,JETILW,20140625,86549,47.5,0.178753934870512,-1.98728622222,-2.33403897597,3.91856479543,16.004668275593,2.89880413479,1.1997862392,1.51905916873,0.322868733292255,1.9923224979
10028,JETILW,20140626,86562,60.25,0.197935435503261,-2.470592,-2.65564158421,7.82296478487,20.288445232091,2.92349243164,1.361238635772,1.58925875806,0.308773541419641,1.97491829855
10029,JETILW,20140626,86563,58.6,0.202919231511456,-2.47295668966,-2.65854123182,8.15649977825,20.318836495246,2.91739470383,1.361905739225,1.57943373935,0.311582705955639,1.97511396737
10030,JETILW,20140626,86567,60.75,0.228057619950968,-2.464198,-2.68787383446,6.05382916023,16.244875246693,2.8874106937,1.19350436661,1.50063985742,0.331059062441194,1.9762541453
10031,JETILW,20140626,86568,58.9,0.192217233138961,-2.47363368421,-2.65655514348,6.93357969838,22.595811235719,2.91981064646,1.36590233602,1.58091466445,0.311165465591587,1.97755211278
10032,JETILW,20140627,86582,48.25,0.262804497706739,-2.48339141818,-2.39249760022,4.75654805344,16.694713589116,2.91358892267,1.194865551862,1.54584818888,0.321151130364172,1.98810424805
10033,JETILW,20140627,86583,48.5,0.243776254382843,-2.48457884932,-2.39247968416,4.86485481595,16.747776459188,2.91274313731,1.19244716592,1.5455931546,0.321475247535822,1.97657692269
10034,JETILW,20140627,86583,51.3,0.236254922547122,-2.48298311111,-2.42536909169,6.63898842756,16.474574646085,2.8750544654,1.209763000409,1.51710799164,0.334079587009274,1.95985391405
10035,JETILW,20140627,86584,48.25,0.224271693695751,-2.48478778182,-2.39286821537,5.02734574604,18.387140845932,2.91211187189,1.193065417897,1.54401107185,0.321817134211525,1.98770224831
10036,JETILW,20140627,86587,48.25,0.241386150589083,-2.48405401835,-2.39270606439,4.92433528706,17.458235111837,2.91283255761,1.193569253344,1.54515839589,0.321559989769041,1.98346353233
10037,JETILW,20140630,86600,47.6,0.199266730910725,-2.48194905747,-2.95599242977,4.52171840618,22.109344892519,2.89760072204,1.196991909509,1.52157558323,0.322905174385543,1.97791404286
10038,JETILW,20140702,86638,48.5,0.275489214954308,-2.4824370411,-2.39629260703,4.9082248322,14.019268821404,2.91160855228,1.190832291564,1.54358303614,0.321914492600674,1.95485948536
10039,JETILW,20140702,86642,48.25,0.230977255685662,-2.48085410909,-2.39308911273,4.82303713419,16.921071951006,2.91602200595,1.191270854256,1.54741985594,0.320595770441531,1.91646243009
10040,JETILW,20140702,86643,48.25,0.208248404140835,-2.47845679121,-2.39365541799,5.34242433137,17.892117628715,2.91577181973,1.189717036027,1.54802185448,0.320582856643617,1.95286157629
10041,JETILW,20140702,86644,48.5,0.207566815964455,-2.48117693793,-2.39370835959,4.88470337578,18.446987298727,2.91521648539,1.19139442115,1.5461434591,0.320963107787113,1.94454345703
10042,JETILW,20140702,86646,48.25,0.209644910638932,-2.48148990826,-2.39349758035,4.67485604008,18.302222146949,2.91554918202,1.191442555244,1.54649736805,0.320800845862934,1.9296711213
10043,JETILW,20140702,86648,48.25,0.209985360381563,-2.4834272,-2.39309828592,4.45098538647,18.456245502364,2.91619956277,1.192191314697,1.54783758839,0.320533606281431,1.93471776789
10044,JETILW,20140702,86649,48.25,0.198149850051998,-2.47907665455,-2.67917043442,4.43318725457,19.187334355382,2.91722911488,1.192255020141,1.54945520808,0.320115802102988,1.92346288508
10045,JETILW,20140702,86651,48.5,0.198579939307653,-2.48108821918,-2.7610710795,4.45428485961,18.289948346414,2.91485386679,1.190964097846,1.54617081294,0.321041311193258,1.92123308574
10046,JETILW,20140702,86652,49.25,0.191653285015455,-2.97390341818,-3.43990933067,5.84623385891,24.729882442507,2.90854963823,1.187718174674,1.54477889438,0.322115678566567,1.93925392844
10047,JETILW,20140702,86653,49,0.186905950447919,-2.97674918919,-3.43831741897,5.84060506306,27.074634010184,2.90986983841,1.190147883183,1.54517320987,0.321672269151894,1.94362764101
10048,JETILW,20140702,86655,49.3,0.198525653787163,-2.97865643836,-3.44056054167,6.00123086958,25.57029235959,2.90794309851,1.189429443177,1.54213286731,0.32237097659522,1.94111466081
10049,JETILW,20140704,86688,51.5,0.230512753640561,-2.4869779726,-2.70170138523,6.64630818433,20.706268888372,2.9269164621,1.247768526208,1.57879329378,0.313064697395417,1.94508779865
10050,JETILW,20140704,86689,51.5,0.204176971918587,-2.47674266667,-2.69614505373,7.03057852622,20.343402492504,2.93270471361,1.26652453343,1.59663670206,0.309385617546581,1.95219781664
10051,JETILW,20140704,86690,51.5,0.185301307921307,-2.472606,-2.70272895373,5.11361360427,20.152329049649,2.92545382182,1.218678692977,1.59092871296,0.31066562986716,1.93817096286
10052,JETILW,20140704,86693,60.3,0.149970350657988,-1.480368,-1.5076070511,4.88386035822,14.842914044033,2.92969607,1.419907491501,1.57916944136,0.304209904923005,1.99079456068
10053,JETILW,20140708,86729,50.25,0.253577554179944,-2.96973748148,-3.09678339112,6.37792460879,18.871348985988,2.90525535301,1.184661419303,1.540795299,0.323003756442531,1.93352254232
10054,JETILW,20140708,86731,50,0.249771859411637,-2.975766,-3.09636101129,6.55297037837,20.112700537763,2.90576680501,1.186077690787,1.54184520821,0.322791932217621,1.98915545146
10055,JETILW,20140708,86732,49.5,0.222857153906141,-2.97435577778,-3.0952421264,6.40453877152,22.482239817532,2.90700446235,1.185852885246,1.54346841544,0.322488213138535,1.9924299452
10056,JETILW,20140708,86733,50.25,0.227167129400943,-2.97137066667,-3.23906870759,6.30454971186,21.483901317089,2.9051957307,1.185631138307,1.54037709177,0.32316119274545,1.99170331602
10057,JETILW,20140708,86734,50.25,0.22504065605137,-2.97316622222,-3.2390170247,6.23847674495,21.732941370543,2.90517029939,1.185850818952,1.54083809981,0.323105784470223,1.99226888021
10058,JETILW,20140708,86735,50.25,0.256093289917365,-2.97010518519,-3.23925104667,6.60095271396,18.264216635322,2.90509287516,1.184755947855,1.54115557592,0.32315133283761,1.99201993589
10059,JETILW,20140708,86737,50.25,0.270326632204015,-2.97049807407,-3.24029933992,6.68893616218,17.655410194389,2.90431693748,1.184731615914,1.5396325379,0.323454145491471,1.99247501515
10060,JETILW,20140711,86791,48.5,0.18121057357732,-2.4802989589,-3.33033915979,5.42998514491,18.569948631467,2.91652104626,1.182737608479,1.52583498949,0.320201017558077,1.99381454677
10061,JETILW,20140715,86836,50.5,0.251613677985617,-1.979644,-1.98387743832,7.37588639815,10.594238140372,2.92771508959,1.211987197399,1.59495598095,0.300133090181277,1.99355973138
10062,JETILW,20140717,86869,47.3,0.207660655081058,-2.48660515068,-2.95778865607,4.7591827765,22.280131839681,2.89247194055,1.200438094466,1.52117175239,0.324026359095392,1.97588505157
10063,JETILW,20140717,86870,47.75,0.16481665318506,-2.48720740741,-2.95422145008,4.38438981436,24.084908080671,2.89805489999,1.199598634684,1.52583207407,0.322505760987904,1.97065706606
10064,JETILW,20140717,86871,47,0.14441590743375,-2.48306213699,-2.9503107997,4.5164718299,25.177920521197,2.89886600024,1.196447137284,1.52390189269,0.322668180211696,1.97389346606
10065,JETILW,20140717,86872,47,0.158275337954804,-2.48376065753,-2.95043260445,4.42839514309,25.63134307335,2.89878155434,1.199748499753,1.52371415179,0.322654072910282,1.97188787591
10066,JETILW,20140718,86892,47.5,0.210563319561209,-2.48615844444,-2.9486664813,4.54950573317,20.672282850932,2.90153694153,1.196750101116,1.53015567131,0.321025874415657,1.96917279561
10067,JETILW,20140718,86893,47.5,0.225759784873997,-2.58464,-2.94857120906,4.85216697953,21.051763492214,2.90188429091,1.195742236243,1.52912310453,0.320959477412839,1.96273443434
10068,JETILW,20140718,86896,51,0.22807844208136,-1.98803265753,-2.0999576457,6.22566072014,15.70617267331,2.90571301604,1.223225750335,1.53867666751,0.318518487079751,1.96165779845
10069,JETILW,20140729,86999,50.5,0.188212144391075,-2.57481844444,-2.99604009521,6.51246612922,20.440587239401,2.91541502211,1.200099964937,1.60648741415,0.30279090758547,1.95358827379
10070,JETILW,20140730,87004,45.3,0.165969871904361,-1.37108175342,-1.67353344896,3.98724574528,15.5276120425341,2.93008381047,1.357491349521,1.54157235978,0.307765516308337,1.99334068821
10071,JETILW,20140730,87013,45.7,0.205477889578744,-1.37507386301,-1.70047237008,3.67632672679,10.794314011776,2.88362351509,1.243557446623,1.54426727066,0.319830839112579,1.9897797467
10072,JETILW,20140730,87020,45.1,0.281245316802778,-1.35911188889,-1.70638867588,4.17947380297,4.738088488259,2.87532806396,1.221307529344,1.52921975152,0.322924046434973,1.99416075812
10073,JETILW,20140730,87021,44.9,0.185571677479949,-1.38072953425,-1.70108725426,3.32706729803,10.17063350033,2.88510173641,1.244722993407,1.54569040577,0.319450707310872,2
10074,JETILW,20140731,87023,49.9,0.220177151963619,-2.97646769231,-2.82714038861,6.13993954885,24.347708522094,2.89638859675,1.190663535778,1.56721581241,0.326399609925891,1.96110687256
10075,JETILW,20140731,87025,49,0.266773699542453,-2.98163989041,-2.82698939411,6.26207795262,20.366777276063,2.89484144237,1.190572921544,1.56294370246,0.327419192259116,1.94164185723
10076,JETILW,20140731,87030,50,0.223568517865609,-3.46949844444,-3.28976925441,7.23993539178,27.732918752861,2.90333069695,1.189728928937,1.56063979633,0.326883245705008,1.93969596426
10077,JETILW,20140731,87031,50,0.230178311322977,-3.47132044444,-3.28856685734,7.00099198774,26.822291921981,2.90419748094,1.189836985535,1.5622055014,0.326644627887341,1.94203514357
10078,JETILW,20140731,87033,50.1,0.254078889514268,-3.47774772093,-3.29478144662,7.38389787968,28.321844734005,2.89801522188,1.192368113717,1.56498198952,0.326792519322114,1.95097528502
10079,JETILW,20140731,87035,49.5,0.264674322959079,-3.48303333333,-3.2951709712,6.60505732281,25.166510017027,2.8978421953,1.190166029665,1.56737436849,0.326378637584883,1.95484394497
10080,JETILW,20140805,87077,54.5,0.186810904595411,-2.47203067769,-2.62111839544,8.65669873244,19.428751642296,2.95691548497,1.351386960873,1.5956588608,0.300514621471508,1.97514504194
10081,JETILW,20140806,87103,50.5,0.211152240049102,-1.97858644444,-2.27674822786,6.25232836312,12.040387409453,2.9259062873,1.203245222569,1.60483893456,0.302502821567043,1.96630520291
10082,JETILW,20140806,87104,50.5,0.147319986151518,-1.98626097297,-2.27245661823,5.73100257741,18.796922981193,2.93153731887,1.207255518114,1.61157420189,0.300728052410338,1.9877267786
10083,JETILW,20140811,87173,53.5,0.195462849435875,-2.47270115068,-2.62218955577,8.81679363025,18.06896825019,2.95463102158,1.358784858495,1.60719054358,0.300775687420954,1.98397367295
10084,JETILW,20140811,87182,54.5,0.170970657210098,-2.476192,-2.62223768343,7.91063748472,22.313239824894,2.95405369589,1.365336365896,1.61046265864,0.300798984133661,1.98334179186
10085,JETILW,20140811,87183,54.5,0.165455487154067,-2.47827134247,-2.62047859405,7.85226895705,23.214160368193,2.95606952824,1.365956058241,1.61095314975,0.300342768088274,1.98190642056
10086,JETILW,20140813,87211,48,0.226443884490051,-2.48493022222,-2.39734191452,4.69997029303,19.787302515376,2.90433883667,1.199909541342,1.5723776313,0.324103152347494,1.95730103387
10087,JETILW,20140813,87213,48,0.258444938501759,-2.484932,-2.39878517628,5.24717136966,17.563870352532,2.90197711521,1.198370264636,1.56985741436,0.324821996186826,1.95973523458
10088,JETILW,20140813,87215,50,0.263532077623383,-2.48361088889,-2.40051232313,5.54335622865,17.829642336945,2.89955859714,1.19974676768,1.56659698585,0.325858031898356,1.95288064745
10089,JETILW,20140813,87218,50,0.263223914263968,-2.48050533333,-2.39994066285,5.43681513522,18.131349950903,2.89984046088,1.198064366976,1.56692862238,0.325888003681492,1.95685831706
10090,JETILW,20140815,87246,47.1,0.191004499355307,-2.48639044444,-2.94170136617,4.3251434366,19.368775861851,2.90481397841,1.201107369529,1.52661107301,0.322371279829619,1.97679180569
10091,JETILW,20140815,87258,47.4,0.167961108784631,-1.85282681081,-1.94655156856,4.94520677386,15.433277276851,2.93220643739,1.237162119633,1.59156251707,0.308592816030861,1.96740702036
10092,JETILW,20140815,87259,47.5,0.133957598769601,-1.83612833333,-1.9428769441,5.14961495748,19.766063541522,2.93781153361,1.246440754996,1.59835614606,0.306275552154411,1.96660168966
10093,JETILW,20140815,87260,49,0.13351187949236,-1.80136383562,-1.96338442797,5.33266306065,20.047701076013,2.91285015786,1.237033341029,1.58320407721,0.31063999521169,1.96160303403
10094,JETILW,20140815,87261,48.85,0.12126421584299,-1.81310877419,-1.80807758244,5.46805666378,21.914202623868,2.91957018452,1.238621796331,1.60155806719,0.307529336651865,1.96313784199
10095,JETILW,20140815,87262,49.25,0.158531571129759,-2.07911883636,-2.11571318587,5.11312805994,22.149366048173,2.89794755415,1.206049108505,1.56172455794,0.318248799446445,1.96726878773
10096,JETILW,20140815,87263,48.25,0.163859364009982,-2.08308567273,-2.11173910465,5.04724321214,21.258351958499,2.90096879439,1.207007997686,1.56606166569,0.316722834367545,1.96730568626
10097,JETILW,20140815,87265,49.5,0.135169455071196,-1.77474312329,-1.81651880705,5.47106254748,16.896883399197,2.90629075978,1.223554108241,1.57927708877,0.313058114578967,1.95929916591
10098,JETILW,20140819,87304,51,0.21873749775628,-1.91238116667,-2.34316693684,5.45118091434,12.649853558625,2.90380096436,1.217625319958,1.52381229691,0.322396527126071,1.99106963476
10099,JETILW,20140819,87305,52.5,0.204392868389521,-1.9124013211,-2.34378243208,5.59680621567,14.173736055086,2.9036226885,1.221341119994,1.52309314611,0.322734088562003,1.99289290402
10100,JETILW,20140819,87306,53,0.200899627485867,-1.91288055172,-2.35118977913,4.97872833253,15.392450622003,2.89398908944,1.19676952362,1.49756053303,0.329005320869486,1.99042337352
10101,JETILW,20140819,87309,53,0.17195927803909,-1.11519911724,-1.33321461119,2.54119989429,6.527910755899,2.90921988652,1.201978331599,1.52353973553,0.321916057085416,1.99601629849
10102,JETILW,20140819,87310,52.5,0.163521326258728,-1.11546774312,-1.33117606307,2.62186387894,7.344170244879,2.91180559911,1.206537692919,1.52575515117,0.32104504260543,2
10103,JETILW,20140819,87313,50.75,0.196354283044593,-2.51128325926,-3.06033998789,6.00308344405,21.228625242839,2.9062878644,1.21353466864,1.53242344519,0.32107790424905,1.9919213189
10104,JETILW,20140819,87314,51,0.153949350694665,-2.42510688889,-2.95970813829,5.25421281805,22.47293300577,2.89943991767,1.213970614804,1.52898199009,0.323291822092065,1.99501588609
10105,JETILW,20140819,87315,51,0.149303417872316,-2.42543066667,-2.95843047007,5.19074478477,23.84298152571,2.90045950148,1.21486764484,1.53042891844,0.322683477415019,1.99453247918
10106,JETILW,20140819,87316,51.5,0.196734307974315,-1.91651977778,-2.34707888661,3.67371991666,14.938084246344,2.89880201552,1.196595013141,1.50910716457,0.326467086758679,1.99264293247
10107,JETILW,20140819,87317,52,0.180182431105445,-1.9145708866,-2.34752260222,3.75805368996,14.993883217787,2.89848154599,1.19437441875,1.50989941501,0.326409840991019,1.99284944829
10108,JETILW,20140819,87320,52.5,0.162351136143607,-1.91278385321,-2.34810240258,4.25085198678,15.921654838347,2.89711740476,1.191903201812,1.50704619166,0.327021356210963,1.99458005013
10109,JETILW,20140820,87335,46.25,0.177467431320463,-1.37736924771,-1.69623869368,3.08262340382,9.211884329322,2.88949416974,1.23258290597,1.55192299791,0.318489830037555,2
10110,JETILW,20140820,87336,46.25,0.286066709012799,-1.37368176147,-1.70172923673,3.88366834879,4.714484206534,2.88030333913,1.218494362788,1.53684268682,0.321594613677665,1.99521028011
10111,JETILW,20140820,87337,46,0.140563332095973,-1.37898755556,-1.69184041165,3.02573953937,13.668984642895,2.89675733778,1.245743003156,1.56475479196,0.315851802406477,2
10112,JETILW,20140820,87338,47,0.233344625950076,-1.37658573272,-1.69867023638,3.52839227512,6.1339189502,2.88550198463,1.223068210935,1.54631554776,0.319496152903258,1.99629584106
10113,JETILW,20140820,87339,48,0.126894916821911,-1.38127558621,-1.69158455375,2.67634535446,10.679304111136,2.89701180294,1.228012084961,1.56877913929,0.314518081190528,2
10114,JETILW,20140820,87340,48,0.192481546661901,-1.38045451034,-1.69622846444,3.18982396967,7.522178534674,2.8889465332,1.225241207254,1.55383324727,0.317917593255582,1.99942648
10115,JETILW,20140820,87341,48,0.153885309541156,-1.38197583448,-1.69349983946,2.96063824754,10.612729553494,2.89460870151,1.234309374052,1.56161565223,0.316185471618171,2
10116,JETILW,20140820,87342,48,0.117902690581753,-1.38132215172,-1.69524200645,3.39021550537,13.734436882466,2.89082641602,1.23320032317,1.55773756781,0.317401214980683,2
10117,JETILW,20140820,87343,47.75,0.107163595657244,-1.38166651852,-1.68882833056,2.58311837927,13.089607345493,2.90195097747,1.234395539319,1.57739798729,0.312858683706826,2
10118,JETILW,20140820,87344,47.75,0.157521115427419,-1.37939822222,-1.69776375299,3.71054388049,9.432352841744,2.88661306876,1.224545408178,1.54881193051,0.318982719697357,2
10119,JETILW,20140820,87346,47.75,0.248299977317941,-1.37377185185,-1.70289791056,3.99050358357,4.830854731952,2.87855840612,1.214804538974,1.53573857223,0.321795293773652,1.99763601798
10120,JETILW,20140820,87347,47,0.11756773090431,-1.3802729505,-1.69239663539,2.56678790481,11.352736966905,2.89617104105,1.229078179539,1.56761918643,0.314773515074748,2
10121,JETILW,20140820,87348,47.75,0.179921014135255,-1.377628,-1.69910862769,3.87118634095,7.813657983637,2.88461303711,1.222059947473,1.54397944255,0.319928943416131,1.99979556048
10122,JETILW,20140820,87349,47.75,0.141069524189977,-1.37943822222,-1.69667408155,3.60582510297,10.635427941449,2.88748423258,1.226873371336,1.5503187808,0.31870448577125,2
10123,JETILW,20140820,87350,47.75,0.136073460008506,-1.38041422222,-1.69734218337,3.58596094473,10.991711143209,2.88767298946,1.227859461749,1.55193299002,0.318474294700168,2
10124,JETILW,20140822,87380,51.1,0.225144399539649,-3.1712055814,-3.02256887529,6.8122902251,24.657145630241,2.8948295061,1.189453319062,1.56360416551,0.327228641018376,1.95985980367
10125,JETILW,20140822,87381,50.1,0.199725307039075,-3.17266083721,-3.02145724716,6.84135720769,28.41193079251,2.89616518242,1.190381964972,1.56524141659,0.326899145473431,1.9596000494
10126,JETILW,20140822,87384,49.8,0.238721235766358,-3.56880345946,-3.3894441504,7.81939737102,27.35255089359,2.8868593783,1.182628889342,1.58483501519,0.324417630253092,1.96115524704
10127,JETILW,20140822,87385,50.3,0.234861144038496,-3.57305666667,-3.39313737377,8.00234906901,28.737416254869,2.88454797533,1.184118956328,1.58068840613,0.325345262895354,1.95897526211
10128,JETILW,20140822,87386,50,0.278355067937607,-3.57072822222,-3.39671503386,7.80447145669,22.428501830046,2.88151253594,1.18133516113,1.577600575,0.326014574732553,1.95811780294
10129,JETILW,20140822,87387,51.15,0.26033495441653,-3.96671897872,-3.78333181621,8.05374445108,27.2998423070551,2.8817787982,1.181703222559,1.57788593811,0.325885812002502,1.96165612403
10130,JETILW,20140822,87390,47.9,0.193909932406763,-2.7786752,-2.62943344281,5.6941891298,22.384820706784,2.89840698242,1.18687645472,1.5879788578,0.322623139692843,1.95796661377
10131,JETILW,20140822,87392,48.25,0.185575333062248,-2.78417978182,-2.62632130436,5.33667454819,29.383958564145,2.90144375888,1.195895814895,1.59321424911,0.321359008761873,1.96169766513
10132,JETILW,20140822,87393,51.2,0.255985319604734,-3.96968711111,-3.78686671206,8.38155215763,29.6278765073214,2.8802057902,1.183529045847,1.57661585935,0.326262446547525,1.96398480733
10133,JETILW,20140822,87394,49.75,0.295188220640813,-2.06806859259,-2.01995140095,6.11788535893,8.049955236246,2.86982981364,1.179907635406,1.55924334171,0.329618102971127,1.95732554683
10134,JETILW,20140822,87397,49,0.215281057535438,-3.02328547945,-2.86906148025,5.98084574808,22.676424081749,2.90738395795,1.185578578139,1.55435662217,0.320617857251048,1.95617571269
10135,JETILW,20140827,87404,48.5,0.230322843431079,-2.48493504587,-2.39925930528,4.70255552341,18.324286261512,2.90220376111,1.197308343485,1.57161155241,0.324608478274001,1.95828401058
10136,JETILW,20140827,87406,49,0.243585092322307,-2.48148778082,-2.40804023346,5.0177544862,17.371364626182,2.89186472436,1.191775282769,1.5725513702,0.325655864947286,1.95786609388
10137,JETILW,20140827,87414,49.5,0.254845173239969,-2.47868133333,-2.42187916568,6.1177917685,17.055029596844,2.8736521403,1.19697327084,1.55586569441,0.330532290351901,1.94890022278
10138,JETILW,20140828,87417,53,0.201977069448789,-1.6784643299,-2.35031680098,4.69947243416,9.343254024643,2.90080748882,1.211243236188,1.52271989899,0.322321846423645,1.98944327758
10139,JETILW,20140828,87418,58.5,0.198631924088036,-1.67578005479,-2.34798749259,4.6594340261,9.37173730191,2.90341709085,1.21337482374,1.52854358395,0.320849866730749,1.99090743391
10140,JETILW,20140828,87419,59,0.186647586728709,-1.97063439175,-2.72063199336,5.28442282361,12.708963024509,2.90248595562,1.212570352653,1.52849461162,0.321259107868041,1.991323884
10141,JETILW,20140828,87420,55.5,0.19049905314009,-1.9749648284,-2.72068966509,5.37214495247,12.656333356888,2.90235043136,1.211288209498,1.52766762529,0.321517758189433,1.99139025084
10142,JETILW,20140828,87421,57.5,0.17475136687273,-1.96964839669,-2.72424028389,6.01185683143,12.880342080164,2.89841908857,1.210030524199,1.52205252764,0.322741761829039,1.99255787243
10143,JETILW,20140828,87422,53.5,0.170040662432704,-1.96706652055,-2.72844504511,6.09275621126,12.904131581244,2.89373319443,1.206105415135,1.51248336221,0.324947829346866,1.99359799738
10144,JETILW,20140828,87423,51.3,0.174463195566013,-2.53939642553,-3.41311428787,5.60734366446,22.930694105616,2.89261481102,1.188160556428,1.50635653404,0.327540410799428,1.99358091963
10145,JETILW,20140828,87424,53,0.167866115809247,-2.53383035616,-3.41541070827,5.82858010021,21.720933834353,2.8910300895,1.187646372677,1.50444521628,0.328036799498001,1.99643195165
10146,JETILW,20140828,87425,53,0.218362760951988,-1.67540701031,-2.35265949985,4.98239876622,8.057939810186,2.89854635652,1.208480151658,1.52035022897,0.323105007500865,1.99240112305
10147,JETILW,20140828,87426,53.5,0.182458047481661,-2.53290099083,-3.41761087915,6.03220296864,19.680076487922,2.89008940251,1.186964258142,1.50264729618,0.328552747586401,1.99850001904
10148,JETILW,20140901,87470,55.95,0.17028483206172,-1.25918005797,-1.31205188,3.47152125605,7.83734836844,2.89530436198,1.211576247561,1.57731548115,0.322783543580506,1.96809497778
10149,JETILW,20140901,87474,54,0.169215961644148,-1.37267221918,-1.31440106562,4.3041869209,8.423529170623,2.89238206001,1.203354515441,1.57092499988,0.324274042918022,1.9628488201
10150,JETILW,20140901,87475,49,0.183183614382283,-1.59329610959,-1.29561710901,3.92484907613,12.708728954636,2.94663687928,1.261388732962,1.67873859209,0.300483901356162,1.96823391849
10151,JETILW,20140901,87477,47.75,0.18028997915166,-1.57838711111,-1.26863440522,3.95225301074,12.96202205017,2.959817957,1.274589556235,1.7077475324,0.295065529760552,1.96909148605
10152,JETILW,20140901,87479,50.5,0.282450235082805,-1.35503392593,-1.32192378215,4.6268242118,3.368480807699,2.88492160373,1.183840778138,1.55474087895,0.328352102967112,1.95886753224
10153,JETILW,20140905,87560,54.5,0.249575864696649,-1.97445431193,-2.00886509937,6.48637785556,9.926711808081,2.88527686443,1.275379802109,1.57699236121,0.321739702318443,1.9969581814
10154,JETILW,20140905,87563,54.5,0.198674639705687,-1.97917680734,-2.00698327372,6.64416756713,14.185242387352,2.88856464351,1.280485966884,1.58039850424,0.321027348617753,1.99702215632
10155,JETILW,20140905,87564,54.5,0.251680508992405,-1.97397563303,-2.00904647417,6.50626124792,9.986856012729,2.88496440922,1.275800319987,1.57633786439,0.321965609958819,1.99535460866
10156,JETILW,20140905,87565,54.5,0.195818074885514,-1.97868256881,-2.00722656752,6.53212504528,14.183365886953,2.88803884524,1.279670557845,1.58162291437,0.320852523784179,1.99719826235
10157,JETILW,20140905,87566,54.5,0.24318672786192,-1.97498495413,-2.0093949718,6.393523952,9.917555922262,2.88553864365,1.274815865613,1.57785048969,0.321719561593437,1.9976197689
10158,JETILW,20140905,87568,54.5,0.230677055739867,-1.97331214679,-2.00906827537,6.34326190366,10.005619478906,2.88496300934,1.273404777597,1.57851287306,0.321537351018658,1.99823194031
10159,JETILW,20151110,88961,53.5,0.234549087087251,-1.96738048,-2.51096294261,4.85985863511,8.868223956682,2.90597900391,1.220551099777,1.55252800679,0.322786183649264,1.9777545166
10160,JETILW,20151110,88963,53.7,0.287394992509628,-1.97252177778,-2.49729251468,6.0137368028,8.720414705942,2.92086304559,1.258301152123,1.56943896311,0.316067254369169,1.97050285339
10161,JETILW,20151110,88964,53.5,0.283245901625982,-1.97303583562,-2.4987188601,5.67143121334,8.727074818329,2.91963112191,1.25735876005,1.56811843957,0.316459452104882,1.97393652511
10162,JETILW,20151116,89044,49.6,0.199863490117232,-1.98043555556,-2.39510468118,4.76713092616,14.140696729489,2.89188469781,1.281142605675,1.5735666828,0.323374585141375,1.95480196675
10163,JETILW,20151117,89062,48.25,0.237348056659583,-2.47725701818,-2.41259892763,4.95031073616,18.049748267741,2.88455560858,1.190479295904,1.57983830788,0.325899320430427,1.95342587558
10164,JETILW,20151117,89072,48.5,0.237621574829864,-2.4759660274,-2.41557606905,5.24329370001,17.811618929638,2.88230206215,1.188354106799,1.57509183592,0.326812698713941,1.95777349603
10165,JETILW,20151117,89073,48.25,0.214754699869034,-2.47392930909,-2.4119635305,6.05290029281,18.780158561714,2.88682889071,1.195601753755,1.58602989008,0.329173288554794,1.95549122203
10166,JETILW,20151117,89077,50,0.274820734269545,-2.47567177778,-2.41757709145,6.32061137772,17.560782266716,2.87894821167,1.192478795847,1.56616916805,0.32868471771887,1.94205093384
10167,JETILW,20151118,89082,55.1,0.244742201530383,-1.97633432558,-2.22235072097,5.34279850543,15.424511459281,2.94622891448,1.359526257182,1.60942818049,0.298813765230589,1.96339256819
10168,JETILW,20151118,89084,55,0.212809606415847,-1.97614378082,-2.22281142459,5.65843234707,16.426113383245,2.9458131137,1.359694885881,1.61177011246,0.298821654240435,1.97605937801
10169,JETILW,20151118,89085,55.75,0.21727491966802,-1.97875111111,-2.22520612463,5.21859673371,16.021663290268,2.94282023112,1.3593638738,1.61322400959,0.299301118222496,1.96466975742
10170,JETILW,20151118,89086,57.25,0.23064184662336,-1.97079186667,-2.22893706158,5.4580891547,12.962727574845,2.93755645752,1.367188628515,1.63231889312,0.301110874766559,1.96327679952
10171,JETILW,20151118,89088,57.25,0.224847264168439,-1.97591160221,-2.22774818917,5.10882318164,15.103686978711,2.93867517967,1.390706457486,1.65349099206,0.301770219651355,1.96456403363
10172,JETILW,20151118,89089,47,0.177122303362158,-1.37500965517,-1.69794349918,3.01234449707,8.860279677033,2.88395385742,1.228057006309,1.5534575922,0.320498992060465,1.98728090484
10173,JETILW,20151118,89090,46.5,0.261411489887388,-1.36585205479,-1.70592014007,4.15627850567,4.446775677844,2.87012387628,1.210068408757,1.52914465572,0.325610987951946,1.99232064861
10174,JETILW,20151118,89091,46.5,0.29410912240334,-1.36777545205,-1.70393102347,3.98371886382,4.324787602334,2.87337378933,1.21458951741,1.53310832846,0.324572577573509,1.99067228134
10175,JETILW,20151118,89092,47.75,0.304472254958442,-1.36803481481,-1.69174631927,4.04930699008,4.181065336739,2.89346200448,1.24046976478,1.52638759645,0.322442381687563,1.99251259698
10176,JETILW,20151118,89093,46.5,0.306653907749447,-1.36320482192,-1.70561062015,4.13473933677,3.476645102387,2.87078293056,1.208172131891,1.52984754828,0.325296615534367,1.99477041584
10177,JETILW,20151118,89094,46.5,0.352657479902288,-1.3643830137,-1.70506643931,4.32309816906,3.382933233798,2.87178896551,1.211355869084,1.53137705355,0.325114968288483,1.99107862499
10178,JETILW,20151118,89095,47.25,0.350641860796301,-1.36596550459,-1.69236711253,4.06401265024,3.342433143623,2.89195965408,1.237148892989,1.52388085514,0.322924483266033,1.99500827614
10179,JETILW,20151118,89102,46.5,0.259831842803302,-1.36647419178,-1.70582345875,4.09961688917,4.416148732867,2.87081428423,1.210317755399,1.52968439046,0.325424812821905,1.9954762916
10180,JETILW,20151118,89103,47.25,0.141618024422978,-1.37503911602,-1.6945978945,2.64183490384,10.079654615263,2.89060173245,1.226953332595,1.56581900642,0.317580418827165,1.99718024322
10181,JETILW,20151119,89110,57,0.20240196012851,-1.9726105,-2.22952641439,6.11630769168,15.277217010496,2.93772570292,1.348295370738,1.60946971666,0.29957061711999,1.97122891744
10182,JETILW,20151119,89114,55.75,0.234121644317128,-1.974378,-2.22509356557,5.79783939703,14.924111539573,2.94217830234,1.357911070188,1.61095246887,0.299351401745951,1.97175470988
10183,JETILW,20151119,89119,56.5,0.234036550508616,-1.46634466055,-1.42401258536,5.21544609047,6.507723697912,2.9128415169,1.295474831118,1.55641143035,0.318322332417453,1.99450179634
10184,JETILW,20151119,89121,57,0.246243024760912,-1.46617205479,-1.42549404087,5.26753151026,6.496035957299,2.9086696677,1.332021739385,1.53190451678,0.320757441657767,1.99508876017
10185,JETILW,20151119,89125,55.5,0.212313547786527,-1.96976555556,-1.90095705178,6.19364341066,12.587426229197,2.91353056166,1.296758214633,1.56031239848,0.317744480883545,1.99423493279
10186,JETILW,20151120,89131,47.5,0.217997721148748,-1.37358722936,-1.69997315696,3.41322913403,6.703496440453,2.8820677591,1.222336664113,1.55003879124,0.320945352575559,1.99445448009
10187,JETILW,20151120,89137,47,0.142781468160343,-1.37502984828,-1.69928505666,3.09324075722,11.440098124486,2.88311304553,1.232578790599,1.55282924511,0.320819817459834,1.94961274246
10188,JETILW,20151120,89145,47.25,0.144815267334735,-1.37606678899,-1.73857455916,2.8200675331,11.157734574785,2.90440634631,1.235517221853,1.55919561136,0.317775725794565,1.94302130183
10189,JETILW,20151124,89158,55.5,0.218030252343763,-1.96459983333,-1.90531488942,6.12179012054,11.959758059598,2.90649255117,1.329835901658,1.53098670001,0.321377638825528,1.9850487709
10190,JETILW,20151124,89159,55.5,0.220447503262487,-1.96571844444,-1.9068418032,5.98962706367,12.017935144044,2.90725178189,1.331000844638,1.53306836671,0.32105953177994,1.98971154955
10191,JETILW,20151125,89179,50.35,0.220214107264266,-1.97896824742,-2.14659330541,5.3734417479,14.822672921968,2.91033149011,1.217276455201,1.5459169374,0.318264777049157,1.97741557642
10192,JETILW,20151126,89191,50.65,0.1563766628233,-1.98437293617,-3.39178714283,4.5513166728,18.270049125948,2.9027839823,1.284621106817,1.5542023456,0.324144386862528,1.99261377213
10193,JETILW,20151126,89192,51.75,0.162271771013265,-1.98231558621,-3.39223809807,4.65405410105,20.854981119377,2.90344738138,1.293219451247,1.55457812266,0.324080288438625,1.99227668499
10194,JETILW,20151126,89193,51.75,0.165200886694907,-1.97935496296,-3.3937298027,4.69976798289,20.594608048344,2.90178623906,1.294442865583,1.54902243248,0.325172293346343,1.97542628536
10195,JETILW,20151126,89200,51.75,0.15750438373997,-1.97751155556,-3.39306309899,4.32470539117,18.730170506428,2.90216290509,1.285779749906,1.55267255454,0.324500622749085,1.95383868366
10196,JETILW,20151126,89201,51.75,0.166422323209725,-1.97859644444,-3.39104767428,4.39002728902,20.61448608879,2.90404143157,1.289849113535,1.55570865035,0.323940863500151,1.95479591563
10197,JETILW,20151126,89202,51.75,0.158154766434735,-1.97863348148,-3.39227054263,4.58991345985,19.983090203811,2.90335676405,1.288014862273,1.55629263296,0.324032681069021,1.95374389738
10198,JETILW,20151126,89203,52,0.15958472085894,-1.97978577778,-3.38932484087,4.22731223448,22.358611952415,2.90533892314,1.29291837083,1.56068283094,0.323207219374643,1.95340835452
10199,JETILW,20151126,89204,52,0.162567024338923,-1.97723422222,-3.39280393554,4.64778623972,19.755006084291,2.90284411112,1.289358185397,1.5535136122,0.324459418645325,1.95365993083
10200,JETILW,20151126,89205,52,0.155669621962688,-1.98012222222,-3.39258346973,4.71943252845,20.29624985542,2.90252537198,1.291404532061,1.55322970841,0.324552438686655,1.95407674015
10201,JETILW,20151130,89238,52.25,0.248174667398986,-1.9727163681,-2.21036065128,5.35738578973,10.305147389274,2.90431709524,1.274372498682,1.5770651739,0.321456733063388,1.97844897311
10202,JETILW,20151202,89285,47.5,0.162665555829552,-1.37639355556,-1.89773212903,2.62402918384,8.457941062038,2.89999834696,1.228576276037,1.54952068032,0.320300836552447,1.91304891109
10203,JETILW,20151202,89286,47,0.151811609435438,-1.37685495172,-1.89602008478,2.70609972241,10.270785894119,2.90122533338,1.234528600759,1.55058322496,0.320036408307271,1.91206564307
10204,JETILW,20151202,89289,49.5,0.168689426035807,-1.38133144444,-1.88755796643,2.92451251757,11.327008870099,2.91465992398,1.244608766503,1.57217274321,0.314601495765203,1.9423260159
10205,JETILW,20151202,89294,48.5,0.144804420078901,-1.37485545205,-1.88746640161,2.94926736216,10.082165769422,2.91514545597,1.192262616876,1.54768690531,0.318404553596159,1.93661917072
10206,JETILW,20151202,89295,49.75,0.153336806635487,-1.37907318519,-1.89210533464,2.78483671764,9.850397400463,2.90844783077,1.236558066474,1.54881090644,0.317721314654062,1.93437731708
10207,JETILW,20151202,89296,45.5,0.147367153731257,-1.37124088889,-1.89214071206,2.76049317836,11.713250983176,2.9081509908,1.243290901184,1.54539921534,0.318519938745747,1.93886756897
10208,JETILW,20151202,89296,49,0.149293239784321,-1.3768873931,-1.89292306347,2.74682985523,9.841831132459,2.90719962284,1.235568132072,1.54456950309,0.318572871709874,1.93376591123
10209,JETILW,20151202,89297,49.5,0.156809295803492,-1.38005583448,-1.89651800758,2.670238403,9.659350116288,2.90135645373,1.23146659588,1.55181044791,0.319764643565694,1.93514214877
10210,JETILW,20151203,89309,51,0.261471667803931,-1.201904,-1.32402562342,3.86216882094,6.242716187568,2.93211873372,1.267121109698,1.59759239222,0.308175680598918,1.99686135186
10211,JETILW,20151203,89310,51,0.25846926787645,-1.09990988889,-1.33404668273,3.57333397728,4.245316405622,2.90968492296,1.241552816497,1.55551951432,0.317541255341859,1.99066819085
10212,JETILW,20151203,89322,52.5,0.248883024413335,-1.88053955556,-2.37707156061,5.52197820417,10.242415250013,2.91333749559,1.380571643511,1.61467064497,0.308674037421429,1.99069786072
10213,JETILW,20151203,89323,52,0.218052223786362,-1.88109355556,-2.37233317386,5.32093927602,11.82122433521,2.91887431675,1.380834380786,1.62731984024,0.306195748384307,1.99159897698
10214,JETILW,20151203,89327,53.7,0.19932995099544,-1.84077244444,-2.38512292072,5.42784100927,14.986180183706,2.90379842122,1.400138841735,1.60065947651,0.31357489213161,1.97814602322
10215,JETILW,20151204,89333,54.75,0.226481922218772,-1.97164888073,-2.14518227131,6.2917008483,14.110508172283,2.93819406492,1.385681642305,1.64891497812,0.302243161889369,1.98327972692
10216,JETILW,20151204,89335,56,0.195386868287191,-1.967448,-2.1379843745,6.08029719054,16.357080148715,2.93870798747,1.385300298531,1.64810596459,0.302153844672553,1.98692242304
10217,JETILW,20151204,89336,57.25,0.190905763290591,-1.9714292,-2.13470315356,6.4968573566,16.621900165487,2.9382581075,1.380967839559,1.64777708442,0.301846092434206,1.98707084656
10218,JETILW,20151204,89340,55.25,0.185336904925797,-1.96986333945,-2.15638145047,6.23623151289,15.655857121398,2.92003582596,1.365897152402,1.57871149273,0.313149795767104,1.98216625529
10219,JETILW,20151204,89341,56.5,0.241636736057904,-1.97567511111,-2.13604658927,5.68009043915,14.909249065843,2.94077703688,1.395010020998,1.65332105165,0.301831709500396,1.97226036919
10220,JETILW,20151204,89342,57,0.228640955957136,-1.96864777778,-2.13745453065,6.81735208343,13.172903568114,2.93661710951,1.378620730506,1.64616187107,0.302626336375288,1.96730147468
10221,JETILW,20151207,89360,57.2,0.190764969172361,-1.97488911111,-2.39471313043,4.65271310735,14.892203161856,2.88709068298,1.27405814992,1.56405418673,0.325917420704211,1.95402017832
10222,JETILW,20151207,89361,56.8,0.192890451000307,-1.97432911111,-2.39514776029,4.73044242216,14.638926874278,2.88785955641,1.273655732473,1.5647537825,0.325669859263224,1.95285849273
10223,JETILW,20151207,89369,56.8,0.193807685414259,-1.974406,-2.39581872719,4.54442933196,14.399802636695,2.88585133023,1.272059308158,1.56186657597,0.326579156952928,1.960326913
10224,JETILW,20151207,89372,56.8,0.193895637979952,-1.97217066667,-2.39576216293,5.59149900498,14.332039635865,2.88643921746,1.27173580726,1.56538405682,0.325681984098467,1.93954911828
10225,JETILW,20151208,89397,57.75,0.197925303530792,-1.96593771429,-2.46272095361,4.76106277803,11.945653742477,2.90495808919,1.231077409926,1.56631849646,0.320480401784588,1.96373875936
10226,JETILW,20151208,89398,57.75,0.199349687104445,-1.96597790476,-2.46323497704,4.85415137812,11.984703575119,2.90492030552,1.231265124821,1.56792458011,0.320357097476867,1.9633710952
10227,JETILW,20151208,89399,58,0.248972779367622,-1.95998933333,-2.46986568443,4.23075643266,7.737347389379,2.89600308736,1.224489818017,1.55133283156,0.324014729686424,1.96440029144
10228,JETILW,20151208,89402,58,0.245988407216419,-1.9596115,-2.46845620657,4.09025186485,7.851999846089,2.89747810364,1.223887821038,1.55496884151,0.323240437017766,1.96332406998
10229,JETILW,20151208,89407,58,0.335730671104243,-1.970519,-2.44416431298,5.20817934482,7.919867051649,2.92553869883,1.264461487532,1.58278068089,0.31424212499724,1.9644947052
10230,JETILW,20151208,89408,58,0.34047500085176,-1.97000366667,-2.4452256008,5.29259228296,7.807512346213,2.92526022593,1.263994534811,1.58281880543,0.314352646409313,1.96448612213
10231,JETILW,20151208,89409,58,0.339131906798148,-1.97129616667,-2.44517440783,5.28275684359,7.778436175326,2.92532666524,1.264151632786,1.58393735778,0.314269248649732,1.96080621084
10232,JETILW,20151210,89418,53,0.298067372830911,-1.96353293151,-2.09878237936,6.02657276542,7.366070131058,2.90768829764,1.268742554808,1.5680735057,0.321347305929036,1.9948425293
10233,JETILW,20151215,89454,52.75,0.222285303807424,-2.47018327273,-2.66452090632,8.49674438448,17.83096708754,2.91003112793,1.375931410356,1.58882665441,0.314256356735782,1.968968492
10234,JETILW,20160122,89702,52.3,0.197570222665665,-2.468698,-2.66784510216,8.2981725845,18.925333525563,2.91045830467,1.370149308985,1.58628491884,0.313241200440207,1.9782889973
10235,JETILW,20160122,89709,52.5,0.202290511450667,-2.47004422222,-2.66818264332,8.29053581654,18.955156186429,2.91068903605,1.370718280474,1.5882258116,0.312958767482145,1.97266596258
10236,JETILW,20160125,89726,51.75,0.225149382194631,-1.07509488889,-1.12680664037,3.6164759988,4.105759856542,2.888399548,1.201586484909,1.52597462708,0.316213837972114,1.99415927463
10237,JETILW,20160125,89727,56,0.21605352047032,-1.0742976,-1.12975293531,3.63479543036,4.237282342117,2.88962381297,1.203498550941,1.53025169845,0.31556184672834,1.99483116413
10238,JETILW,20160125,89728,56,0.215771750941358,-1.07318995862,-1.13030646006,3.54941953063,4.230659207449,2.88979744747,1.203416166635,1.52966340338,0.315345369145102,1.99659171269
10239,JETILW,20160125,89730,53,0.214083990315213,-1.07586860274,-1.1278114763,3.72220257402,4.278218049324,2.89030916397,1.202909789673,1.53211344415,0.315249585087105,1.99638868358
10240,JETILW,20160125,89730,57,0.186100773411175,-1.07733775342,-1.1294232501,3.46714683863,5.083696493941,2.89341066961,1.207016879565,1.53695859277,0.313858055588564,1.99688532581
10241,JETILW,20160315,90131,53,0.200778926082078,-2.47254335135,-2.73118780562,5.67640276511,17.993443106069,2.9037395168,1.266732196551,1.57458075078,0.31911590131651,1.98347864924
10242,JETILW,20160315,90133,51.4,0.20009336794962,-2.47253881081,-2.73089018612,5.81911304121,18.153231068081,2.90165380529,1.266811905681,1.5698116327,0.320152982729501,1.98199359791
10243,JETILW,20160315,90133,53,0.197856016379558,-2.47091308108,-2.73107354379,5.50680740661,18.209497184197,2.90351929536,1.266924323262,1.57597650296,0.319009220377561,1.98113786852
10244,JETILW,20160315,90134,53,0.201102574236158,-2.47295308108,-2.73131350979,5.52769144251,17.892628000945,2.90395045925,1.266801267056,1.57579454124,0.319095454550324,1.98162161337
10245,JETILW,20160315,90135,51.4,0.203801261514468,-2.47048432432,-2.73315564794,5.8807148954,18.426766534531,2.89998606089,1.267382202922,1.56664157716,0.320660798332807,1.98040359085
10246,JETILW,20160315,90135,53,0.207451007121014,-2.47068259459,-2.73492602015,5.71981922474,18.174718268953,2.90019659094,1.267775438927,1.56789615916,0.320586969948354,1.97900328765
10247,JETILW,20160315,90136,53,0.231823696946231,-2.47198681081,-2.74937058792,6.61300758352,15.378127050087,2.88470809524,1.261972002081,1.57581821969,0.320595266644841,1.98490534602
10248,JETILW,20160315,90138,51,0.218835233794136,-2.47473611034,-2.73180663846,6.12041018947,17.720725023698,2.90137813173,1.267546403819,1.56963504812,0.320293392503407,1.98417105839
10249,JETILW,20160315,90143,56,0.203155894166186,-1.66801913402,-2.36908063427,5.04279203723,7.947586689501,2.89141027706,1.204922700666,1.51320104006,0.324082030297963,1.99757495369
10250,JETILW,20160315,90146,53.5,0.206875864444582,-1.67430038356,-2.36335876462,4.67280502575,8.583883194477,2.89901649789,1.207335609279,1.52770525792,0.321017276616862,1.99663198811
10251,JETILW,20160315,90148,55.5,0.189173434800838,-1.67051522222,-2.36853795521,5.13305742654,9.077811916254,2.89214367337,1.206159465843,1.51463019582,0.323979254986385,1.99776310391
10252,JETILW,20160315,90149,56,0.176118101260712,-1.67114766667,-2.36791795335,5.08850357344,10.280881118637,2.89237626394,1.206968893608,1.51490072579,0.323877476485346,1.99694061279
10253,JETILW,20160316,90155,48.75,0.140377275623185,-1.37925501976,-1.89516744485,2.96054998503,11.675542219052,2.91532276742,1.251762782161,1.54635800488,0.313754359318672,1.99842575134
10254,JETILW,20160316,90160,50.2,0.12736274125216,-1.37857369863,-1.87411721028,3.39499424678,11.154310676914,2.94734735358,1.236791447417,1.57520029722,0.302018859348822,1.99575471225
10255,JETILW,20160316,90161,49.65,0.162300177586623,-1.3795706383,-1.89589603,3.03465371656,9.083131424725,2.91402061949,1.233823476953,1.55408789318,0.31303408531222,1.99847509506
10256,JETILW,20160316,90164,50,0.190474903391956,-2.37627931429,-2.83669608983,5.40704329237,19.781970295595,2.89222877139,1.200133023943,1.50638899918,0.325144496326979,1.97495596749
10257,JETILW,20160316,90165,50.5,0.190902246233211,-2.37705777778,-2.83824058904,5.33086631205,20.358476324279,2.89139076515,1.20565116847,1.50478191399,0.325624775836605,1.97116625751
10258,JETILW,20160316,90166,49.5,0.191122443194267,-2.37744533333,-2.81363051421,5.35935075872,20.463074362147,2.91599422031,1.190280205673,1.53705836278,0.316069095229214,1.97317801581
10259,JETILW,20160316,90176,49.5,0.118870136862523,-1.37794449655,-1.88945107698,3.02620115833,11.856290541164,2.9240135456,1.24415689008,1.55395283135,0.310426997227793,2
10260,JETILW,20160318,90222,50.25,0.239873104483123,-1.97974684444,-2.16041091633,4.1853820331,11.693229681733,2.90460408529,1.215551895565,1.54825848991,0.317906021998453,1.98596242269
10261,JETILW,20160321,90246,50,0.249043042250872,-2.47909355556,-2.42376751536,5.34904279323,18.674111662225,2.88369687398,1.192300419013,1.57723294951,0.325149965213196,1.99501122369
10262,JETILW,20160321,90252,48.25,0.228078898903624,-2.47896102752,-2.42765925767,5.63584444931,19.091405099728,2.8811138748,1.182028258612,1.57656140036,0.323982103315092,1.98171983071
10263,JETILW,20160321,90253,48.25,0.242277695621822,-2.47880190826,-2.42678945639,5.92564873971,18.834784939787,2.88130677949,1.183224450558,1.57532496666,0.324190755051545,1.98149626846
10264,JETILW,20160322,90271,51,0.198069630841941,-2.37741,-2.83804875612,5.00767697835,19.121757815444,2.89279916551,1.204258567757,1.5087362047,0.324938448443337,1.97132598029
10265,JETILW,20160322,90272,53,0.228609196236726,-2.37360854795,-2.83988062843,5.31063729188,14.952970392815,2.89173910063,1.201820327811,1.50542145722,0.32513410363202,1.96514349114
10266,JETILW,20160322,90273,51.5,0.187252506975714,-2.37591107182,-2.8386649192,5.36877658164,19.671927454241,2.89198733166,1.196762717232,1.50743127102,0.325135462093216,1.96969334724
10267,JETILW,20160322,90274,51.5,0.184283433580536,-2.37536466667,-2.83929138699,5.47715296229,20.453011868388,2.89218775431,1.197578065925,1.50673304421,0.325201651580324,1.97882694668
10268,JETILW,20160322,90275,51,0.190124350046435,-2.37632355556,-2.83891764994,5.40345542467,20.478972680375,2.89213364213,1.198398475294,1.50773637739,0.325246365471972,1.98026077836
10269,JETILW,20160322,90276,50,0.203608839043647,-2.37567281633,-2.83813043666,5.72401109083,20.492310459754,2.89088253099,1.200514623097,1.50419221003,0.325957352634561,1.98299719363
10270,JETILW,20160322,90277,50,0.182514399139866,-2.37520933333,-2.83571887728,5.05659944037,20.39261981351,2.89390881856,1.198309017552,1.51078630289,0.324607850137599,1.9780576494
10271,JETILW,20160322,90278,53,0.223256156648261,-2.37320284932,-2.84035891119,5.4080596516,16.004220695926,2.89193767391,1.197541556946,1.50569710804,0.325419178339556,1.95701459944
10272,JETILW,20160322,90286,48,0.123829958595492,-1.37746637241,-1.8890933696,2.95778760971,14.25980960713,2.9249088682,1.25667078084,1.55721889731,0.310569107153422,1.99977374899
10273,JETILW,20160322,90287,45.5,0.13172172132607,-1.373095,-1.89227467873,3.2141574814,15.038876040697,2.91934967041,1.25919375817,1.5484742343,0.312798634068989,2
10274,JETILW,20160330,90329,50.1,0.113024369308814,-1.38160942466,-1.88607894218,2.70533569377,13.944202011279,2.9281369562,1.25177374278,1.560295985,0.308830115710692,1.99962960857
10275,JETILW,20160330,90331,47.2,0.156625112700229,-1.38358677778,-1.89134749029,3.60134953355,14.646093389701,2.92015096876,1.265042927531,1.54903981171,0.312779170275517,1.99968486362
10276,JETILW,20160330,90335,48,0.12682587535704,-1.37833787586,-1.89263713528,3.11689767348,13.262037902403,2.91896257072,1.250425983297,1.5474630283,0.312343455301009,2
10277,JETILW,20160330,90340,49,0.140071635627323,-1.37950962759,-1.89226626623,2.90658256156,10.855731207585,2.91923638706,1.245806720339,1.54676592768,0.312297179672782,2
10278,JETILW,20160330,90341,49.7,0.1352817552864,-1.51405845545,-2.16703684043,2.94345495416,12.506016724859,2.89556975412,1.21365514132,1.51058216253,0.324810721182171,1.99079048988
10279,JETILW,20160330,90344,46.75,0.126211886980167,-1.51559618349,-2.15290246091,4.18456744452,17.444650736194,2.91078564005,1.245873477481,1.52213756823,0.318536870335486,1.99194881894
10280,JETILW,20160330,90345,49,0.0991225891159847,-1.51279348966,-2.14687592643,3.56104618717,17.534422639589,2.92181312298,1.237406283411,1.5489329444,0.313198311899451,1.99130880422
10281,JETILW,20160330,90346,49.5,0.114820491049801,-1.51433188889,-2.14248906567,3.10299456885,17.111112868241,2.92889022827,1.243495206038,1.5649005122,0.310093936153921,1.98920038011
10282,JETILW,20160330,90347,49.5,0.0979279536844249,-1.5152982069,-2.13979389582,3.08171963458,17.318104253206,2.93257719895,1.239997567802,1.57586575747,0.308211369102107,1.98276325094
10283,JETILW,20160330,90348,49.5,0.159355209848184,-1.51657703226,-2.15040788346,3.72592015478,13.608720408561,2.91842384163,1.242368197111,1.54345482563,0.314774549886804,1.9845160559
10284,JETILW,20160330,90349,50.25,0.142961960448389,-1.51259822222,-2.14598775955,3.65866335103,11.243551694895,2.92458654333,1.226757641191,1.56122755141,0.310859363737904,1.98682657878
10285,JETILW,20160330,90352,46,0.123254913440406,-1.51699966667,-2.13955335887,3.28520528396,14.258105092741,2.92670440674,1.232438537809,1.56121629607,0.310683534536318,1.98288324144
10286,JETILW,20160331,90358,51.75,0.268801865012782,-2.47873056881,-2.65307977139,7.64541815704,16.012179564771,2.90516872581,1.250678298671,1.58424901128,0.312429828921875,1.98185450003
10287,JETILW,20160331,90360,54.25,0.23293573030968,-2.474738,-2.6506464216,6.33926402074,16.03872165902,2.90812428792,1.226542949677,1.5812689836,0.317173959493224,1.97429296705
10288,JETILW,20160401,90376,54.5,0.256844779245302,-1.97927183333,-2.10620807654,5.02323726691,11.796221131699,2.90731588999,1.217277675867,1.54978664857,0.317005808788865,2
10289,JETILW,20160401,90378,55,0.244504451799659,-1.9773939021,-2.10536664802,4.5882514674,11.654283642035,2.90777950687,1.216000090112,1.55087764374,0.316766227463195,1.99874109655
10290,JETILW,20160401,90386,50,0.188314734371764,-1.47598711111,-1.51136625335,4.97687165321,9.265778325053,2.9128704071,1.277776896953,1.56501404354,0.318402793466314,1.99450514052
10291,JETILW,20160401,90391,50.3,0.25251276194903,-2.47078177778,-2.55990658427,6.93160418385,14.036095051647,2.90586895413,1.265270544423,1.56659978242,0.319983940616615,1.97313478258
10292,JETILW,20160401,90396,50.3,0.138467031021555,-1.47515977778,-3.04588108511,3.84900845841,12.656142020173,2.90775341458,1.288129064772,1.54153490727,0.321732032836466,1.98856480916
10293,JETILW,20160404,90403,45.5,0.204343124965185,-1.67613644444,-2.06486144543,3.79581707653,12.371893307936,2.89974127875,1.227357387543,1.57766023969,0.311705931346273,1.99176979065
10294,JETILW,20160404,90404,45.5,0.17944979976178,-1.67222011111,-2.06517598479,3.48434707077,12.590132620815,2.89860767788,1.223118934367,1.57688987684,0.311747665684411,1.99702856276
10295,JETILW,20160404,90405,48.15,0.150155420334309,-1.37463089362,-1.70999755949,4.26427715232,9.692336302351,2.87737939713,1.247126827849,1.54077520173,0.320389583251523,1.99691285478
10296,JETILW,20160404,90406,47.25,0.154627088325325,-1.37476835359,-1.7090274075,3.88483797114,9.554226990479,2.87901752957,1.247920025778,1.54386340669,0.31969146862974,1.99885297744
10297,JETILW,20160404,90407,45.5,0.167268950185828,-1.37240633333,-1.69698329684,3.12406789667,9.182485035227,2.89909129673,1.223485390345,1.57455729591,0.311818690404006,1.99814393785
10298,JETILW,20160404,90409,47,0.162090949582338,-1.37485881379,-1.69872515164,3.36580282879,9.24668935034,2.89613289669,1.222307349895,1.56844103303,0.31308808428692,1.99993349273
10299,JETILW,20160404,90410,46.5,0.220230416143208,-1.06589470968,-1.33560238177,3.17902741053,3.299943704305,2.88167645854,1.208990154179,1.54003604566,0.318458552478841,1.99757884505
10300,JETILW,20160404,90411,47,0.168438337989563,-1.07146835862,-1.33240809547,3.06201216409,5.229750647175,2.88671243602,1.216797098621,1.54805328419,0.316781327533542,1.99672662143
10301,JETILW,20160405,90436,55,0.19848978792316,-1.66619655046,-2.37379902533,4.86621914862,8.45162372887,2.88437981562,1.183722106688,1.49170321265,0.328977966203814,1.99644568207
10302,JETILW,20160405,90438,49,0.189068897009973,-0.973577364055,-0.992173572534,3.32929798722,4.254301330216,2.8874913932,1.225984028407,1.54795539469,0.316130955459708,1.99686245545
10303,JETILW,20160405,90439,51.5,0.168246430986639,-0.976778518519,-0.996457249034,3.34914478783,5.232495724252,2.88937180131,1.231576504531,1.55233686276,0.315067393945377,1.99901524297
10304,JETILW,20160405,90441,48.3,0.126185389404611,-0.974809333333,-0.9872813735,2.8318586958,6.117034402299,2.89786805047,1.227779633469,1.57045352282,0.311405150719212,1.99489042494
10305,JETILW,20160405,90441,51,0.142661079571956,-0.980910555556,-0.993287086589,3.09973403309,7.147076115639,2.9000155131,1.242389228609,1.57161028047,0.310952543812446,1.99449623956
10306,JETILW,20160405,90443,48.75,0.171971630191708,-0.9750872,-0.991325951316,3.44097529529,5.237306881757,2.88994667747,1.231207414107,1.55049325238,0.315398773418186,1.99775418368
10307,JETILW,20160405,90443,52.5,0.223221724513937,-0.972897777778,-0.998761239939,3.7624446996,3.295363043762,2.88371149699,1.223916338549,1.54255031988,0.3170758881162,1.99701542324
10308,JETILW,20160405,90445,48,0.191178597491223,-0.971713222222,-0.991522097841,3.85980302376,4.325459252158,2.88403680589,1.225857390298,1.54074344611,0.31782833831593,1.99653371175
10309,JETILW,20160405,90445,50.5,0.195792330740967,-0.975156333333,-0.998346660439,3.8809899971,4.300477677328,2.88525899251,1.228945222166,1.54524465146,0.316814451799627,1.99702114529
10310,JETILW,20160412,90542,48.5,0.186395028102456,-0.97238972973,-0.993019637954,3.50949193412,4.25049600679,2.88370720116,1.222239268792,1.54297841927,0.318905004793854,1.99363873456
10311,JETILW,20160412,90542,50.3,0.191798232249502,-0.973092111111,-0.997361051311,3.39302849592,4.170492836477,2.88536198934,1.224796321657,1.54441372395,0.318259310461441,1.99353324042
10312,JETILW,20160412,90542,52.75,0.199056707761941,-0.9750296,-0.997980031787,3.45235978529,4.199159434938,2.88758517179,1.229684482921,1.54743057215,0.317455885685531,1.99273293235
10313,JETILW,20160412,90549,49.25,0.171366485787101,-0.971185309091,-0.996204891627,3.72411777668,4.419236412574,2.88169527921,1.221701422604,1.5397918017,0.319930017416604,1.99655636874
10314,JETILW,20160412,90549,52.5,0.170310119020769,-0.971772111111,-1.00028119727,3.84105432741,4.404290295489,2.8806760576,1.225541690985,1.53876893545,0.319998146068876,1.99746216668
10315,JETILW,20160413,90570,54.5,0.178374110265962,-1.6686037686,-2.37699489054,4.92065715971,10.118952779463,2.88287176968,1.184286227896,1.48728010318,0.331122878777213,1.9958259015
10316,JETILW,20160413,90572,56,0.18491262928922,-1.67174119588,-2.36831240927,4.94397883928,9.65795809737,2.89355122674,1.20708104753,1.51832385757,0.324278816645714,1.99473162779
10317,JETILW,20160413,90573,55,0.192138270163477,-1.67058420725,-2.3677594695,5.57960140956,9.730016064325,2.89312269774,1.269054897091,1.53623412458,0.323112441353156,1.99757329911
10318,JETILW,20160413,90574,54.5,0.172694612963544,-1.66745461417,-2.35844169689,4.93049342341,9.681124170231,2.90506558155,1.206418288975,1.5112047514,0.320813641716391,1.99701924962
10319,JETILW,20160413,90575,56,0.225182514779961,-1.6681625124,-2.35834854109,4.63303983606,7.524648810598,2.9053642336,1.214464952138,1.52481061789,0.320019449527652,1.99574506775
10320,JETILW,20160413,90576,56,0.192046001763166,-1.67147843299,-2.37984366405,5.34167061175,9.701864312604,2.87913465991,1.264510272705,1.54720963512,0.322677727951787,1.9963484302
10321,JETILW,20160413,90577,56,0.171787816106119,-1.66798016529,-2.35696717166,4.6442934871,9.64006243719,2.90704673578,1.207833341331,1.51654449932,0.320071864775282,1.99697497659
10322,JETILW,20160413,90578,55.5,0.179158026685272,-1.66820154128,-2.36173745158,4.94048225547,9.67910255028,2.90117596268,1.214444164836,1.51354936767,0.322113404872118,1.99697679992
10323,JETILW,20160413,90580,59,0.201811526126595,-1.67171526531,-2.37195261593,5.07049656365,9.575897683355,2.88635658731,1.246196474348,1.55956876288,0.319591674396233,1.99623014489
10324,JETILW,20160413,90581,53,0.181861884012784,-1.66910053608,-2.36054978453,5.05410873866,9.635240823406,2.90107868627,1.213969353548,1.512658863,0.322208373499802,1.99750762625
10325,JETILW,20160413,90582,59.25,0.196685357281059,-1.67528220183,-2.35540814492,3.8391444806,9.298898893045,2.90628303738,1.218500999136,1.5301084043,0.319588872535389,1.99508387014
10326,JETILW,20160414,90587,51.5,0.325380975341446,-1.97355155556,-2.11270990436,5.87426278524,8.21527751999,2.89811325073,1.209655748473,1.53318820936,0.321890968448186,1.99115477668
10327,JETILW,20160414,90591,54.5,0.261558290781046,-1.97713229752,-2.10391229009,4.72699280559,11.140945469201,2.91073684062,1.215135483703,1.53911562707,0.319821301043041,1.99005896198
10328,JETILW,20160415,90606,50.5,0.270215641805356,-1.97521044444,-2.10693173118,6.31839546596,10.034362358966,2.90624639723,1.274247593349,1.56443627258,0.321517413162078,1.99345991347
10329,JETILW,20160415,90609,52.5,0.254120756896089,-1.96869225688,-2.10539778134,6.18481635539,10.111725317088,2.90704541688,1.27252242762,1.56588768989,0.321296041876581,1.99618432281
10330,JETILW,20160415,90610,54,0.244036192851666,-1.96806421918,-2.10584208173,5.99653657066,10.110745646326,2.90736786307,1.271419871343,1.56765710266,0.321034321119043,1.99721809283
10331,JETILW,20160421,90723,56.8,0.29114132741145,-2.47277488889,-2.70545968534,6.58379892519,14.253869261187,2.88743654887,1.267465207312,1.56782165456,0.324171656708548,1.93682775497
10332,JETILW,20160421,90726,56.6,0.217331676058666,-2.47169,-2.70434348955,6.09807233532,18.308870935355,2.8875058492,1.266864260038,1.5686731728,0.323959839301163,1.9377331386
10333,JETILW,20160421,90727,56.75,0.204841044751139,-1.9715384,-2.40214773341,5.97249918339,14.228915956259,2.88838977814,1.277161514759,1.57016183439,0.323610700868397,1.91796472073
10334,JETILW,20160726,91211,47.25,0.184550114635266,-1.37606232044,-1.70705075964,2.94969309307,7.100870619132,2.87728055669,1.216360460988,1.54493814715,0.321157493032946,1.50330281126
10335,JETILW,20160726,91212,46.4,0.171838372298495,-1.37525131034,-1.70769875127,3.54449563446,7.615057679416,2.87257858803,1.21404801566,1.53639536894,0.323160253702102,1.57160976015
10336,JETILW,20160726,91212,48.3,0.176352128041918,-1.38233158621,-1.70290803662,3.06433406876,7.46276117252,2.8805423605,1.217829137013,1.54983263166,0.31999820534769,1.32190835887
10337,JETILW,20160726,91213,46,0.239501876639156,-1.37027464828,-1.70995888446,3.86629313304,5.403198542386,2.86960049333,1.212140550285,1.53019949709,0.324288560530988,1.79995453933
10338,JETILW,20160726,91213,48.5,0.159488722558217,-1.37741976471,-1.70368498074,3.16393953081,8.425781873132,2.87980001113,1.21916069704,1.55055400067,0.319658844513576,1.80830630134
10339,JETILW,20160726,91214,49,0.262777467125006,-1.3786208254,-1.70338968509,3.39113100273,6.156790783855,2.88161747039,1.223792310745,1.55284249259,0.319313126338198,1.88283514598
10340,JETILW,20160726,91215,46.5,0.207550024581754,-1.37510502326,-1.7065330188,3.43369037105,6.415632930065,2.87708867982,1.212706493776,1.54389188828,0.321193677821156,1.93625907011
10341,JETILW,20160726,91215,49.2,0.217851437576325,-1.3803544,-1.70424405663,2.96641112339,6.159894943449,2.88066253662,1.21764383316,1.55403543591,0.319389899294673,1.49079568045
10342,JETILW,20160726,91216,49.35,0.250376224567854,-1.37770696296,-1.707131599,3.90916285951,5.134765643349,2.8765089247,1.212180526168,1.54299062881,0.321296117292036,1.93824287697
10343,JETILW,20160726,91217,48,0.248928428838786,-1.37355725874,-1.70783914333,3.92910216303,5.264174840061,2.87508515045,1.213110943774,1.54100985236,0.321758943621273,1.95639763679
10344,JETILW,20160726,91218,48.5,0.28600627695209,-1.37168682353,-1.70955208118,3.8616158748,4.193045528321,2.87264296588,1.210281217799,1.53574556403,0.322787003748636,1.96777029598
10345,JETILW,20160727,91226,48.25,0.157029441721434,-1.37882541176,-1.70321951281,3.05612047061,9.345272637661,2.88213949764,1.222276900796,1.55430240791,0.319137383557307,1.95954930923
10346,JETILW,20160727,91227,46.3,0.20116267288289,-1.37543033333,-1.70494147751,3.13922110204,7.193292793678,2.87790319655,1.218148377206,1.54595028635,0.321039693876982,1.66860135396
10347,JETILW,20160727,91228,48.5,0.242323397228091,-1.37395709091,-1.70751701031,3.33454149374,5.171664340739,2.87394211509,1.212091288784,1.53847716673,0.322313025660571,1.62924731861
10348,JETILW,20160727,91229,46.2,0.224164001359196,-1.37622165517,-1.70743612263,3.11216392408,6.027055244589,2.87438228213,1.215207494538,1.54171603823,0.322290536693512,1.29599696192
10349,JETILW,20160727,91232,45.5,0.188626614079421,-1.37260711111,-1.71013094937,2.91267051346,6.995027820594,2.87010765076,1.214417583413,1.53251062516,0.324463128818673,1.1327407625
10350,JETILW,20160727,91233,48.5,0.204915871848798,-1.37366858427,-1.71099788534,3.1464884341,5.092310743967,2.86958741606,1.206437459153,1.53241429776,0.323862667523828,1.41778367289
10351,JETILW,20160727,91234,46.5,0.207806843391351,-1.3763389589,-1.70607138466,2.96819796172,7.036685266501,2.87767990321,1.219313948121,1.54634953637,0.321179617713219,1.47420742087
10352,JETILW,20160727,91234,47.75,0.242035096000016,-1.37729144444,-1.7051153798,3.03623996337,5.837852718105,2.87950600518,1.216991802056,1.54890895634,0.320451970507114,1.48276763492
10353,JETILW,20160727,91234,49.5,0.260533082352412,-1.37814563636,-1.70521451004,3.09427341854,4.944558619517,2.87918558988,1.213362352414,1.54968291475,0.320125473757117,1.47456637296
10354,JETILW,20160728,91237,51.5,0.147445690553394,-1.38302483333,-1.79871594156,2.49860903595,11.725609203671,2.91377321879,1.22810664773,1.54999069524,0.316470392882851,1.11199220022
10355,JETILW,20160728,91237,53.75,0.126305014106831,-1.38844756757,-1.79808530678,2.32807296462,11.684772839471,2.91522629197,1.220891939627,1.55377866109,0.315770949339213,1.12098601058
10356,JETILW,20160728,91238,52.15,0.179555325082655,-1.38566766667,-1.79835376951,2.65022131003,8.025739358697,2.91530132294,1.213368018468,1.55555029954,0.315472979566829,1.08374500275
10357,JETILW,20160728,91238,53.1,0.138906231051172,-1.38816757143,-1.79852819067,2.32069022783,10.651940959779,2.9150150844,1.218164678131,1.55471844049,0.315828144898776,1.08843564987
10358,JETILW,20160728,91240,49.75,0.144403333736294,-1.39829466667,-1.79990837854,2.56001931123,12.609909780517,2.91114807129,1.226159214974,1.54272479078,0.317656791894898,1.06638375918
10359,JETILW,20160728,91240,57.1,0.131496140545937,-1.38413026667,-1.79915916704,2.3926277552,10.876955417793,2.91276346842,1.219075294335,1.55097752684,0.316561635741459,1.24971504211
10360,JETILW,20160728,91241,49.4,0.146014253338016,-1.40951806897,-1.80065903425,2.51731010146,12.168633364558,2.91036434831,1.223683669649,1.54336099506,0.31752269435908,1.08347951955
10361,JETILW,20160728,91242,49.5,0.165975078298239,-1.3988285,-1.80109517471,2.61759185112,11.471103314736,2.90985361735,1.223845710357,1.54183135133,0.317925347032578,1.07731938362
10362,JETILW,20160728,91242,57.5,0.145084069725932,-1.39171642857,-1.79929043405,2.4394443739,12.007869208356,2.91353879656,1.221495475088,1.55296899039,0.316495435124716,1.24882057735
10363,JETILW,20160728,91243,49.5,0.154671876446666,-1.39645533333,-1.79920950945,2.76102674936,10.844421108377,2.90933863322,1.222923636436,1.53948828375,0.318177245570231,1.08268260956
10364,JETILW,20160728,91243,56.2,0.157486960984627,-1.38619144828,-1.79723711333,2.68609811056,10.504860160623,2.91345951475,1.221204991998,1.54998790396,0.316559460647299,1.24725157639
10365,JETILW,20160728,91245,56,0.123579844716922,-1.37547541667,-1.80659412271,3.70159684651,9.795985165968,2.89820194244,1.206004848083,1.52077082667,0.322487003610636,1.75315364202
10366,JETILW,20160728,91246,53.7,0.13092077236041,-1.384254,-1.79920453603,2.49951509217,11.02496713452,2.91224924723,1.218838163217,1.54797567729,0.317057978785384,1.23311843872
10367,JETILW,20160728,91246,55.3,0.171867192618871,-1.3814,-1.80059761402,2.70604835323,7.78744734769,2.91031932831,1.210434531172,1.5453644209,0.317498478712153,1.1929473877
10368,JETILW,20160728,91248,45.3,0.18826313432515,-1.37584331034,-1.7078713846,3.01950390106,7.064860017524,2.87104481664,1.215929779514,1.53189479612,0.324730846266306,1.26376105999
10369,JETILW,20160728,91252,56,0.253741231816775,-1.9741585,-2.38659300471,4.98824711255,9.942112542244,2.91069062551,1.277234892051,1.5644462731,0.318854702491916,1.76862049103
10370,JETILW,20160728,91253,54.5,0.222943285184622,-1.97187331507,-2.39418140226,4.48585638309,9.370462566455,2.90421535544,1.27036190033,1.55321255782,0.321608904417315,1.56341009271
10371,JETILW,20160729,91263,49.5,0.14550256178094,-1.38027055556,-1.70467474761,2.60486284899,9.586890484448,2.87972831726,1.22177637948,1.55126182277,0.319748999559483,1.15082147386
10372,JETILW,20160729,91265,49,0.140628864290604,-1.380348,-1.70406135629,2.54434502531,10.459235351951,2.87999527543,1.222424056795,1.5503630872,0.32016459346772,1.16681671143
10373,JETILW,20160729,91266,46,0.183168314330192,-1.37515544444,-1.70684015055,2.84149569532,7.499807877219,2.8759519789,1.216509064039,1.54253132689,0.321867582224392,1.15574698978
10374,JETILW,20160729,91266,48.5,0.233317518002881,-1.37679945205,-1.70495736048,3.08898978138,5.409561146287,2.8794137615,1.213433226494,1.54969571261,0.319973149401439,1.17601075891
10375,JETILW,20160729,91267,49,0.149828515152055,-1.3799064,-1.70150219653,2.73609862174,9.163492890096,2.88111292521,1.221476689974,1.5558494644,0.318937545839521,1.45989456177
10376,JETILW,20160729,91268,46.5,0.22181259675225,-1.37350378082,-1.70483543908,3.21605040062,5.874871501917,2.87576043116,1.214020820514,1.54364293953,0.321518903247806,1.51494128084
10377,JETILW,20160729,91268,49,0.139753369729603,-1.38173584906,-1.70026878736,2.74656280584,11.251931542699,2.88300827314,1.22692337576,1.55678748337,0.318740623000417,1.50384363138
10378,JETILW,20160729,91269,46.1,0.233645469561904,-1.37757751724,-1.70531562527,3.73666343891,7.508269933921,2.87595156966,1.225996255875,1.54060415688,0.322587381977604,1.53390437159
10379,JETILW,20160729,91270,46.25,0.190296516776561,-1.37716433028,-1.70384118943,3.72533867439,10.278509594367,2.87580801588,1.232411743304,1.54033503017,0.322833473752908,1.5238091705
10380,JETILW,20160729,91270,49.5,0.131567201226279,-1.37974166667,-1.70215217268,3.37293716392,10.471921048012,2.87903425429,1.218106759919,1.55005209929,0.320112428512692,1.54917547438
10381,JETILW,20160729,91271,48.5,0.171920517121889,-1.37690864088,-1.70347377676,3.290353344,7.900325107416,2.87883543573,1.216172887476,1.5488560826,0.32019920353254,1.7702456311
10382,JETILW,20160729,91273,46.5,0.258399495100182,-1.37249249315,-1.70692865963,3.97340350961,5.071806741976,2.87268024601,1.21147179277,1.5364087818,0.322997874596298,1.91321344245
10383,JETILW,20160729,91273,49.25,0.153427788996705,-1.3795068169,-1.70050868919,3.06064138095,9.344931852119,2.88309983804,1.220505593529,1.55826451108,0.318301407542609,1.88009665046
10384,JETILW,20160729,91274,46.5,0.246891338035975,-1.37426980822,-1.70442868241,3.44256668444,6.105032532447,2.87798821436,1.217898003043,1.54620630975,0.320938618300562,1.90130845161
10385,JETILW,20160729,91274,49.5,0.22881400799232,-1.37833722222,-1.70309006778,3.11747153059,6.217785480661,2.88017590841,1.218384438091,1.55105875493,0.319824103455028,1.54827912649
10386,JETILW,20160729,91275,49.5,0.144939698239556,-1.37819372727,-1.70416388956,2.56694594128,9.808294612404,2.88049680536,1.221834128553,1.55156607319,0.319513049029393,1.22261385484
10387,JETILW,20160729,91276,46.5,0.143767415370005,-1.3769299726,-1.70625202667,2.96960568845,12.31309990091,2.87737723573,1.22989981795,1.54529294636,0.321762518995224,1.18846746993
10388,JETILW,20160729,91276,49.6,0.144993277860489,-1.38337434483,-1.70271300282,2.87156769018,12.076425137466,2.88353518782,1.230120346464,1.5563373179,0.31900897316375,1.54037751823
10389,JETILW,20160808,91341,46,0.166316641782217,-1.37452722222,-1.70335591824,2.6744705552,8.209664947167,2.87719853719,1.216477930546,1.54571204223,0.321267476930098,1.25985908508
10390,JETILW,20160808,91341,48,0.185860853994121,-1.37711466667,-1.70062236314,2.9196287508,7.034174295311,2.88201861911,1.21528506279,1.55458447244,0.318886254722327,1.29418553246
10391,JETILW,20160808,91343,47.5,0.171573463182939,-1.3759226422,-1.70280847658,2.90575649114,7.573526974068,2.87851260124,1.214772810629,1.54810084392,0.320460571889325,1.35508714028
10392,JETILW,20160808,91344,46.7,0.169088481582929,-1.37473455556,-1.70549062345,3.00542056449,7.157333289217,2.87365701463,1.211324943436,1.53880523387,0.322487548503878,1.16666105058
10393,JETILW,20160809,91358,47.45,0.143754537252896,-1.3768736,-1.70333800356,2.9173998087,9.376577218406,2.88161243257,1.217107854571,1.55381816712,0.319281123144811,1.02694716681
10394,JETILW,20160809,91361,47.7,0.158153142903059,-1.37680175342,-1.70318935982,2.60872503751,8.446891087731,2.88103286534,1.215963494288,1.55207640339,0.319498949085529,1.02575704496
10395,JETILW,20160809,91366,50.75,0.118515617214403,-0.9784136,-0.994010590943,2.64484077511,6.196900698603,2.8885860867,1.222660414378,1.55844396528,0.315429150887075,1.01280729506
10396,JETILW,20160809,91367,48.9,0.0992137116211828,-0.979335272727,-0.988895242501,2.47122265444,8.276373282522,2.89476914839,1.228055650537,1.5684999586,0.313517648200639,1.01178024754
10397,JETILW,20160809,91367,51.25,0.108042828279438,-0.980156,-0.994602663178,2.57908390461,7.271649332924,2.891488817,1.226295294586,1.56255050725,0.314787682609945,1.01454593517
10398,JETILW,20160809,91368,49.75,0.109921848298014,-0.979331338583,-0.99105465302,2.55593613972,7.208726057605,2.89244428019,1.225446242986,1.56383699289,0.314374598477751,1.01183829721
10399,JETILW,20160809,91369,49,0.0936426650471663,-0.974744438356,-0.992023523998,2.76924476315,7.445598392767,2.88468786788,1.218837561673,1.54891003957,0.317475086075447,1
10400,JETILW,20160809,91369,52.25,0.101330646208034,-0.976410444444,-0.997473359511,2.8026414173,6.285913329854,2.88136206733,1.218762353614,1.54800486961,0.317838253859095,1.00186990809
10401,JETILW,20160809,91370,49.5,0.111573438530555,-0.979592220183,-0.990326463255,2.41160066396,6.949127915582,2.89322067401,1.22466053219,1.56580474931,0.314028976505876,1.00801779371
10402,JETILW,20160809,91371,47.7,0.109397153654271,-0.982055166667,-0.984123310957,2.12230478774,7.840725022072,2.89527225494,1.230238462488,1.5677711469,0.314084291392778,1.01304801305
10403,JETILW,20160809,91371,53,0.12633032033042,-0.981388931507,-0.995253576368,2.28986156372,5.825527730173,2.89074205372,1.224119702431,1.56258677283,0.314625211863713,1.02282798454
10404,JETILW,20160809,91372,48.8,0.11656131267776,-0.979425568627,-0.98969711251,2.00053677768,6.636480279525,2.89109981761,1.224743819704,1.55887176835,0.315446184720774,1.00561201806
10405,JETILW,20160809,91372,52.5,0.123734088307848,-0.981815890411,-0.994765100205,2.09657744711,6.18066914936,2.89114338078,1.22645327163,1.56226295794,0.314782454669014,1.03621265986
10406,JETILW,20160810,91381,54,0.12573694948138,-1.67546641096,-1.74857953315,4.08171261775,14.167632295766,2.90936383809,1.276907986158,1.57911671592,0.319163641554919,1.00606400999
10407,JETILW,20160810,91382,54.75,0.149552392833207,-1.67427277778,-1.75039032172,3.5602770568,11.27379446381,2.90525584751,1.276827938027,1.57139681152,0.320758609284511,1.03035428789
10408,JETILW,20160810,91383,53,0.13065984546171,-1.38281583673,-1.79845932823,2.41718465838,9.853635342792,2.91473855778,1.21267261797,1.55398486199,0.315514591620678,1.01248799538
10409,JETILW,20160810,91384,49.5,0.13288922116339,-1.38477558333,-1.80053895073,2.44662447803,9.422976713174,2.91068903605,1.211139644186,1.54723771227,0.317252580645697,1.02010345459
10410,JETILW,20160810,91384,57.5,0.143184585237765,-1.38155541667,-1.7978746547,2.51735104728,8.76334023227,2.91527144114,1.21230114003,1.55611845762,0.314976630339756,1.21144048373
10411,JETILW,20160810,91385,49.5,0.136189149521286,-1.38235825,-1.7998753412,2.58203258955,9.548687159741,2.91149139404,1.211329405507,1.54713284059,0.317161657255207,1.05134352048
10412,JETILW,20160810,91385,57.3,0.149115035340333,-1.38196166667,-1.79984567487,2.64136857017,8.392012895456,2.91217772166,1.209988748034,1.55018650734,0.316441178008431,1.15433287621
10413,JETILW,20160810,91386,57.6,0.170811788423601,-1.6775244,-1.80302309833,3.16411504218,10.036984863368,2.90600738525,1.206532585621,1.54239057721,0.318495235710275,1.14933204651
10414,JETILW,20160810,91388,49.5,0.141821885156713,-1.38526888889,-1.80116853359,2.60117834154,9.180300955712,2.91012064616,1.210507935948,1.5460947898,0.317614854185046,1.04289764828
10415,JETILW,20160810,91389,49.5,0.131042583030793,-1.38378375,-1.79784621864,2.65167776711,9.823962581633,2.91067568461,1.211589381098,1.54642545541,0.317400057272882,1.04168240229
10416,JETILW,20160810,91389,57.6,0.128738893021872,-1.3805,-1.7947399813,2.60522976335,10.119324986379,2.91635615031,1.212971150875,1.55399811754,0.315141168855288,1.13631197611
10417,JETILW,20160810,91390,49.5,0.125268409437314,-1.38458508333,-1.79818761349,2.41053938602,10.430111635203,2.91141192118,1.213374873003,1.5482790238,0.317234490108381,1.05096181234
10418,JETILW,20160810,91390,57.3,0.142222257321464,-1.38180591667,-1.79709871739,2.62022469769,9.35381912708,2.91367499034,1.211719582479,1.55198176342,0.316123148776288,1.14779631297
10419,JETILW,20160810,91391,49.5,0.123931926512242,-1.386495,-1.79756978167,2.4625848129,10.405161021342,2.91098562876,1.212344527245,1.54780238127,0.317636296764154,1.05484755834
10420,JETILW,20160810,91393,49.5,0.138218395436389,-1.38240741667,-1.79904365442,2.6082468819,9.199877566645,2.90922451019,1.210685019691,1.54360200266,0.318014202717747,1.0420738856
10421,JETILW,20160810,91393,57.4,0.144466938521989,-1.37939016667,-1.79862173205,2.751702363,8.601479599339,2.91039689382,1.211239015062,1.54524377449,0.317881237755066,1.17351881663
10422,JETILW,20160812,91409,49,0.100659016233519,-0.975404821918,-0.99485329444,3.04482213541,7.549840836978,2.87686324446,1.252227809331,1.54241085922,0.320570667665195,1
10423,JETILW,20160812,91410,50,0.0955609509202586,-0.978433174312,-0.997323444632,3.02288127826,8.238030299967,2.87776058092,1.254214881757,1.54573232205,0.319990417892446,1.00660432588
10424,JETILW,20160812,91411,50.5,0.0974534807190164,-0.977561703704,-0.999351193567,3.12379545235,8.274470548093,2.87332859746,1.256598172364,1.54427386723,0.321547474472196,1.00406908106
10425,JETILW,20160812,91412,51,0.0847985564761258,-0.977719853211,-0.994725502263,2.83049008237,8.653725778167,2.88630914251,1.222887546645,1.55193848013,0.316767330499433,1
10426,JETILW,20160812,91414,53,0.109301832880593,-0.981620821918,-0.994298962623,2.54136877927,7.198545831193,2.89249597837,1.228467967412,1.56322819712,0.314268404895158,1.00700754662
10427,JETILW,20160812,91415,48.25,0.109962600594264,-0.979615418182,-0.984963674927,2.02625837153,7.675177163403,2.89503035112,1.230068874359,1.56510194076,0.31425571861968,1.01437433416
10428,JETILW,20160812,91416,51.5,0.135989660944573,-0.980021392265,-0.993539537431,2.19713498067,5.190053461378,2.89005612537,1.222358640386,1.56015644176,0.315220291808474,1.02936844799
10429,JETILW,20160812,91417,49,0.132424066665085,-0.977073321101,-0.990308938757,2.5623992408,5.426422558655,2.88727002625,1.219720691715,1.55487196588,0.316298273832434,1.0000188985
10430,JETILW,20160812,91418,48.75,0.102606525985784,-0.974067272727,-0.991538616918,2.75476205463,6.17436890193,2.8815485174,1.214890107241,1.54310876923,0.318843628892979,1
10431,JETILW,20160812,91418,51.5,0.106343887940828,-0.974810444444,-0.99748364805,2.75074253332,5.596087232976,2.87963634067,1.216399159696,1.54210737895,0.319061566053243,1
10432,JETILW,20160812,91419,50,0.102483165914676,-0.973974289655,-0.999218762674,3.13673391878,6.569710498555,2.86685685783,1.249896404661,1.53231733835,0.324328381909096,1.00709091713
10433,JETILW,20160812,91421,46.95,0.120598621033926,-1.37692162319,-1.6892430114,2.5508140147,11.085242749081,2.90429377901,1.224102262138,1.54396936695,0.319307562455033,1.01988916812
10434,JETILW,20160812,91422,45,0.111856034139989,-1.37088010959,-1.69471040071,3.03174199325,11.899038670235,2.89233670169,1.224066361989,1.52320995916,0.324438841396542,1.00141279665
10435,JETILW,20160812,91422,47.4,0.113739825019322,-1.37369457534,-1.69229699876,2.91487762912,10.134872472184,2.8964724606,1.216554628659,1.52918206804,0.322368613335125,1.00047573978
10436,JETILW,20160812,91423,46.95,0.111327956275768,-1.3749506087,-1.69343030383,3.12801882388,11.400633116682,2.89718605816,1.218865339306,1.53034633824,0.322179044103508,1.00289961221
10437,JETILW,20160812,91424,46.95,0.113875517056001,-1.37454017391,-1.68959746776,3.10907778012,10.850677104406,2.90328603551,1.219354629516,1.52527048061,0.322554751213997,1.00226194962
10438,JETILW,20160812,91426,46.7,0.117887194073545,-1.37628275862,-1.68514123235,2.64521826824,11.404070849513,2.91113404022,1.226520302651,1.53859243713,0.319651329977124,1.00833401735
10439,JETILW,20160812,91428,46.7,0.120652152650054,-1.37667806897,-1.68611913749,2.69414712209,10.819828015716,2.90884680035,1.250810398452,1.53000984126,0.320654609955317,1.00724625862
10440,JETILW,20160812,91429,47.1,0.113225011324197,-1.37828634483,-1.68682217388,2.71478436893,12.068392109637,2.90575198469,1.251068822269,1.5233242121,0.322118685355336,1.0117787986
10441,JETILW,20160812,91430,46.95,0.106552441191338,-1.37464034783,-1.68875462447,3.10431622349,11.444751964274,2.90254852737,1.245657367983,1.51996809568,0.323032167395173,1.00219361678
10442,JETILW,20160812,91432,50.25,0.0882658434923851,-0.978178771654,-0.996560069686,3.1349267489,9.074935969104,2.87369110828,1.257632135406,1.54397611301,0.32162511249972,1.00792159433
10443,JETILW,20160812,91435,51,0.101269954405811,-0.978370888889,-0.991234561218,2.75343079527,8.080032514155,2.89693874783,1.319386376275,1.57476281508,0.312408299311101,1
10444,JETILW,20160812,91436,50.95,0.10976453219947,-0.976580425532,-0.992607903104,2.75242020087,7.032826165659,2.89249133387,1.315076584512,1.56932167194,0.314003037830647,1
10445,JETILW,20160812,91437,50.95,0.0846542892813542,-0.972181446809,-0.997405710218,3.09021236614,7.430295102628,2.88002219775,1.307659825535,1.55012352587,0.31880680856603,1
10446,JETILW,20160815,91447,56.75,0.160055134717858,-1.66655287273,-1.80313298601,3.64252005743,9.337958530038,2.90622364391,1.27426068566,1.55451827442,0.320967955954007,1
10447,JETILW,20160816,91466,56.5,0.170248917704189,-1.66664211111,-1.80483028107,3.56916181444,8.629202892659,2.90402751499,1.272485189967,1.55043199655,0.321831162859081,1
10448,JETILW,20160816,91468,58.45,0.138465075172424,-1.676671,-1.79571615661,3.48508711539,13.778790907196,2.91791152954,1.285754971206,1.57802201573,0.316112563618545,1.02065134048
10449,JETILW,20160816,91469,57.5,0.144331658830743,-1.67497859459,-1.79785482564,3.33715430566,12.865449623828,2.91430045463,1.284324645996,1.57044526188,0.317893358544468,1.00608567934
10450,JETILW,20160816,91470,57.25,0.157970689276891,-1.668318,-1.80342531824,3.56261435463,9.358163087339,2.90537864284,1.275373684733,1.55346632051,0.321271710085123,1
10451,JETILW,20160816,91471,47.55,0.105001897718448,-1.3781404557,-1.68526517883,2.66988691112,12.499481013398,2.91300964355,1.227814976173,1.54158229382,0.318910400604396,1
10452,JETILW,20160816,91472,47.05,0.114640309021605,-1.37743326316,-1.68543370957,2.56914559283,12.026498091384,2.91152713173,1.227971108336,1.53840514141,0.319721280790498,1.00287638213
10453,JETILW,20160816,91473,47.05,0.0996126107559869,-1.37704610526,-1.68702795028,3.10117300689,14.659893647198,2.90824187429,1.227594557561,1.53224995983,0.321029382779908,1
10454,JETILW,20160816,91479,50,0.085386562079162,-0.977750731034,-0.993573647364,2.77444325413,8.257497595236,2.88579438308,1.220276497151,1.55100241073,0.317110928036494,1
10455,JETILW,20160816,91481,48.4,0.146794023538052,-0.975188344828,-0.98987067702,2.67781417006,4.603241415264,2.88344626591,1.216745721883,1.54713965668,0.318112511841977,1.00387191772
10456,JETILW,20160816,91483,48.5,0.115063466824636,-0.979555027027,-0.987182220606,2.0930574266,6.898152587053,2.89339117102,1.226338786048,1.56248542753,0.314834369359698,1
10457,JETILW,20160816,91483,50.5,0.119894770127368,-0.980467777778,-0.992815103628,2.1602001157,6.351507901907,2.89254675971,1.224211699433,1.56314788736,0.314575520040418,1.00593333774
10458,JETILW,20160816,91483,53.25,0.134406600484494,-0.981231709091,-0.995418843489,2.26186465516,5.322405160996,2.88941345215,1.222175338051,1.55833248716,0.315539889117492,1.00666157116
10459,JETILW,20160816,91486,47.9,0.107390807407467,-0.9788248,-0.985561496712,1.97786009802,7.413327466678,2.8887576633,1.226605966356,1.55492665818,0.316633316873008,1
10460,JETILW,20160816,91486,52.1,0.127617707090084,-0.981142352941,-0.994255770813,2.24311379748,5.991811136286,2.89068304324,1.22469901571,1.56049751788,0.315208043483981,1.002339307
10461,JETILW,20160816,91488,48.25,0.105979611074867,-0.980062903226,-0.986278944755,2.04804148542,7.865513032626,2.89347987021,1.229481920119,1.56281240631,0.314779962881475,1.01758950756
10462,JETILW,20160817,91503,59,0.12273788743053,-1.07894966667,-1.33718053117,2.47983834936,7.978319032993,2.94064839681,1.275401115418,1.61166354507,0.30579155532109,1.00565592448
10463,JETILW,20160819,91552,47.55,0.0967473857960305,-1.37597265823,-1.6879954815,3.65354231898,14.526822198091,2.90606689453,1.224613527708,1.52734776777,0.321757939207806,1
10464,JETILW,20160819,91553,47.05,0.0868274990502276,-1.37348936842,-1.69053162397,3.98271577413,16.141503854659,2.90228934037,1.223619630462,1.51940588946,0.323579435340267,1
10465,JETILW,20160819,91554,47.05,0.148287409964509,-1.37573926316,-1.68566206198,2.64203068979,8.911545670865,2.91012352391,1.222742745751,1.53606642549,0.320006089182694,1.01336439032
10466,JETILW,20160819,91561,47.5,0.105535122449973,-0.978133373134,-0.982453926929,1.97916508638,7.815059711282,2.89266876676,1.228006277511,1.560185719,0.315215899691585,1.01503332337
10467,JETILW,20160819,91562,50,0.13532299071192,-0.972819666667,-0.996381391814,2.27975942681,3.861272618198,2.87720765008,1.210926777787,1.53866204572,0.320062124121419,1
10468,JETILW,20160819,91565,51.25,0.136058523607848,-0.979860711111,-0.988021106394,2.65534232502,6.735047684979,2.90566575792,1.326680119832,1.59128671199,0.309143098906881,1
10469,JETILW,20160819,91566,51,0.141273987449577,-0.979169444444,-0.989161425532,2.66874975222,6.086131161744,2.90218777127,1.322503328324,1.58464641698,0.310377282711387,1.01501104567
10470,JETILW,20160819,91567,50.5,0.167976900413022,-0.975486518519,-0.991180350896,2.83351523468,4.520504770371,2.89290251555,1.314144558377,1.57078178296,0.313855439928082,1.00179926554
10471,JETILW,20160819,91568,51,0.154415805331504,-0.976707777778,-0.991733152477,2.87053370944,5.111839765831,2.89514011807,1.31884973579,1.57513135218,0.313117319139053,1.00718106164
10472,JETILW,20160819,91569,51,0.137845596274937,-0.979157888889,-0.989996317824,2.74397218053,6.226493090615,2.90019586351,1.323412034247,1.58461033539,0.310932330160153,1.01033168369
10473,JETILW,20160822,91576,55,0.168667731683983,-1.47724111111,-1.48473225209,3.52839438618,9.042047873169,2.90053812663,1.274788075023,1.5975496532,0.31699203212242,1.00084135267
10474,JETILW,20160822,91577,57,0.176281548356954,-1.47746681081,-1.48501427813,3.56792684298,8.408656604879,2.90089581464,1.274473460945,1.59698018855,0.316911660696814,1.00176074054
10475,JETILW,20160822,91578,56,0.17553788851458,-1.47578902069,-1.48502875065,3.46726787287,8.319501670702,2.90048575566,1.273462584923,1.5969716856,0.317096806588769,1.00643742002
10476,JETILW,20160822,91579,56,0.154215917649943,-1.47064805517,-1.48902973049,3.66958891953,8.49981027881,2.89331917598,1.266718344853,1.5818715869,0.320162482530549,1
10477,JETILW,20160822,91580,54.75,0.165483646920639,-1.4807336,-1.81033338074,3.0550452362,8.833975946324,2.89450615777,1.272219901615,1.58495175625,0.319944534166228,1
10478,JETILW,20160822,91581,56.5,0.150398817350281,-1.47187743119,-1.48855480485,3.41563691789,8.449869430901,2.89327358981,1.26690889936,1.58255878706,0.320046468239393,1
10479,JETILW,20160822,91582,56.5,0.166794038556816,-1.17962407339,-1.18183186489,3.11945323171,6.596375474352,2.90554921561,1.278431971139,1.60425410104,0.31508472183659,1.00216198842
10480,JETILW,20160822,91584,53,0.153137805617847,-1.77791989041,-1.80988941143,3.43392293975,12.225425039989,2.89615808774,1.267001152039,1.59062580679,0.318816353629896,1.0047224907
10481,JETILW,20160822,91585,56,0.127203713013637,-1.48338383448,-1.80359414884,3.01155495976,12.903950586081,2.90270680395,1.279746141105,1.59974397515,0.316351811818338,1.00629924906
10482,JETILW,20160822,91590,56.5,0.140505277087409,-1.1834266422,-1.50741125855,2.73963254007,7.691652570335,2.90509257185,1.279188698585,1.60349768188,0.315243249088548,1.00508215668
10483,JETILW,20160823,91594,56.65,0.12172013877909,-1.67217766667,-1.80055790906,4.57954439084,14.90137924462,2.90924538506,1.279763811164,1.56092474652,0.319704758507271,1.00031767951
10484,JETILW,20160823,91596,56.55,0.124111337790569,-1.67199046154,-1.78723607083,4.54030698014,14.95394014899,2.92967488216,1.261195072761,1.58753331987,0.310957068424375,1
10485,JETILW,20160823,91599,56.7,0.132748179547745,-1.67438786667,-1.79932697466,3.98288323499,12.857241451919,2.90942942301,1.280542826653,1.5643103461,0.31936755037615,1
10486,JETILW,20160823,91608,56,0.132563829308671,-1.66977711111,-1.74739568558,3.72614111264,13.254729120103,2.90529251099,1.277596771717,1.57143793182,0.320634055710821,1
10487,JETILW,20160823,91609,55.65,0.124080042633347,-1.67628576,-1.74606068652,3.66275244525,15.619439148612,2.90800079346,1.281099233628,1.5778589557,0.319723543140013,1.00680656433
10488,JETILW,20160823,91610,55.5,0.169407312098297,-1.67133722222,-1.74681009823,3.85832352092,11.726834582514,2.90662108527,1.278950883283,1.57565865901,0.320137010442681,1.00835153792
10489,JETILW,20160823,91611,55.65,0.122155453637389,-1.67820016,-1.7450803897,3.6358808837,15.644702104985,2.90922180176,1.280951347351,1.58300624708,0.318997642699351,1.00129669189
10490,JETILW,20160823,91613,55.5,0.176622396887697,-1.67338,-1.73025564823,3.58190700138,9.334081627503,2.90317577786,1.272637248039,1.56729082846,0.321880030968646,1.00899823507
10491,JETILW,20160831,91685,50,0.12981992408527,-0.979974666667,-0.984824396392,2.48322440479,7.975976388878,2.91212866041,1.336998184522,1.59743230453,0.30722995685913,1.00732305315
10492,JETILW,20160831,91685,52.3,0.126284323727363,-0.980098777778,-0.987831194909,2.4191471863,7.35371190435,2.90832265218,1.329467283355,1.59222652157,0.30814614650759,1.00451638963
10493,JETILW,20160831,91687,50,0.130943824128307,-0.979800111111,-0.985535327591,2.79679518203,8.069141137027,2.90954547458,1.336820099089,1.59541729786,0.308027528382374,1.00927617815
10494,JETILW,20160902,91735,50,0.124970570406713,-1.23234033333,-1.39436108689,2.69997236401,8.909327260782,2.91440116035,1.252138899433,1.5588455658,0.314695819550064,1
10495,JETILW,20160902,91742,49.25,0.128506337663939,-1.37907560563,-1.68981119594,2.4698662187,10.367491848792,2.90304372008,1.224374146529,1.54012855311,0.319726977112292,1.00909638741
10496,JETILW,20160902,91745,48.5,0.132546246980553,-1.37772241096,-1.68959878929,2.49275928225,9.390713679435,2.90264349114,1.222486430651,1.54092709365,0.319608705302161,1.02748578215
10497,JETILW,20160902,91747,48.5,0.127797728505464,-1.3792210411,-1.68998442636,2.43535034969,10.212710424526,2.90149970904,1.223229062067,1.53863666103,0.320320778990361,1.04070961312
10498,JETILW,20160902,91749,48.5,0.131336967652373,-1.378469,-1.68980958677,2.47915981875,10.451805791678,2.90144814385,1.225797633331,1.53772723729,0.320431057466132,1.07414266798
10499,JETILW,20160902,91751,48.5,0.146467519647283,-1.3772630137,-1.69120670992,2.76440831937,9.484460049065,2.89988415862,1.224716317164,1.53484525481,0.320952473352216,1.08094191878
10500,JETILW,20160902,91752,46.3,0.172967468394106,-1.37457766667,-1.6906665539,2.94105304273,7.858664170476,2.90154584249,1.221121549606,1.53848024546,0.320256623026008,1.13570573595
10501,JETILW,20160902,91752,48.5,0.128384883606797,-1.37943909859,-1.68869706728,2.53011769669,10.95882983975,2.9042762434,1.226209996452,1.54310050808,0.31927994133349,1.12901295407
10502,JETILW,20160902,91753,48.3,0.129090770085992,-1.37825866667,-1.6874866768,2.52248919705,11.215334038565,2.90527131822,1.227953672409,1.54358774124,0.319036071017589,1.33753098382
10503,JETILW,20160902,91754,46.1,0.172519378903598,-1.37361983562,-1.68974655803,3.07115095289,7.918226555634,2.90228731338,1.22125708567,1.53954176881,0.319983184627733,1.41033151705
10504,JETILW,20160902,91754,48.5,0.131517083075643,-1.37949216901,-1.68754801119,2.65296727435,10.795365611237,2.90549909565,1.226750561889,1.54502289004,0.318796733594846,1.39926072242
10505,JETILW,20160902,91755,46.5,0.167989345457483,-1.37339463014,-1.68958314678,3.48967433654,8.049252838436,2.9000954824,1.219835131136,1.53521371532,0.320793549110009,1.75243022344
10506,JETILW,20160902,91755,48.75,0.122550214968622,-1.37942288,-1.68614974978,2.95981845167,11.624454639796,2.90546112061,1.228735704422,1.54642727479,0.318694721926479,1.72588531494
10507,JETILW,20160902,91756,46.3,0.169570501382408,-1.37405677778,-1.69119705578,3.6814530898,8.20043635436,2.89961730109,1.220178160402,1.53356788888,0.321085430457673,1.81122695075
10508,JETILW,20160902,91756,48.5,0.127500648252597,-1.37976411111,-1.68783032755,3.01660849112,11.178461414191,2.9049466451,1.227878411611,1.54555972618,0.318865304789828,1.78800710042
10509,JETILW,20161004,91885,52,0.128846795692778,-1.98606,-3.07294141581,3.8942337466,24.324177977642,2.91273625692,1.229163017538,1.54254667914,0.317274232985723,1.92642826504
10510,JETILW,20161004,91886,50.2,0.130127869036236,-1.98760363636,-3.06743329336,3.9204948928,26.959579233612,2.91520794955,1.237063857642,1.54456698242,0.316312856379368,1.92589031566
10511,JETILW,20161004,91889,50.8,0.125830195313319,-1.98618533333,-3.06793429307,3.80536822617,25.46153304787,2.91366216871,1.232483459843,1.54248134262,0.317151587936197,1.9262960222
10512,JETILW,20161004,91890,51.7,0.138983818438091,-1.98618511111,-3.0836676604,3.7713371978,21.913827357799,2.9023598565,1.22576094336,1.53936992246,0.318703536138507,1.92351849874
10513,JETILW,20161005,91893,50.25,0.171418463954429,-1.82946488889,-2.7678714326,4.13161543365,12.959362955895,2.90849417227,1.21780499264,1.52961801103,0.318707605889247,1.93066264965
10514,JETILW,20161005,91901,50.95,0.14738302302969,-1.83298643478,-2.7654188113,3.83418176401,17.28149932158,2.91133228247,1.231335743614,1.53293984553,0.318171278871032,1.9236432504
10515,JETILW,20161005,91902,51.45,0.191134937644602,-1.83060684058,-2.76926801137,4.15012816632,13.946700996741,2.90740214915,1.220663015394,1.52874301635,0.319528317227666,1.92696435901
10516,JETILW,20161005,91904,51.5,0.187719676782066,-1.82720455556,-2.77135937265,4.12102306115,11.84660732818,2.90528000726,1.215452525351,1.52496032368,0.320245504521429,1.91860792372
10517,JETILW,20161005,91908,55.5,0.20969347384063,-1.97181516667,-2.40694451036,5.60351657911,14.02586156539,2.90848191579,1.229588389397,1.56761745192,0.318348969696621,1.9875647227
10518,JETILW,20161005,91910,54.5,0.198323430166635,-1.97117566667,-2.41082411293,5.47499932687,14.962607616141,2.90672270457,1.228091816108,1.56334547775,0.319247067863419,1.98758300145
10519,JETILW,20161007,91943,45,0.154545160431174,-1.37190728767,-1.90151752508,3.43604315001,11.013600344658,2.89620950777,1.257962448957,1.537438757,0.320285739504818,1.95678961767
10520,JETILW,20161010,91962,52.9,0.22051374010784,-3.21663444444,-3.1079833235,9.15694042391,26.680682945268,2.89644453261,1.324152575599,1.51623958563,0.324326303820328,1.96810383267
10521,JETILW,20161012,91987,50.7,0.234818051350995,-2.48927977778,-2.64225753711,6.81836046753,22.917363439647,2.90779262119,1.264143877559,1.59420436512,0.312337931766715,1.97740109762
10522,JETILW,20161012,91988,51.5,0.170646618762294,-2.4748855,-2.63917592679,7.03118721586,22.812784467064,2.90918890635,1.227698455254,1.57735777445,0.317860361293344,1.97744115194
10523,JETILW,20161012,91988,54.05,0.180806659314986,-2.4762657561,-2.63814570687,6.86001458336,22.59286680909,2.91119142858,1.229607523941,1.58392224028,0.316537530546551,1.97027290158
10524,JETILW,20161013,92005,51,0.180453887305095,-2.53544244444,-3.39813763939,6.41810868015,20.997070457717,2.90383402507,1.21107881599,1.52798906141,0.3202900625946,2
10525,JETILW,20161014,92024,49,0.216446513282473,-2.481592,-2.967802852,5.43321190367,17.531423112452,2.88801966487,1.189813188604,1.50856139619,0.327320973087817,1.95513194316
10526,JETILW,20161014,92025,49.2,0.171865822145349,-2.48392745455,-2.96883969292,5.26644020832,26.99342859905,2.88690029491,1.197000622749,1.50596660787,0.328320922055449,1.95855712891
10527,JETILW,20161014,92027,48.25,0.190891069316969,-2.48753241791,-2.95948657181,5.62405017866,26.47763363501,2.89248930518,1.197315685785,1.51683768854,0.326386820975039,1.97805444518
10528,JETILW,20161014,92031,48.5,0.200771324990007,-2.38850060274,-2.80642476629,5.96351040795,26.003455757237,2.91666067463,1.23434829712,1.54219122895,0.316194196254246,1.97952960289
10529,JETILW,20161014,92038,48.5,0.169453987104914,-2.38589638621,-2.80909288885,6.33284146546,23.97907409426,2.91343762628,1.225721352676,1.5374419782,0.317003702504609,1.98623236294
10530,JETILW,20161014,92040,48.75,0.152733587465689,-2.38440234862,-2.80718669055,6.18849945546,27.798281070513,2.91582747993,1.228171606676,1.54079400587,0.315961041225634,1.98752279019
10531,JETILW,20161014,92041,50,0.168153468908419,-2.38629538462,-2.80784175847,6.20486800723,27.962051304715,2.9156264085,1.232629049742,1.54120823299,0.316282124736421,1.98111595741
10532,JETILW,20161014,92042,48.25,0.182934375825203,-2.39120880734,-2.80463172466,6.09654298794,28.544708944272,2.91810285936,1.237614999124,1.54449095164,0.315578453715292,1.97763635478
10533,JETILW,20161018,92069,47.75,0.16819499703958,-2.39034607407,-2.79827337863,5.32491686929,29.951714248843,2.92347999855,1.235549856116,1.55776196138,0.313194251670999,1.97681200946
10534,JETILW,20161018,92070,47,0.155217277824798,-2.39124171034,-2.79375557257,5.05604211991,30.638223226353,2.92741615032,1.234453339412,1.5662354739,0.311578631939738,1.96887943662
10535,JETILW,20161018,92072,47.25,0.175939264769979,-2.3916656,-2.79741627723,5.31735817865,30.166982236393,2.9239484787,1.238914507627,1.55575382383,0.313557560771257,1.96826076508
10536,JETILW,20161018,92075,46.6,0.151332044479265,-1.8180649863,-2.13869665936,4.88569276032,23.902729516521,2.92226169534,1.245974638691,1.54755260368,0.314722054488345,1.97928817958
10537,JETILW,20161019,92092,47.25,0.126075516877797,-1.81978730275,-2.13723442407,4.61770629905,22.420646394017,2.9205431457,1.234181132886,1.55007469034,0.31498705487349,1.98951805185
10538,JETILW,20161019,92093,46.7,0.131871948128599,-1.82726844444,-2.13450569571,4.6145482671,25.401450192837,2.92321035597,1.244366016653,1.54789592764,0.314957903530514,1.98824077182
10539,JETILW,20161019,92094,48.25,0.180868573515703,-1.81602436697,-2.14119104084,4.58837003873,13.667455661661,2.91803006513,1.225266250996,1.54324770484,0.315939796954398,1.97817377213
10540,JETILW,20161019,92095,45.7,0.135028245938039,-1.83432350685,-2.13108183354,4.30421225365,24.902574567413,2.92772852231,1.246268089503,1.5590844192,0.312918248418115,1.98716505913
10541,JETILW,20161019,92098,46,0.164043768081767,-1.82157877778,-2.13350342564,4.09538280183,20.77618922391,2.9277320438,1.246714658207,1.55994682944,0.312484142880631,1.97826851739
10542,JETILW,20161019,92100,47,0.171663170361645,-1.82568617931,-2.14032952957,4.5907727795,20.698336704146,2.92173482961,1.243919056859,1.55042264565,0.315056697728066,1.97994447905
10543,JETILW,20161019,92102,45.7,0.134877508207091,-1.82257775342,-2.13811731972,4.45433271035,24.195275850662,2.92128659601,1.238854258027,1.54439402892,0.315453008838523,1.99137188637
10544,JETILW,20161020,92107,49.2,0.201660615835017,-2.98108487356,-2.8035466087,6.46642550184,31.163007167021,2.89773770036,1.192827005496,1.56658150932,0.327100762542877,1.973824512
10545,JETILW,20161020,92113,49.1,0.241966996637669,-2.97389111111,-2.80038036072,7.23778281189,28.363126142322,2.8982480367,1.196350051297,1.57101981614,0.32628639223741,1.96399286058
10546,JETILW,20161024,92128,51,0.151665260193014,-1.98371140741,-2.41961658925,4.80920686121,20.224223782374,2.8979212443,1.278081161005,1.56752914388,0.321893927804213,1.98578714441
10547,JETILW,20161026,92182,46.3,0.193362146064922,-1.82037088889,-2.1403309766,4.53317490686,19.00887586351,2.9187634786,1.248045093484,1.54133238152,0.315872973690634,1.97955936856
10548,JETILW,20161026,92183,46,0.182332984383618,-1.82258555556,-2.1407869905,4.53640940619,19.568670227835,2.91753811306,1.246819224622,1.54053981862,0.316261729778138,1.98211055332
10549,JETILW,20161026,92187,48,0.173661250544092,-1.8143744,-2.14583538539,4.62801367814,14.823901480946,2.91536865234,1.228690246056,1.53880460438,0.316444647640881,1.98898736362
10550,JETILW,20161026,92189,46.1,0.178056222006587,-1.82354158904,-2.13880865822,4.38414692491,19.166220988749,2.92050317216,1.244355828795,1.54638742152,0.314987388044721,1.98320801617
10551,JETILW,20161026,92191,47.25,0.144909726268815,-1.81873520442,-2.13951746241,4.38257467606,22.172984821323,2.92073792516,1.243149678352,1.54969965645,0.314613385040927,1.98733132715
10552,JETILW,20161026,92193,47.5,0.180652944511154,-2.38966488889,-2.80143039318,5.69364732956,27.455404567033,2.9207511478,1.235344880157,1.55442498216,0.313820266142976,1.98041068183
10553,JETILW,20161026,92195,47,0.163723442011335,-2.38830553425,-2.79741304332,5.45347880568,28.157269013382,2.92378067644,1.233118847625,1.5592559549,0.312517189158511,1.97549313062
10554,JETILW,20161026,92200,48.75,0.181507974092101,-2.38611449541,-2.8059905081,6.0620454148,29.921307574367,2.91596382911,1.239567319188,1.54313443814,0.315922359162861,1.9798222813
10555,JETILW,20161027,92205,48.6,0.244013516067081,-2.98320482192,-2.79867529766,7.29712407017,29.864859802199,2.90071921153,1.198712250958,1.57342177774,0.325577744610746,1.97465828673
10556,JETILW,20161027,92215,49.5,0.218190539310496,-2.68106977778,-2.82579964908,5.84955526363,29.430903976106,2.9034131368,1.200901230176,1.57375555014,0.324909514743985,1.97478146023
10557,JETILW,20161028,92222,46.2,0.156523096931836,-1.67674390805,-1.68993711106,4.09948160526,17.36312496511,2.90797143695,1.235371682836,1.57487517882,0.313690385685066,2
10558,JETILW,20161028,92223,48.25,0.192163371849028,-1.68085934545,-1.69053395736,4.45082353836,14.192920189508,2.9023889715,1.231908746199,1.56696063403,0.31557888403932,1.9988630815
10559,JETILW,20161028,92224,49,0.200032529627782,-1.67998190345,-1.6910272419,4.45236238552,12.707027915216,2.90167215282,1.229238746907,1.56444205065,0.315880616721712,2
10560,JETILW,20161028,92226,49.5,0.238968424000085,-1.68287077778,-1.69157976956,5.16342904565,12.895489861407,2.90482203166,1.237599664264,1.57086296066,0.314793126265792,1.99886152479
10561,JETILW,20161028,92227,50.5,0.218397744019566,-1.68287380645,-1.69163815414,4.90854078787,12.802159975137,2.90469965078,1.233657986337,1.56971376739,0.314847475007414,2
10562,JETILW,20161028,92228,50.5,0.247726964445113,-1.67990532719,-1.69664093917,5.80914437035,9.673437709202,2.89575026552,1.224511344312,1.55437169903,0.318035452342995,1.99829973493
10563,JETILW,20161028,92229,50,0.231226975192151,-1.67847622222,-1.69858453964,5.68340621438,9.718265814227,2.89257346259,1.221924146016,1.54791356309,0.319529325276468,1.99925189548
10564,JETILW,20161028,92232,50,0.157883271015277,-1.68280607487,-1.69232287282,4.10185391155,14.958338976895,2.90007794222,1.227782555442,1.56280241351,0.316510916592244,2
10565,JETILW,20161028,92234,49,0.201357783127239,-1.67728741869,-1.69812745881,5.6580801515,10.44266570784,2.89029722643,1.219206549305,1.54462480803,0.320212001208664,1.99790326287
10566,JETILW,20161028,92235,49.3,0.237062445891326,-2.97483550685,-2.82624676896,7.57618821371,30.100221498951,2.90227226362,1.194711319388,1.57223775283,0.325147128069566,1.98350754829
10567,JETILW,20161028,92239,49.4,0.261179450100298,-2.97347265753,-2.82882261231,7.271285371,25.171341906942,2.89993202523,1.191529476479,1.56805653125,0.326009687720186,1.97948800701
10568,JETILW,20161028,92240,49.4,0.263495759800559,-2.98327210959,-2.8294056799,7.555231698,29.079895793825,2.89941970616,1.197386094969,1.5656976191,0.326649650588991,1.97618583784
10569,JETILW,20161029,92253,51.3,0.177532697470224,-1.98520866667,-3.02810502531,4.38425001512,15.509183020676,2.90915764703,1.206232713328,1.53716323982,0.316954027091091,1.99850506253
10570,JETILW,20161029,92254,51,0.16935436437239,-1.98338333333,-3.02966383446,3.94925753058,15.103196638297,2.90792359246,1.205057316356,1.53469624404,0.317436643234875,2
10571,JETILW,20161031,92260,49.5,0.133457037837915,-2.38317511111,-3.29953213854,5.79099826501,25.808074749217,2.91492207845,1.221919503477,1.54707863204,0.315067119237148,1.99012692769
10572,JETILW,20161031,92261,49.75,0.138844618338881,-2.38081674074,-3.29858579193,5.59922549309,23.524900230615,2.91575905129,1.219844985891,1.54764078006,0.314818943417798,1.99047936334
10573,JETILW,20161031,92262,48.25,0.138970811127144,-2.3846279633,-3.31801722415,4.86242533506,26.798974871746,2.89439098113,1.198397198948,1.51187975954,0.325535133674354,1.98709638403
10574,JETILW,20161101,92288,53.5,0.227294070238079,-1.78638215668,-1.80371954327,5.46727096226,13.255899953039,2.90739785471,1.289853293775,1.6097533069,0.315011275784735,1.99594439669
10575,JETILW,20161101,92291,56.25,0.156695609302175,-1.4881237037,-1.80347720982,3.79117238757,14.303915625279,2.9058682477,1.301610363855,1.60358419746,0.316317854314466,2
10576,JETILW,20161101,92292,56.75,0.182796049475703,-1.48827403636,-1.47627258915,3.97014449851,12.756413620689,2.91893837669,1.301468207619,1.62653924578,0.310603963120009,1.9984605269
10577,JETILW,20161101,92295,49.5,0.192705088230293,-2.68243555556,-2.82780359078,5.87182697116,29.362694086842,2.90170966254,1.196253379186,1.56894203865,0.325610700392729,1.98459710015
10578,JETILW,20161101,92296,49.5,0.240491085015519,-2.68864088889,-2.82721392192,6.04750605944,27.453244337714,2.90249570211,1.201255593035,1.57158058422,0.325335746062446,1.97023730808
10579,JETILW,20161101,92299,50.25,0.261740357367691,-3.18626933333,-2.83016912294,8.82768671184,30.848238578915,2.89844908538,1.193464071663,1.56566854161,0.326675765094857,1.98395397045
10580,JETILW,20161101,92300,51,0.221005656042692,-2.97370085517,-2.83639002136,7.96638360386,32.284137473071,2.89604639514,1.19512903937,1.56121961408,0.327752499080428,1.98306505927
10581,JETILW,20161102,92305,49.25,0.145550281401716,-2.37757020183,-2.82678026803,5.74175410055,27.717117890625,2.89628951046,1.196518294308,1.5164541169,0.324534892803832,1.98110527949
10582,JETILW,20161102,92306,47.5,0.179333775401387,-2.3902,-2.82381379654,5.80797507638,30.405103217095,2.89810540941,1.207703411579,1.51436162459,0.324853562824916,1.98150126139
10583,JETILW,20161102,92308,49.25,0.171997543881492,-2.3849640663,-2.83168070005,5.85348718758,30.114495856024,2.89171250486,1.205700242059,1.50556457978,0.32724953456838,1.9804188428
10584,JETILW,20161102,92313,47.9,0.164926421898204,-2.39051511111,-3.02132262213,5.09824612608,29.016560295195,2.89434199863,1.207104431259,1.50916875445,0.326236988657852,1.98483848572
10585,JETILW,20161102,92314,49.25,0.172657317846883,-2.3828939209,-2.930820555,5.76523070863,29.224420805704,2.89324192543,1.205555150738,1.50851315427,0.326535977399328,1.97539093535
10586,JETILW,20161102,92315,49,0.177003161962129,-2.38194891034,-2.72708146209,5.91010967906,25.806895832891,2.89526283001,1.199178195822,1.5135396494,0.325459988328502,1.97999541184
10587,JETILW,20161102,92316,48.5,0.182228889423892,-2.38324118812,-2.72575410045,6.28307387482,29.391254174802,2.8961813143,1.205854425336,1.51474163719,0.325420086510984,1.98073721404
10588,JETILW,20161102,92319,49.8,0.188090057149398,-2.38214067327,-2.8303827406,5.93976889841,26.063051255911,2.89047331857,1.202652416607,1.50470158035,0.327367095335146,1.97481907004
10589,JETILW,20161102,92320,49.5,0.172191812779141,-2.3798656,-2.82871647693,6.09624837747,26.266562045875,2.89197955954,1.198943236778,1.50804675734,0.326577982591006,1.98285375135
10590,JETILW,20161102,92321,49.25,0.189395356711359,-2.3843078011,-2.82908542337,6.06948939586,26.298575618627,2.89135607303,1.202508805206,1.50613550338,0.327047029224957,1.97749573091
10591,JETILW,20161102,92322,49,0.176809565879867,-2.38344877419,-2.82837635494,5.75859943966,26.107835185348,2.89190083165,1.201806204659,1.50692662046,0.326846837708367,1.98334794989
10592,JETILW,20161102,92323,48.25,0.174724667530007,-2.38405108257,-2.82748527716,5.53614366694,26.096177384352,2.89208620404,1.201425972335,1.50678203789,0.326907371647254,1.96963808952
10593,JETILW,20161102,92324,49.75,0.184744843940442,-2.38737585185,-2.8129568253,5.99657011309,26.34600386639,2.90833678069,1.234712044398,1.54233033243,0.318016931066205,1.98117814241
10594,JETILW,20161102,92325,49,0.184811002455989,-2.38248302304,-2.83076338459,5.92109306721,23.050114167334,2.89201952675,1.200121396148,1.50718345588,0.326700230245256,1.97107186735
10595,JETILW,20161102,92326,48.25,0.172899780370518,-2.38312381651,-2.83309650302,6.33045901434,25.221322517539,2.88990405721,1.20106502848,1.50357118918,0.327570637397188,1.97465109169
10596,JETILW,20161103,92346,50.75,0.171166041558805,-2.53059259259,-3.38860437177,5.7193693339,18.554311792076,2.91110427291,1.197860311579,1.53610909601,0.31731731027333,1.99677177712
10597,JETILW,20161103,92347,55.5,0.165542415693192,-1.67770681481,-2.36220641675,4.83997301441,11.665560787222,2.89349450005,1.23305243916,1.52771897438,0.323849172576553,1.99550529763
10598,JETILW,20161103,92348,51.8,0.191602999084022,-2.53185296552,-3.41529252986,6.4432260997,18.532843089629,2.89278543407,1.225747864822,1.53562124178,0.323095088166288,1.99796663482
10599,JETILW,20161104,92352,50.9,0.239894666196198,-2.67951163077,-2.83433293414,6.2857885446,26.647249815433,2.89860393818,1.199997843229,1.56548925482,0.32672489746724,1.98264441857
10600,JETILW,20161104,92354,49.7,0.237593471065056,-2.68066377778,-2.82979184071,6.22687387729,27.232802193579,2.90051481459,1.200341939926,1.5664023818,0.326241715648592,1.97920714484
10601,JETILW,20161107,92379,48.3,0.200970065728548,-2.07339044444,-2.01665206931,5.56880789973,16.896454524611,2.88186772664,1.197659512361,1.58696315567,0.322759225783576,2
10602,JETILW,20161108,92393,49,0.204595552458007,-2.38153070345,-2.82934954989,5.95193474953,27.158920057705,2.89371443124,1.210999817684,1.509118464,0.326551582109322,1.98321806809
10603,JETILW,20161108,92394,47.9,0.193583185281875,-2.18901355556,-2.82912196565,5.23874682361,29.876301675141,2.8902176751,1.22427888049,1.50043306129,0.329014233864963,1.98148685031
10604,JETILW,20161108,92396,47.5,0.151958133179382,-2.18437133333,-2.81921221215,5.06418202439,26.484659690371,2.90344789293,1.237619512611,1.53621780771,0.318309802509441,1.98190434774
10605,JETILW,20161108,92398,48,0.195044332796629,-2.18707311111,-2.81877575921,5.42354253454,30.480941317313,2.9039938185,1.256177339289,1.53471889885,0.318922637639905,1.98117319743
10606,JETILW,20161108,92399,48.8,0.189777161812321,-2.39285511111,-2.80726002763,6.31284126099,30.542535695745,2.91603597005,1.244380944305,1.54117749516,0.316555900236777,1.98370382521
10607,JETILW,20161108,92401,49.25,0.174986521524179,-2.3833512381,-2.80791852385,6.17093166391,30.994435252578,2.91618692307,1.242837667465,1.54167390861,0.316224492840874,1.98524892898
10608,JETILW,20161108,92404,47.5,0.154944949198918,-2.00081844444,-2.81207168443,4.62398295647,29.751857956598,2.91099823846,1.261172433694,1.52734436475,0.319792137530966,1.97763824463
10609,JETILW,20161108,92406,48,0.17235397788732,-2.19012622222,-2.81015029707,5.44255194709,30.650800709884,2.91408284505,1.253819353051,1.53609989903,0.317800985399271,1.98004637824
10610,JETILW,20161108,92407,48,0.116779831612081,-2.1852713931,-2.82862133918,4.67949017372,30.725326596329,2.89495912749,1.205111279981,1.51011006234,0.326333681158773,1.98193527748
10611,JETILW,20161109,92417,49.75,0.172786644312036,-2.38678287324,-2.80923200014,6.17524949006,27.147652144184,2.91548199721,1.230820494639,1.54281964875,0.315941639261185,1.98458239058
10612,JETILW,20161109,92418,49.5,0.18355374384166,-2.38836904348,-2.80720696618,6.20360434096,28.514588247598,2.91762642238,1.236184731774,1.54590944955,0.315468317257761,1.98328432829
10613,JETILW,20161109,92424,49.3,0.244796857315425,-2.9842489863,-2.82584759656,7.26955570726,32.301173485499,2.90390746234,1.198456476813,1.57166336571,0.325178790390614,1.98618766053
10614,JETILW,20161110,92431,47.7,0.220886307701991,-2.07424605405,-2.01571403344,5.60127955674,14.337444450675,2.8818400615,1.195556801718,1.58437462529,0.322700393446869,1.99737548828
10615,JETILW,20161110,92432,49.3,0.237147145930595,-2.982336,-2.8258906798,6.62869770241,32.447221475636,2.90438362017,1.19795574554,1.57392963069,0.324672976348354,1.9821336302
10616,JETILW,20161110,92433,50,0.234930210461117,-2.97498155556,-2.82993154252,7.5531586348,30.80808128306,2.90196143256,1.195409238338,1.57025896237,0.325552983633413,1.98851882087
10617,JETILW,20161110,92436,50,0.253714773993071,-2.98063244444,-2.83344848195,6.90443340435,32.672832755208,2.8973297543,1.202064964506,1.55723558745,0.328317930159739,1.98133489821
10618,JETILW,20161110,92437,52.25,0.283357615375024,-3.46736914286,-3.09508991988,9.75600488348,29.013979614859,2.89421936706,1.190173840785,1.55730850174,0.328462610185171,1.98394590944
10619,JETILW,20161110,92439,49,0.262448731977095,-2.07473772973,-2.02566752475,6.31484536282,11.727197793467,2.86976767875,1.182132727391,1.56915917078,0.327916316894995,1.99659997064
10620,JETILW,20161110,92442,52.15,0.271649034974971,-3.46789446809,-3.09701356738,9.92656040185,32.222469586924,2.89197296792,1.19082171359,1.55351210038,0.329481404678316,1.98297849615
10621,JETILW,20161114,92471,54.5,0.186081911763676,-1.97166991781,-2.41351278521,5.37582631008,12.728913982438,2.90568019919,1.222616045442,1.56448176084,0.319382445159897,1.98128143729
10829,JFT2M,19880602,44961,0.65,0.031746051993775,0.2525,1.262,3.9,0.78394,1.293,1.4063,1.37110060461792,0.213611755607115,1
10830,JFT2M,19880602,44961,0.72,0.0240854048871699,0.251,1.263,5.41,1.11953,1.292,1.4087,1.37637073671995,0.211377708978328,1
10832,JFT2M,19880602,44963,0.67,0.0340684821226276,0.2525,1.259,3.88,0.69147,1.292,1.4011,1.37654360830352,0.214164086687306,1
10833,JFT2M,19880602,44963,0.69,0.0335739826786855,0.2522,1.26,4.4,0.73551,1.291,1.4008,1.38173450871082,0.212858249419055,1
10994,JFT2M,19880622,45716,0.69,0.0529816217333988,0.2567,1.27,3.34,0.38687,1.293,1.3376,1.43422321627359,0.212606341840681,1.5
10995,JFT2M,19880622,45716,0.7,0.0525795910283706,0.2568,1.269,3.45,0.40394,1.293,1.3383,1.43629395025376,0.212296983758701,1.5
11049,JFT2M,19880623,45784,0.72,0.0300310815595861,0.1734,1.258,3.44,0.50834,1.301,1.3739,1.39155636500293,0.208378170637971,1.5
11105,JFT2M,19880914,48428,0.67,0.0416452035193473,0.2523,1.243,3.53,0.54745,1.296,1.3462,1.38795686172378,0.216126543209877,1.5
11106,JFT2M,19880914,48428,0.69,0.0343809148456849,0.2531,1.243,3.91,0.68507,1.296,1.3458,1.39328925217902,0.215586419753086,1.5
11120,JFT2M,19880914,48465,0.67,0.054451754956267,0.255,1.265,3.05,0.38453,1.295,1.3404,1.39840442058195,0.216833976833977,1.5
11121,JFT2M,19880914,48465,0.68,0.0476948612112079,0.2552,1.27,3.27,0.45789,1.294,1.3399,1.40310460730695,0.216074188562597,1.5
11195,JFT2M,19891017,56871,0.85,0.0335126218021143,0.2487,1.305,3.02,0.62841,1.293,1.2887,1.41311393067643,0.209899458623357,1
11196,JFT2M,19891017,56871,0.88,0.0325519424575745,0.2491,1.305,3.35,0.66548,1.292,1.2881,1.42405808259347,0.20890092879257,1
11294,JFT2M,19900913,62003,0.8,0.0216009467862239,0.219,1.279,4.39,1.257306,1.313,1.3142,1.34319328105743,0.203579588728104,1
11297,JFT2M,19900913,62005,0.8,0.0201314647611662,0.2175,1.283,4.36,1.26371,1.312,1.3114,1.33551925571764,0.204115853658537,1
11300,JFT2M,19900913,62006,0.8,0.020795233695479,0.2163,1.279,4.19,1.25548,1.313,1.2506,1.32220400890091,0.203960396039604,1
11309,JFT2M,19900913,62009,0.83,0.0249955917791579,0.2179,1.281,4.35,1.02082,1.311,1.3014,1.32226118163264,0.206483600305111,1
11312,JFT2M,19900913,62010,0.83,0.0271351827758425,0.2178,1.28,4.13,0.95308,1.311,1.3051,1.33043862353146,0.204729214340198,1
11313,JFT2M,19900913,62010,0.87,0.0248772191501746,0.2177,1.279,4.65,1.09952,1.311,1.3067,1.32612429688206,0.20465293668955,1
11315,JFT2M,19900913,62012,0.83,0.0241577872072922,0.2153,1.286,4.77,1.0605,1.31,1.2435,1.34015904451503,0.203053435114504,1
11316,JFT2M,19900913,62012,0.88,0.0237891325209582,0.2168,1.285,4.87,1.10458,1.31,1.2411,1.32978167246149,0.205038167938931,1
11339,JFT2M,19900913,62020,0.8,0.0234507195737976,0.2165,1.289,4.24,0.9499211,1.307,1.2922,1.36107439248465,0.204208110175976,1
11340,JFT2M,19900913,62020,0.88,0.0227174402278697,0.2174,1.285,4.31,0.99238,1.308,1.2908,1.33592420335854,0.207110091743119,1
11342,JFT2M,19900913,62021,0.78,0.0246833347638959,0.2193,1.283,3.55,0.81553,1.307,1.2888,1.33992274665395,0.206656465187452,1
11343,JFT2M,19900913,62021,0.88,0.022231657668047,0.2189,1.28,4.02,0.95385,1.308,1.2885,1.32970995862121,0.207492354740061,1
11345,JFT2M,19900913,62022,0.83,0.0226466709535383,0.2159,1.289,4.19,0.91753,1.307,1.2865,1.34043400767809,0.206044376434583,1
11346,JFT2M,19900913,62022,0.88,0.0214062713019768,0.2164,1.288,4.34,0.978,1.307,1.2853,1.32536817517668,0.207957153787299,1
11348,JFT2M,19900913,62026,0.83,0.0235200077087494,0.2195,1.285,3.41,0.76104,1.307,1.3397,1.34658612466787,0.209869931140015,1
11349,JFT2M,19900913,62026,0.88,0.0214032305856538,0.2199,1.284,3.74,0.83246,1.306,1.3353,1.34257667426483,0.211102603369066,1
11351,JFT2M,19900913,62027,0.85,0.0235430965784941,0.2199,1.29,3.52,0.77802,1.306,1.2776,1.34694940628877,0.209341500765697,1
11352,JFT2M,19900913,62027,0.89,0.0209693499520911,0.2202,1.29,3.87,0.85927,1.305,1.3319,1.34211185958976,0.210574712643678,1
11354,JFT2M,19900913,62030,0.78,0.0252459416244343,0.2175,1.285,3.75,0.73798,1.307,1.2845,1.32811553679072,0.208416220351951,1
11355,JFT2M,19900913,62030,0.87,0.0219782650671976,0.2177,1.282,4.23,0.889045,1.307,1.2827,1.32601050511283,0.208951798010712,1
11357,JFT2M,19900913,62035,0.77,0.0248109259467778,0.2194,1.299,3.32,0.71048,1.307,1.3402,1.34195691900231,0.210099464422341,1
11358,JFT2M,19900913,62035,0.85,0.0220503027444484,0.2193,1.297,3.77,0.86927,1.307,1.3423,1.34333485364191,0.209793420045907,1
11360,JFT2M,19900913,62036,0.78,0.0238072322352784,0.2193,1.297,3.39,0.706522,1.307,1.3379,1.33197853652729,0.211017597551645,1
11361,JFT2M,19900913,62036,0.83,0.0223922357635018,0.2185,1.294,3.71,0.78033,1.307,1.3401,1.33265522149668,0.210864575363428,1
11363,JFT2M,19900913,62037,0.82,0.0220193461646048,0.217,1.295,3.6,0.73882,1.306,1.3382,1.33490849494173,0.210183767228178,1
11364,JFT2M,19900913,62037,0.87,0.0198391302070111,0.2167,1.292,3.99,0.82717,1.306,1.3368,1.32900968110958,0.210949464012251,1
11366,JFT2M,19900913,62039,0.78,0.0233924146615574,0.2161,1.288,3.47,0.73853,1.308,1.2874,1.32368072774796,0.208639143730887,1
11367,JFT2M,19900913,62039,0.84,0.0224399217208186,0.2152,1.285,3.67,0.806004,1.308,1.288,1.32100279851688,0.208715596330275,1
11369,JFT2M,19900913,62042,0.84,0.0245603696023864,0.2167,1.288,4.44,0.9163,1.309,1.2367,1.32790667259726,0.203972498090145,1
11370,JFT2M,19900913,62042,0.89,0.0243281786234108,0.2162,1.285,4.9,1.020038,1.311,1.2398,1.31521944195031,0.203813882532418,1
11372,JFT2M,19900913,62043,0.85,0.0237305246039457,0.2173,1.289,4.45,0.96746,1.309,1.2969,1.33379047567704,0.203590527119939,1
11373,JFT2M,19900913,62043,0.89,0.0230017356353339,0.2167,1.289,4.85,1.05821,1.309,1.2978,1.32453218404731,0.203819709702063,1
11375,JFT2M,19900913,62049,0.75,0.0272385665841811,0.2187,1.292,3.48,0.7274,1.308,1.2326,1.3341585037999,0.206269113149847,1
11376,JFT2M,19900913,62049,0.88,0.0228804611255574,0.2174,1.288,4.49,1.029481,1.309,1.2377,1.33740556158653,0.204507257448434,1
11381,JFT2M,19900913,62051,0.84,0.0235689360625687,0.2179,1.282,3.81,0.96193,1.311,1.3059,1.33273360321189,0.204042715484363,1
11382,JFT2M,19900913,62051,0.88,0.0246929603191771,0.2179,1.281,3.99,0.97083,1.311,1.3062,1.327737178105,0.204118993135011,1
11384,JFT2M,19900913,62052,0.85,0.0224869731877258,0.2147,1.286,4.57,1.00178,1.31,1.2389,1.32560255758515,0.202824427480916,1
11385,JFT2M,19900913,62052,0.89,0.0234249915252027,0.2154,1.285,4.85,1.02264,1.31,1.2419,1.32025037880821,0.203511450381679,1
11387,JFT2M,19900913,62053,0.85,0.0237137333387793,0.2156,1.289,4.35,0.97932,1.309,1.2381,1.32671866906101,0.203514132925898,1
11388,JFT2M,19900913,62053,0.89,0.0237373981460897,0.2157,1.286,4.7,1.03457,1.31,1.2391,1.32268199968253,0.203358778625954,1
11390,JFT2M,19900913,62054,0.84,0.0230277618722178,0.2176,1.284,4.39,1.08278,1.311,1.246,1.34013888892065,0.201601830663616,1
11391,JFT2M,19900913,62054,0.88,0.0228350746465383,0.218,1.282,4.63,1.13803,1.311,1.2461,1.33362130713563,0.202059496567506,1
11393,JFT2M,19900913,62055,0.83,0.0231469182735614,0.2184,1.286,4.47,1.09165,1.311,1.3089,1.33770382134115,0.202059496567506,1
11394,JFT2M,19900913,62055,0.91,0.021593756832669,0.2188,1.285,4.85,1.18914,1.311,1.3055,1.33254941371882,0.203203661327231,1
11396,JFT2M,19900913,62058,0.84,0.0213729711147308,0.2156,1.283,4.54,1.22173,1.313,1.2585,1.32028644036318,0.2003046458492,1
11397,JFT2M,19900913,62058,0.9,0.0218434312332876,0.2159,1.28,4.89,1.21791,1.312,1.2538,1.31852400781667,0.201219512195122,1
11399,JFT2M,19900913,62059,0.83,0.0227014376462721,0.2173,1.284,4.65,1.18643,1.312,1.2566,1.33585153863088,0.20015243902439,1
11400,JFT2M,19900913,62059,0.88,0.0221216715877956,0.2178,1.282,5.07,1.2531,1.313,1.2566,1.32857554385481,0.200685453160701,1
11402,JFT2M,19900913,62060,0.86,0.0229012831008405,0.2181,1.284,5.16,1.23373,1.313,1.2239,1.33547272566537,0.2003046458492,1
11403,JFT2M,19900913,62060,0.89,0.0236620264203353,0.2173,1.283,5.54,1.23844,1.313,1.2537,1.33105379772548,0.200533130236101,1
11405,JFT2M,19900913,62061,0.85,0.0226433284996743,0.216,1.286,5.56,1.26888,1.313,1.2553,1.33779341462415,0.1999238385377,1
11406,JFT2M,19900913,62061,0.88,0.0233079853797547,0.2156,1.285,6.07,1.29136,1.313,1.2573,1.32783980097347,0.200533130236101,1
11408,JFT2M,19900913,62062,0.85,0.0237727644816872,0.2184,1.286,5.12,1.13609,1.311,1.2477,1.34980399086041,0.200228832951945,1
11411,JFT2M,19900913,62063,0.82,0.023695648732925,0.2163,1.285,4.43,1.05295,1.312,1.2524,1.33178466352595,0.200838414634146,1
11414,JFT2M,19900913,62064,0.84,0.0230066911487239,0.2172,1.334,4.45,1.08651,1.313,1.2557,1.32554965693851,0.201675552170602,1
11415,JFT2M,19900913,62064,0.9,0.0222727733991814,0.2177,1.333,4.98,1.18252,1.313,1.2541,1.3192901644538,0.202361005331302,1
11417,JT60U,19940708,21282,7.23,0.150916725564379,2.28,4.25,3.14,24.053,3.13,1.07,1.66984432769699,0.226837060702875,2
11418,JT60U,19940830,21895,7.435,0.141311091197353,1,3.024,2.283,14.507,3.2665,1.2423,1.40130929372026,0.241910301545997,2
11419,JT60U,19940908,22110,5.5,0.0871867836534661,0.996,2.048,2.47,12.651,3.263,1.181,1.33538601872868,0.267238737358259,2
11420,JT60U,19940908,22111,5.5,0.0869669381887877,0.996,2.048,2.21,12.522,3.262,1.191,1.34153278169505,0.266707541385653,2
11421,JT60U,19940908,22111,9,0.085427135678392,0.995,2.042,2.51,12.537,3.27,1.18,1.36405295409678,0.26177370030581,2
11422,JT60U,19950419,23555,8.5,0.182456140350877,0.895,1.55,1.76,2.85,3.269,1.099,1.467086542439,0.252370755582747,2
11423,JT60U,19950419,23556,8.3,0.194977843426883,1.496,2.54,2.5,6.77,3.268,1.101,1.50268865584147,0.248164014687883,2
11424,JT60U,19960315,26177,7.8,0.137211709440272,0.868,1.839,1.42,3.7679,3.364,1.347,1.25419249606838,0.264268727705113,2
11425,JT60U,19960328,26276,7.4,0.224762129201402,1.496,3.054,2.86,6.7894,3.355,1.346,1.25167817715445,0.267660208643815,2
11426,JT60U,19960904,27377,6.4,0.119179260351395,0.868,1.841,1.44,4.8834,3.361,1.356,1.27392770233278,0.264504611722702,2
11427,JT60U,19960904,27390,6.7,0.174085085001256,1.496,3.054,2.63,9.5528,3.357,1.361,1.27012472186971,0.266011319630623,2
11428,JT60U,19970926,30006,5.1,0.194823867721064,1.5,3.639,3.448,13.91,3.2462,1.3075,1.48021093222633,0.242714558560779,2
11429,JT60U,19990300,33635,8.445,0.245072479549107,1.8,3.08,2.78,9.5889999739,3.24,1.187,1.52263024255113,0.254012345679012,2
11430,JT60U,19990300,33637,8.231,0.225516814652462,1.8,3.08,2.68,9.577999775,3.24,1.164,1.51745701979016,0.25679012345679,2
11431,JT60U,19990300,33638,6.855,0.194012376651614,1.8,3.07,2.38,5.979,3.25,1.155,1.47610271992435,0.263076923076923,2
11432,JT60U,19990300,33638,7.541,0.196648663619997,1.8,3.07,2.27,7.221,3.25,1.165,1.48030272190663,0.261538461538462,2
11433,JT60U,19990300,33638,8.05,0.234528487229862,1.8,3.08,2.57,8.144,3.24,1.163,1.49603043660199,0.260185185185185,2
11434,JT60U,19990300,33638,8.485,0.2222222297762,1.8,3.07,2.82,9.854999665,3.24,1.165,1.50846861751519,0.258333333333333,2
11435,JT60U,19990300,33639,7.013,0.226783645091872,1.8,3.07,3,6.041,3.24,1.165,1.49841618302128,0.258024691358025,2
11436,JT60U,19990300,33639,7.495,0.230982019363762,1.8,3.08,3.11,7.23,3.24,1.163,1.51663400895467,0.258024691358025,2
11437,JT60U,19990300,33639,7.856,0.226660682226212,1.8,3.08,3.48,8.912,3.24,1.165,1.52633719247002,0.253703703703704,2
11438,JT60U,19990300,33639,8.344,0.212453495202663,1.8,3.07,3.75,10.214,3.24,1.164,1.53654409068951,0.252469135802469,2
11439,JT60U,19990300,33640,7.028,0.246484698097601,1.8,3.07,3.23,6.045,3.25,1.158,1.51456460515608,0.255076923076923,2
11440,JT60U,19990300,33640,7.489,0.26084407971864,1.8,3.07,3.25,6.824,3.25,1.17,1.53202919466564,0.253230769230769,2
11441,JT60U,19990300,33640,7.8,0.242367774687459,1.81,3.07,3.58,8.581999,3.25,1.171,1.54130119313747,0.251692307692308,2
11442,JT60U,19990300,33640,8.455,0.220510351468464,1.8,3.08,3.91,10.385,3.24,1.168,1.55068609378071,0.250925925925926,2
11443,JT60U,19990300,33642,7.445,0.233918128654971,1.8,3.08,3.66,7.353,3.24,1.164,1.51822518292736,0.255555555555556,2
11444,JT60U,19990300,33642,7.544,0.223675605207849,1.8,3.07,3.81,7.64499999189,3.24,1.167,1.52732971860839,0.254012345679012,2
11445,JT60U,19990300,33642,7.895,0.226316388035938,1.8,3.07,4.01,8.793,3.24,1.167,1.52092086251559,0.254938271604938,2
11446,JT60U,19990300,33642,8.392,0.205796280562636,1.81,3.08,4.27,10.593,3.24,1.163,1.54787689132226,0.251543209876543,2
11447,JT60U,19990300,33646,7.923,0.210873146771423,1.8,3.07,3.94,9.10499999358,3.24,1.167,1.54030782250873,0.25216049382716,2
11448,JT60U,19990300,33647,9.035,0.196711083420435,1.8,3.08,4.11,9.607999545,3.24,1.159,1.50222426632991,0.259259259259259,2
11449,JT60U,19990300,33647,11.5,0.242283439888925,1.8,3.08,3.12,6.0259999638,3.24,1.157,1.49958606324266,0.259876543209877,2
11450,JT60U,19990300,33649,7.935,0.249969663875743,1.8,3.08,2.84,8.241,3.24,1.163,1.51625546109683,0.254938271604938,2
11451,JT60U,19990300,33649,8.425,0.243471022786391,1.8,3.08,2.99,9.611,3.24,1.162,1.53005769612963,0.253395061728395,2
11452,JT60U,19990300,33649,10.53,0.226633872101195,1.8,3.07,2.29,5.692,3.24,1.161,1.47937589592572,0.262037037037037,2
11453,JT60U,19990300,33649,10.91,0.213348709816924,1.8,3.07,2.44,6.937,3.24,1.158,1.49341497168748,0.260802469135802,2
11454,JT60U,19990300,33649,11.33,0.234403613722378,1.8,3.08,2.78,8.191,3.24,1.158,1.51124663429585,0.259259259259259,2
11455,JT60U,19990300,33649,11.91,0.230293192654966,1.8,3.08,3.41,9.857,3.24,1.16,1.52939941861752,0.256172839506173,2
11456,JT60U,19990300,33650,8.366,0.22100547499565,1.8,3.08,3.53,10.0450000166,3.24,1.163,1.55450786951901,0.250617283950617,2
11457,JT60U,19990300,33652,6.927,0.205342542996008,1.8,3.07,1.98,5.5029999313,3.24,1.161,1.46739414930533,0.263888888888889,2
11458,JT60U,19990300,33652,7.448,0.253894080186164,1.8,3.08,2.3,6.4200000205,3.24,1.16,1.47844057847094,0.261728395061728,2
11459,JT60U,19990300,33652,7.939,0.268283720223282,1.8,3.07,3.12,8.1629999695,3.24,1.162,1.49580511626618,0.258641975308642,2
11460,JT60U,19990300,33652,8.453,0.225563901684205,1.8,3.08,3.35,9.842000353,3.24,1.159,1.50728305509878,0.256481481481481,2
11461,JT60U,19990300,33654,6.939,0.221395696237414,1.8,3.08,2.06,5.645999544,3.24,1.157,1.48286704726876,0.261728395061728,2
11462,JT60U,19990300,33654,7.42,0.277534326200577,1.81,3.08,2.45,6.8460000102,3.24,1.158,1.50128544382679,0.258950617283951,2
11463,JT60U,19990300,33654,8.005,0.265095732022749,1.8,3.08,2.75,8.1479999075,3.23,1.155,1.52189904772582,0.256037151702786,2
11464,JT60U,19990300,33654,8.351,0.252541465562498,1.81,3.08,2.93,9.3450000171,3.23,1.158,1.53005769612963,0.254179566563467,2
11465,JT60U,19990300,33654,8.458,0.241576606224017,1.8,3.08,2.87,9.4379999605,3.23,1.155,1.53279413701531,0.253560371517028,2
11466,JT60U,19990300,33655,7.004,0.243414480378088,1.8,3.08,3.15,5.997999781,3.24,1.162,1.49676349971888,0.258950617283951,2
11467,JT60U,19990300,33655,7.533,0.248128030630536,1.8,3.07,3.2,6.810999933,3.24,1.162,1.51018777505654,0.257407407407407,2
11468,JT60U,19990300,33655,8.025,0.246998287615074,1.8,3.07,4.05,8.744999898,3.24,1.162,1.52286807339503,0.255555555555556,2
11469,JT60U,19990300,33655,8.37,0.221317993254837,1.8,3.08,3.9,10.075999548,3.24,1.164,1.53300101006821,0.254320987654321,2
11470,JT60U,19990300,33662,8.33,0.264713788000184,1.8,3.08,2.68,7.4419999611,3.23,1.166,1.51485127615053,0.259752321981424,2
11471,JT60U,19990300,33663,7.856,0.327896704990527,1.8,3.08,2.43,5.885999983,3.24,1.157,1.49603043660199,0.260185185185185,2
11472,JT60U,19990300,33663,7.963,0.316808924891945,1.8,3.08,2.63,6.0920000933,3.24,1.157,1.50222426632991,0.259259259259259,2
11473,JT60U,19990300,33663,8.428,0.257128311130258,1.8,3.08,3.05,7.8559999524,3.24,1.156,1.51650191170489,0.256481481481481,2
11474,JT60U,19990300,33670,9.369,0.187891441257031,1.8,3.07,4.45,10.5379999576,3.24,1.168,1.53300101006821,0.254320987654321,2
11475,JT60U,20000608,36715,6.4,0.261992619926199,1.5,3.74,3.1,13.55,3.22,1.36,1.42887600232713,0.246583850931677,2
11476,JT60U,20001100,37818,7.4,0.162866449511401,0.998,2.09,1.866,7.1838,3.33,1.453,1.30021316395594,0.246846846846847,2
11477,JT60U,20001100,37818,8.4,0.13822316352692,0.998,2.09,1.979,8.971,3.33,1.486,1.32120451866255,0.243543543543544,2
11478,JT60U,20001100,37819,7.4,0.167270314357599,0.998,2.09,1.904,7.2338,3.33,1.469,1.31305965393901,0.244744744744745,2
11479,JT60U,20001100,37819,8.4,0.147921760391198,0.999,2.09,1.983,8.18,3.33,1.467,1.33446228803507,0.241441441441441,2
11480,JT60U,20001100,37820,7.4,0.153502651409433,1,2.09,1.872,7.166,3.33,1.463,1.30175486786007,0.247147147147147,2
11481,JT60U,20001100,37820,8.4,0.153827664944117,0.999,2.09,2.074,8.321,3.34,1.486,1.33764747830978,0.241317365269461,2
11482,JT60U,20001100,37822,7.4,0.141204157677976,0.999,2.09,2.004,7.6485,3.32,1.454,1.30344607073971,0.246385542168675,2
11483,JT60U,20001100,37822,8.4,0.126383032503418,0.999,2.1,1.984,8.7037,3.32,1.471,1.32791507492251,0.241867469879518,2
11484,JT60U,20001100,37826,7.9,0.118362124120282,0.997,2.09,2.45,7.815,3.32,1.451,1.30187007908632,0.246084337349398,2
11485,JT60U,20001100,37826,8.9,0.106558253985236,1,2.09,2.45,9.347,3.32,1.459,1.32294805547121,0.242771084337349,2
11486,JT60U,20001100,37827,7.45,0.103367170091607,0.997,2.09,3.064,8.078,3.32,1.449,1.28765079157761,0.248795180722892,2
11487,JT60U,20001100,37827,7.5,0.0980182745935683,0.997,2.09,2.998,8.427,3.32,1.449,1.28609754278204,0.248493975903614,2
11488,JT60U,20001100,37827,7.59,0.109931865828092,0.998,2.09,2.915,7.632,3.33,1.452,1.28609754278204,0.247747747747748,2
11489,JT60U,20001100,37827,7.7,0.103278828449842,0.998,2.09,2.797,8.2011,3.32,1.45,1.2876564396883,0.24789156626506,2
11490,JT60U,20001100,37827,7.9,0.103232030873131,0.997,2.09,2.676,8.292,3.32,1.451,1.29077426111942,0.248493975903614,2
11491,JT60U,20001100,37827,8.02,0.107674829588488,0.998,2.09,2.607,7.922,3.32,1.45,1.28609754278204,0.248493975903614,2
11492,JT60U,20001100,37827,8.9,0.101823396844909,0.998,2.09,2.483,9.762,3.33,1.458,1.31148385625517,0.244444444444444,2
11493,JT60U,20001100,37833,7.35,0.130888911486555,0.997,2.09,2.533,6.8837,3.33,1.455,1.29235591574556,0.247147147147147,2
11494,JT60U,20001100,37833,7.88,0.134761470677606,0.997,2.09,2.365,6.582,3.33,1.456,1.29705539180281,0.247147147147147,2
11495,JT60U,20001100,37833,7.9,0.128481843371737,0.997,2.09,2.377,6.857,3.33,1.455,1.29390910941537,0.247447447447447,2
11496,JT60U,20001100,37833,8.9,0.124291058284059,0.997,2.09,2.4,8.287,3.33,1.464,1.32288158984121,0.242942942942943,2
11585,JT60U,20010400,38934,7.33,0.141004120250267,0.996,2.08,2.182,6.553,3.4,1.443,1.29868896829175,0.240588235294118,2
11586,JT60U,20010400,38934,7.56,0.149419438404959,0.996,2.08,2.162,6.4851,3.34,1.445,1.29868896829175,0.244910179640719,2
11610,JT60U,20010400,39044,7,0.151742788461538,0.999,2.08,2.022,6.656,3.34,1.455,1.29705539180281,0.246407185628743,2
11611,JT60U,20010400,39044,8,0.16897458369851,0.997,2.08,1.948,5.705,3.34,1.446,1.30501048817093,0.245209580838323,2
11612,JT60U,20010400,39045,7,0.15245950294453,0.997,2.08,2.189,6.4017,3.34,1.443,1.29866008159151,0.245808383233533,2
11614,JT60U,20010400,39046,7,0.138521946021691,0.996,2.08,2.374,6.8509,3.34,1.444,1.29235591574556,0.246407185628743,2
11615,JT60U,20010400,39046,8,0.156580050293378,0.997,2.08,2.177,5.965,3.34,1.447,1.29393768129481,0.245808383233533,2
11616,JT60U,20010400,39053,7,0.144043110981649,0.997,2.08,2.411,6.866,3.33,1.449,1.29545097945681,0.247747747747748,2
11617,JT60U,20010400,39060,7,0.111647555823778,0.996,2.08,3.109,7.6222,3.34,1.438,1.28142106824912,0.248802395209581,2
11618,JT60U,20010400,39060,8,0.110186092066601,0.996,2.08,3.181,7.7596,3.34,1.439,1.27834810710422,0.248203592814371,2
11619,JT60U,20010400,39063,7,0.11441647597254,0.997,2.08,2.886,7.4727,3.34,1.441,1.27374422570265,0.249101796407186,2
11620,JT60U,20010400,39063,8,0.112980426238439,0.996,2.08,2.917,7.7093,3.34,1.443,1.27834258030808,0.249101796407186,2
11701,JT60U,20010706,39713,6.5,0.243078626799557,1.8,4.09,4,18.06,3.23,1.34,1.49064688726339,0.240247678018576,2
11752,JT60U,20041021,44104,8.3,0.113392857142857,1,2.398,2.56,11.2,3.363,1.4986,1.32885322178482,0.23847754980672,2
11798,JT60U,20060131,45424,7,0.128800932616261,0.9061,1.58382019792536,1.82666666666667,6.5224683,3.3548,1.3168,1.32448809202615,0.263294384165971,2
11799,JT60U,20060131,45430,11,0.139392942881809,0.9021,1.58676084883166,1.84,6.4558505,3.3552,1.3171,1.32205345224685,0.263322603719599,2
11800,JT60U,20060201,45436,18,0.142370789463969,0.9023,1.58345774858167,1.78571428571429,6.744361,3.349,1.3248,1.33266090995284,0.261242161839355,2
11801,JT60U,20020201,45446,11,0.130680751397801,0.9041,1.58301031665573,1.68888888888889,6.8403341,3.3538,1.3272,1.3240535185935,0.263343073528535,2
11802,JT60U,20060202,45454,19,0.12885197108093,0.9021,1.58636715724245,1.75111111111111,7.1423044,3.3566,1.3296,1.3223425661218,0.263719239706846,2
11803,JT60U,20060223,45570,7,0.120933161491774,0.9011,1.58109719737627,1.80888888888889,7.6471994,3.354,1.3288,1.33074648204356,0.262194394752534,2
11809,MAST,20030307,8246,0.272,0.0285700991891575,0.771111,-0.473657,4.9037,2.8670674,0.825198,1.433755,1.62926112560948,0.660408774621364,2
11812,MAST,20030326,8414,0.272,0.0309519632478456,0.783586,-0.491514,4.75033,2.2486845,0.805378,1.482529,1.69810677639722,0.682839610716955,2
11813,MAST,20030326,8416,0.27,0.0298721732734796,0.782058,-0.492936,5.05301,2.34291457,0.80316,1.488688,1.70959102093363,0.688378405299069,1.94
11814,MAST,20030326,8419,0.265,0.0296633843967953,0.775926,-0.4845,4.89913,2.361357324,0.817718,1.486725,1.69870196916081,0.677821694031439,1.94
11815,MAST,20030327,8449,0.27,0.0369695159829302,0.786295,-0.494834,3.82195,1.88980835,0.800355,1.490716,1.67779494306322,0.699373403052395,1.94
11816,MAST,20030402,8493,0.285,0.0384556489378486,0.782867,-0.493662,3.071,1.68062435,0.80223,1.491292,1.62759545999069,0.697432157859965,1.94
11817,MAST,20030402,8498,0.28,0.0452959311514425,0.784352,-0.494644,3.54141,1.9716782,0.801241,1.525458,1.6597715228035,0.713966209916866,1.94
11818,MAST,20030606,9162,0.26,0.0311722953913383,0.783681,-0.480888,4.17601,1.8739236,0.823949,1.457884,1.64564985743751,0.668879991358688,2
11819,MAST,20030625,9429,0.21,0.0246441560733005,0.748551,-0.452802,4.3503,2.2398373,0.772113,1.463015,1.69010570401509,0.698875682704475,2
11820,MAST,20040922,11063,0.29,0.0403875504376295,0.791127,-0.447316,4.1981,1.9467608,0.843983,1.467348,1.60409075780189,0.702621972243517,2
11821,MAST,20040922,11086,0.26,0.0434093268077702,0.703875,-0.482183,3.35285,1.2503442,0.845752,1.456586,1.61262743322928,0.701028197391197,2
11822,MAST,20040930,11209,0.28,0.0350284507107978,0.708197,-0.502381,3.44135,1.6329469,0.845917,1.460491,1.59505683193165,0.697965639654954,2
11823,MAST,20050316,12429,0.33,0.045658568555064,0.756248,-0.507546,3.1361,1.434285,0.80251,1.418022,1.61207257406801,0.684255647904699,2
11824,MAST,20050316,12430,0.35,0.0496392892613266,0.753833,-0.506089,3.28419,1.3846552,0.80505,1.416291,1.59371618809204,0.679616172908515,2
11825,MAST,20050316,12431,0.34,0.049435660059399,0.751872,-0.495692,3.1898,1.4072635,0.821734,1.421889,1.59319376005309,0.671523875122607,2
11826,MAST,20050316,12432,0.35,0.0504041917906893,0.749651,-0.492498,3.41427,1.5062775,0.827247,1.425786,1.58211920627156,0.671254171970403,2
11827,MAST,20050322,12527,0.3,0.0355412545704217,0.736546,-0.504419,4.49167,2.0995601,0.80754,1.436997,1.65386173321389,0.693782351338633,2
11828,MAST,20050505,12794,0.26,0.034233269502048,0.746696,-0.467613,3.48014,1.8402157,0.809167,1.430643,1.65002333912519,0.695316294411413,2
11829,MAST,20050512,12877,0.3,0.0414089389633084,0.73948,-0.502552,4.13145,1.98736558,0.812979,1.445919,1.64377137383959,0.694907248526715,2
11830,MAST,20050512,12884,0.31,0.0356665731865694,0.738465,-0.506562,3.50219,1.9109237,0.807463,1.442797,1.6191866635319,0.705349966500013,2
11831,MAST,20050512,12885,0.32,0.0389755142179843,0.736842,-0.503988,4.52904,2.0649657,0.811194,1.442512,1.6591039827475,0.69325710002786,2
11832,MAST,20050512,12886,0.31,0.040146460875155,0.73477,-0.504043,4.65031,2.066966756,0.810772,1.443473,1.64708417937124,0.695017834853695,2
11833,MAST,20050512,12887,0.31,0.0389391085602821,0.736699,-0.503109,4.42513,2.01825627,0.812065,1.399687,1.62728872064265,0.687731893382919,2
11835,MAST,20050525,13015,0.31,0.0437093052326728,0.733806,-0.50202,4.56001,1.9071248,0.813446,1.443519,1.64447440656916,0.694111225576129,2
11836,MAST,20050525,13018,0.31,0.0379510363109532,0.734965,-0.502088,4.54739,2.2311064,0.812974,1.442741,1.65923979216428,0.690822830742435,2
11837,MAST,20050525,13019,0.28,0.039413011549896,0.746714,-0.502257,4.25343,1.9940699,0.813832,1.437149,1.65059492599803,0.693645617277276,2
11838,MAST,20050525,13023,0.26,0.0359187640902066,0.753431,-0.499375,3.54684,1.8972841,0.81777,1.42622,1.67797962520756,0.683967374689705,2
11839,MAST,20050525,13026,0.235,0.0394369757972617,0.750336,-0.498896,3.32627,1.5457879,0.819122,1.427651,1.68202921694062,0.691076542932555,2
11840,MAST,20050616,13292,0.29,0.042728781026842,0.741084,-0.461861,3.35874,1.5091046,0.816188,1.44498,1.60171569891178,0.705326468901773,2
11841,MAST,20050616,13300,0.27,0.0329758282506537,0.746502,-0.459206,3.29948,1.8515168,0.820887,1.436368,1.61825694168058,0.6985151427663,2
11842,MAST,20051012,14229,0.3,0.0323609110037209,0.733638,-0.501154,4.22803,2.0668763,0.811677,1.434261,1.62265037170315,0.700736869469013,2
11843,MAST,20051103,14495,0.3,0.0392113800759114,0.727453,-0.482648,4.32372,2.0098706,0.842174,1.441572,1.62022477298751,0.683534518994887,2
11844,MAST,20051103,14507,0.365,0.0254365711178713,0.62514,-0.464683,4.52544,2.0458866,0.853783,1.269205,1.49084966451282,0.593726977463829,2
11845,MAST,20051103,14508,0.33,0.0261615613649137,0.620234,-0.462804,4.54298,2.1388517,0.857434,1.279751,1.4934722074785,0.593013573056352,2
11846,MAST,20051111,14639,0.34,0.0290457618557947,0.628056,-0.457857,2.90121,1.8072344,0.866278,1.294916,1.4743852765676,0.594039095994588,2
11847,MAST,20051111,14650,0.28,0.036767478022606,0.73426,-0.490589,3.87216,1.8880082,0.828532,1.431105,1.6337005640094,0.688722946126402,2
11848,MAST,20051111,14653,0.3,0.0382031412572776,0.729029,-0.491038,4.25288,1.9697909,0.827826,1.439306,1.61874817429826,0.691252751182012,2
11849,MAST,20051111,14657,0.3,0.0362394308631815,0.724579,-0.49055,4.55295,2.0738212,0.828609,1.436675,1.62076714699311,0.690136119689745,2
11850,MAST,20051111,14658,0.27,0.0379285775175034,0.736282,-0.489578,4.1388,1.865211,0.829895,1.429201,1.64064960766713,0.684790244549009,2
11851,NSTX,20020516,108420,0.4,0.0380284822578556,0.794,0.4434,4.49,4.09167,0.87,1.5091,1.8923316512279,0.695402298850575,2
11853,NSTX,20020604,108729,0.59,0.0506832437275986,0.8062,0.4936,6.319,3.5712,0.8778,1.5023,1.9240563271026,0.674982911825017,2
11854,NSTX,20020604,108730,0.59,0.046720926592581,0.8081,0.4932,6.447,3.8334,0.8776,1.4881,1.92679469657115,0.67035095715588,2
11855,NSTX,20020604,108731,0.59,0.0502741853465455,0.8056,0.4936,6.264,3.63805,0.8783,1.4979,1.91680433868598,0.675395650688831,2
11857,NSTX,20020614,109079,0.5,0.0518070429738211,0.8067,0.4934,5.133,3.30457,0.8864,1.5004,1.9183018826322,0.677120938628159,2
11859,NSTX,20040413,112064,0.44,0.0344861885963612,1.02791,0.438921,5.5637524,5.428811,0.839806,1.747761,1.9166091298972,0.726324889319676,2
11860,NSTX,20040413,112065,0.5,0.0340087694474834,1.02395,0.439496,6.2104566,5.403077,0.834139,1.744293,1.963238179547,0.719187089921464,2
11861,NSTX,20040413,112066,0.39,0.0281381227999553,1.02642,0.438881,5.3003047,5.211826,0.833068,1.727971,1.92128553814235,0.72708470376968,2
11862,NSTX,20040413,112067,0.35,0.0325565011499161,1.02805,0.438851,4.8481246,5.15255,0.83181,1.743508,1.96968521504888,0.720761952849809,2
11863,NSTX,20040413,112073,0.4,0.0307667167377928,0.815417,0.438702,5.1711039,3.977675,0.856354,1.790296,2.0185712203254,0.714312071876817,2
11865,NSTX,20040413,112074,0.45,0.0249309975617589,0.817255,0.387969,5.4951238,5.592556,0.859069,1.796302,2.07195871324309,0.705484658391817,2
11866,NSTX,20040413,112087,0.37,0.0253366803678676,0.967908,0.373745,4.487561,5.138479,0.850407,1.70967,2.16613081237292,0.692881173367576,2
11869,NSTX,20040415,112157,0.43,0.0358751090554262,0.813431,0.439179,5.5265249,3.7958909,0.857921,1.785637,2.05047117045378,0.70844634878969,2
11870,NSTX,20040415,112158,0.42,0.0279884269873882,0.820018,0.438509,5.6649093,5.3479247,0.860838,1.801291,2.06863960168069,0.703772370643489,2
11871,NSTX,20040415,112159,0.44,0.0466366701217661,0.809553,0.439163,4.4138536,1.91022,0.865127,1.616543,1.88483029722778,0.724824216560112,2
11873,NSTX,20040415,112162,0.46,0.0375312474223507,0.808881,0.439123,4.6748577,2.970245,0.864747,1.761779,1.92091799124556,0.725756782041453,2
11874,NSTX,20040415,112163,0.43,0.0310428779494324,0.813986,0.439134,5.5614688,3.8857222,0.858179,1.786045,2.02922679542404,0.711297992609933,2
11875,NSTX,20040415,112164,0.43,0.0458107410847228,0.810274,0.439397,4.3509111,2.03499,0.866403,1.757166,1.88389584374189,0.727622134272388,2
11877,NSTX,20040415,112170,0.36,0.0239290242199123,0.637773,0.438861,4.8181686,4.383129,0.855449,1.75042,1.91781353695952,0.72565985815636,2
11878,NSTX,20040415,112171,0.4,0.0271167391761591,0.63562,0.439446,3.9362036,3.4640522,0.859379,1.740395,1.84022868017708,0.745703583634229,2
11879,NSTX,20040415,112172,0.36,0.0224754358884606,0.632122,0.439437,3.1414068,2.7094202,0.861137,1.736339,1.79686152360241,0.751369410442241,2
11893,NSTX,20040423,112412,0.39,0.0314609506080791,1.01166,0.391063,5.2669855,4.2448177,0.856211,1.626159,2.03320315635009,0.704228280178601,2
11894,NSTX,20040423,112413,0.39,0.0323308405547705,1.01107,0.390716,5.4487547,4.3539233,0.857148,1.629251,2.04943376911759,0.700864961476898,2
11896,NSTX,20040427,112453,0.36,0.0483695010753398,1.02259,0.439397,4.1778708,3.270594,0.844066,1.736143,1.82379258997432,0.741280895095881,2
11897,NSTX,20040427,112461,0.46,0.0341735557218322,1.01688,0.439407,5.4829381,4.147037,0.865683,1.624666,1.86737477958296,0.75094231953267,2
11898,NSTX,20040427,112467,0.42,0.0359414952092367,1.01361,0.439281,5.4604939,4.479975,0.851916,1.591081,1.87570206553962,0.747024354513825,2
11899,NSTX,20040429,112533,0.5,0.0273092410654612,0.81324,0.439226,5.3928239,5.266752,0.866381,1.600518,2.07330264561498,0.693827542386086,2
11900,NSTX,20040429,112537,0.65,0.034179895891453,0.809702,0.438365,5.8103707,4.8595818,0.881417,1.646999,2.13605804919153,0.682126621111233,2
11907,NSTX,20040430,112575,0.5,0.0236803904119881,1.01649,0.439282,6.4183308,7.0201123,0.853628,1.798106,2.28689387351942,0.675856462065443,2
11908,NSTX,20040430,112579,0.5,0.0247010034972842,1.01636,0.438788,6.4491918,6.408687,0.867637,1.783037,2.31942146125858,0.662416425302287,2
11909,NSTX,20040430,112581,0.55,0.0226456298694443,1.01482,0.439195,6.6031859,6.9179352,0.875669,1.802593,2.18080854767396,0.673599270957405,2
11910,NSTX,20040430,112594,0.62,0.0402809406682558,1.20677,0.438893,7.159936,4.9740894,0.876371,1.693323,2.11998431441514,0.687849095873779,2
11911,NSTX,20040430,112596,0.65,0.0311396635977004,1.21485,0.438935,6.763862,7.119987,0.881095,1.730048,2.1490052601257,0.680376122892537,2
11912,NSTX,20040430,112600,0.4,0.0229765226812708,1.22605,0.407049,5.6019453,6.889032,0.86361,1.841141,2.15790548628966,0.68112805548801,2
11914,NSTX,20040623,113432,0.61,0.0344582848939216,1.21491,0.439421,6.5756036,6.682747,0.879276,1.701027,2.08421960948512,0.688599484121027,2
11915,NSTX,20040623,113434,0.62,0.0341985079449168,1.20873,0.439675,6.5788034,6.527507,0.890869,1.69619,2.08572691550423,0.683049920919911,2
11916,NSTX,20040623,113451,0.64,0.0325311450237532,1.2036,0.43925,6.0092649,6.439552,0.898069,1.687159,2.04786834419301,0.681551194841376,2
11918,NSTX,20040706,113655,0.46,0.025023930279371,0.811635,0.34075,5.7293495,5.3444842,0.853765,1.653294,2.20144324501184,0.684958975830586,2
11923,NSTX,20040714,113853,0.28,0.0272494738181238,0.816719,0.293675,4.5166955,3.104915,0.854187,1.653481,2.17737788955751,0.686827357475588,2
11924,NSTX,20040714,113855,0.25,0.0190103969841983,0.714454,0.293823,4.219252,3.770805,0.848533,1.71994,2.10694893377297,0.709280605468497,2
11929,NSTX,20040714,113863,0.23,0.0175405164198501,0.80327,0.293395,4.4399215,4.5580471,0.850033,1.711546,2.16422349753715,0.685112225054792,2
11930,NSTX,20040714,113864,0.28,0.0211576631399319,0.820603,0.293434,4.7073024,4.188766,0.863003,1.701788,2.1431905150162,0.676623372108788,2
11931,NSTX,20040714,113865,0.36,0.0266630775870595,0.807626,0.293448,4.9624609,3.558944,0.863562,1.632815,2.07753463338181,0.696633246946948,2
11932,NSTX,20040715,113920,0.28,0.0185441673889181,0.809342,0.293335,3.8538443,4.0741813,0.853023,1.623896,2.04568895119249,0.703911852318167,2
11937,NSTX,20040716,113954,0.27,0.0212727213314561,0.808951,0.292823,3.7281342,3.580501,0.851274,1.749172,1.94026929333445,0.740317453604832,2
11938,NSTX,20040722,114112,0.23,0.0193242259157982,0.98519,0.293335,4.0403823,4.248698,0.853795,1.712722,2.20393357644955,0.692512839733191,2
11939,NSTX,20040722,114113,0.25,0.0246663208644655,0.818038,0.293335,4.0816845,3.33524,0.859191,1.720432,2.08304364041319,0.705689421793292,2
11942,NSTX,20040726,114144,0.31,0.027127939155406,0.81911,0.293335,4.5956163,3.259057,0.869075,1.699708,2.13782282229758,0.671970773523574,2
11943,NSTX,20040726,114145,0.32,0.0182208833340445,1.20329,0.292627,5.7299952,6.2922855,0.852872,1.810349,2.0626186418374,0.715785018150438,2
11944,NSTX,20040726,114147,0.22,0.0247069222914397,0.927522,0.261251,4.3810804,3.171002,0.854591,1.736239,2.08992523515349,0.705443890703272,2
11946,NSTX,20040726,114149,0.27,0.0160455693854349,1.11322,0.275532,5.3576419,6.32517286,0.857191,1.74978,2.16453321839193,0.69197996712518,2
11947,NSTX,20040726,114150,0.25,0.0200550750001759,1.04166,0.275683,4.8667891,5.257921,0.854114,1.757006,2.1325339484799,0.697975914222223,2
11948,NSTX,20040726,114151,0.25,0.0192094933321223,1.04097,0.28397,5.1218912,5.7958322,0.857543,1.771571,2.1343578954496,0.686629125303337,2
11949,NSTX,20050503,115495,0.55,0.046643090784838,0.7878,0.4396,5.136,3.01438,0.854,1.5398,2.12033153199433,0.689110070257611,2
11950,NSTX,20050503,115498,0.27,0.0365343475160447,0.8914,0.4396,4.102,2.5242,0.8294,1.6323,2.33722121834035,0.679768507354714,2
11951,NSTX,20050509,115620,0.48,0.026698485569521,0.8885,0.4396,6.472,5.71568,0.8404,1.6799,2.07879875644235,0.72013326987149,2
11952,NSTX,20050509,115621,0.555,0.0412844986438643,0.9887,0.4396,7.176,4.8299,0.8531,1.6491,2.11325426047834,0.706833899894502,2
11953,NSTX,20050509,115630,0.58,0.0486863861840897,0.9822,0.4392,7.051,3.8101,0.8525,1.648,2.14620233885975,0.696774193548387,2
11954,NSTX,20050509,115634,0.405,0.0293987918304727,0.9949,0.4396,6.375,5.2145,0.8453,1.7368,2.28979290555844,0.688986158760203,2
11955,NSTX,20050509,115635,0.565,0.0403401305714516,0.9876,0.44,7.058,4.9628,0.8487,1.6954,2.19007769319777,0.699658300930835,2
11956,NSTX,20050509,115637,0.57,0.0396059509449136,0.9875,0.4395,7.102,4.974,0.8473,1.6746,2.1602452545012,0.708249734450608,2
11959,NSTX,20050510,115661,0.45,0.0404012901604323,0.9918,0.4396,6.61,4.7746,0.8304,1.7225,2.35975975791195,0.697495183044316,2
11964,NSTX,20050513,115763,0.6,0.0519923290006392,0.883,0.4396,7.152,4.2237,0.8328,1.6699,2.11404885595901,0.715177713736792,2
11965,NSTX,20050513,115764,0.49,0.0481158788934873,0.989,0.4396,6.763,4.591,0.8326,1.6539,2.10172452819512,0.720634158059092,2
11966,NSTX,20050516,115777,0.56,0.041684736855532,0.7953,0.4397,5.015,3.9199,0.8436,1.6271,2.01315730678074,0.736130867709815,2
11967,NSTX,20050516,115785,0.58,0.0413493213862169,0.79,0.4396,4.741,3.7945,0.8457,1.6155,1.98330953548795,0.738441527728509,2
11968,NSTX,20050516,115787,0.51,0.0331244692781688,0.7889,0.4396,4.587,4.03931,0.8492,1.6395,2.02595933428294,0.728214790390956,2
11969,NSTX,20050516,115788,0.55,0.0409398594116116,0.7902,0.4395,4.116,3.0728,0.8495,1.6021,2.01720578786157,0.727133608004709,2
11970,NSTX,20050516,115791,0.55,0.0359872668282526,0.7933,0.4396,4.683,3.92361,0.8399,1.6115,1.98949516959994,0.746041195380402,2
11971,NSTX,20050516,115792,0.475,0.0335179013009354,0.7935,0.4395,4.421,3.7204,0.8736,1.6557,1.94125422432229,0.727449633699634,2
11972,NSTX,20050518,115856,0.45,0.0470728126271914,0.995,0.4398,6.426,4.69273,0.8334,1.7106,2.24022588530239,0.705063594912407,2
11973,NSTX,20050518,115857,0.58,0.049364541015989,0.9911,0.4396,7.843,5.3662,0.8317,1.6946,2.17634593802169,0.708789226884694,2
11974,NSTX,20050518,115858,0.565,0.0432751942655732,0.989,0.4396,7.699,5.39339,0.8608,1.7146,2.15582864478232,0.700278810408922,2
11975,NSTX,20050518,115859,0.57,0.0442471303424279,0.9878,0.4396,7.699,5.38566,0.8602,1.7019,2.13251627384925,0.703441060218554,2
11976,NSTX,20050518,115861,0.57,0.0394393051338182,0.9868,0.4395,7.372,5.6644,0.8569,1.7048,2.1425894264973,0.710351266192088,2
11977,NSTX,20050518,115862,0.43,0.0361579842419718,0.9852,0.4396,6.716,5.54511,0.8542,1.7537,2.21471198700054,0.704401779442754,2
11979,NSTX,20050518,115864,0.44,0.0313912864775997,0.9998,0.4397,6.226,5.8392,0.8554,1.7259,2.12032819704738,0.719897124152443,2
11980,NSTX,20050518,115867,0.62,0.0390693590869184,0.7952,0.4396,5.09,3.8726,0.8581,1.605,2.024454474684,0.717515441090782,2
11982,NSTX,20050518,115869,0.47,0.0383097052908608,0.7902,0.4396,5.033,4.0277,0.8467,1.6762,2.09752013086704,0.721034604936814,2
11983,NSTX,20050518,115872,0.55,0.0463220482264689,0.7446,0.4398,4.652,3.18207,0.8458,1.6456,2.01764717156057,0.736698983211161,2
11987,NSTX,20050602,116049,0.49,0.049719857222271,0.9882,0.4396,7.25,5.46864,0.8304,1.6796,2.23707066334574,0.696652215799615,2
11988,NSTX,20050606,116137,0.51,0.0442585472657596,0.8889,0.4395,6.538,4.137054,0.8368,1.6488,2.09277823422227,0.709727533460803,2
11989,NSTX,20050606,116141,0.48,0.0484532332879941,0.8892,0.4396,6.545,4.01418,0.8299,1.6443,2.24527867798242,0.691047114110134,2
11990,NSTX,20050606,116143,0.68,0.0474800308153915,0.8834,0.4395,7.372,4.9326,0.8612,1.6752,2.20624776229924,0.672085462145843,2
11991,NSTX,20050607,116157,0.57,0.0495894141173467,0.8911,0.4397,7.146,4.7006,0.8415,1.7141,2.26482815659596,0.675935828877005,2
11992,NSTX,20050607,116166,0.51,0.0482438515135472,0.8977,0.4394,6.459,4.70319,0.8347,1.6819,2.21969661833205,0.68982868096322,2
11993,NSTX,20050607,116167,0.7,0.0517864397357224,0.8995,0.4397,7.403,4.6769,0.8652,1.6984,2.21512232397343,0.672792417938049,2
11994,NSTX,20050607,116173,0.68,0.0426323945559898,0.8966,0.4394,7.365,5.9368,0.8621,1.7284,2.26657011372191,0.665236051502146,2
11995,NSTX,20050608,116191,0.44,0.0320315703157032,0.8977,0.4396,6.307,5.8536,0.8378,1.7021,2.17980146438016,0.706612556696109,2
11996,NSTX,20050608,116192,0.5,0.0311989569888438,0.896,0.4397,6.696,6.12841,0.8339,1.6914,2.19937293284024,0.705720110324979,2
11997,NSTX,20050613,116278,0.51,0.035563901217708,1.283,0.4397,7.773,7.0296,0.8592,1.735,2.20839528398049,0.696694599627561,2
11998,NSTX,20050613,116300,0.93,0.0417051714412587,0.7397,0.4398,6.899,4.99938,0.8542,1.7042,2.2545342208181,0.677476000936549,2
11999,NSTX,20050614,116313,0.9,0.0356448357422502,0.7392,0.4396,7.084,5.42014,0.8603,1.7362,2.29535250932989,0.665116819714053,2
12000,NSTX,20050614,116316,0.82,0.0430641266434129,0.6878,0.4112,6.216,4.4724,0.8571,1.7307,2.24159489322779,0.679267296698168,2
12001,NSTX,20050614,116318,0.95,0.0423952903794466,0.6888,0.4109,6.662,4.59485,0.8584,1.7116,2.26169345593002,0.674510717614166,2
12003,NSTX,20050623,116614,0.565,0.0431303158868357,0.8461,0.4399,6.091,4.9733,0.8344,1.6708,2.12716981166136,0.724472674976031,2
12004,NSTX,20050706,116841,0.51,0.0355186752395083,0.9897,0.4399,6.173,5.4591,0.8693,1.7877,2.21933756775788,0.689520303692626,2
12005,NSTX,20050706,116841,0.84,0.0375588668073734,0.9847,0.4399,7.78,5.69506,0.8818,1.6362,2.27774872122577,0.65990020412792,2
12006,NSTX,20050708,116920,0.5,0.0361756738607749,0.8906,0.4399,6.76,5.346134,0.8647,1.6985,2.02905712202464,0.726841679195096,2
12007,NSTX,20050708,116930,0.47,0.0390626447021867,0.8924,0.4399,5.98,5.39902,0.856,1.6997,2.06305394317524,0.728154205607477,2
12008,NSTX,20050708,116931,0.4,0.0314708141321045,0.8917,0.4399,5.82,5.208,0.8594,1.6991,2.04977453378397,0.732371421922271,2
12009,NSTX,20050708,116946,0.52,0.0342558403100208,0.8811,0.4399,5.874,5.4706,0.8548,1.6685,2.01761990510424,0.740992044922789,2
12010,NSTX,20050713,117069,0.6,0.0460162943654978,0.8991,0.4399,6.3,4.61141,0.8329,1.6671,2.12003822840326,0.716652659382879,2
12011,NSTX,20050713,117070,0.57,0.0394946808510638,0.8945,0.4399,6.066,4.512,0.8384,1.6678,2.11710398381287,0.715291030534351,2
12012,NSTX,20050715,117126,0.55,0.0335244960900175,0.8996,0.4399,6.76,5.51537,0.8312,1.6945,2.2678041511229,0.698267564966314,2
12013,NSTX,20050715,117127,0.55,0.0304320807135546,0.8889,0.4399,6.368,5.4712,0.831,1.684,2.17512576267655,0.711672683513839,2
12014,NSTX,20050715,117130,0.65,0.0392032427120865,0.8884,0.44,6.752,4.8848,0.8604,1.7019,2.12927770230755,0.698628544862854,2
12015,NSTX,20050715,117131,0.62,0.0412113894758024,0.8874,0.4399,6.626,4.9695,0.8361,1.6811,2.15251735204681,0.710441334768568,2
12016,NSTX,20050715,117132,0.75,0.039881212651217,0.8927,0.4396,7.059,5.4888,0.8337,1.6735,2.18487938781273,0.705409619767302,2
12017,NSTX,20050715,117133,0.79,0.0401088669245094,0.8898,0.4399,6.794,4.8867,0.8342,1.6494,2.08704202794898,0.721169983217454,2
12018,NSTX,20050715,117138,0.49,0.0348363206680354,0.7938,0.4399,5.882,5.06081,0.8367,1.7116,2.18247105529498,0.708139117963428,2
12019,NSTX,20050715,117142,0.55,0.0432301537165719,0.8959,0.4398,6.428,4.749,0.8343,1.6915,2.17782343012988,0.706340644851972,2
12020,NSTX,20050715,117144,0.615,0.0369038640310105,0.8888,0.4396,7.016,5.7013,0.837,1.6827,2.17316239264202,0.705854241338112,2
12021,NSTX,20050715,117146,0.66,0.0326666936639342,0.7391,0.44,5.15,5.18571,0.8739,1.7286,2.15853200542654,0.68920929168097,2
12022,NSTX,20050715,117147,0.65,0.0320710180623974,0.738,0.44,5.293,5.06688,0.8799,1.7471,2.20720495068268,0.680077281509262,2
12023,NSTX,20050715,117148,0.65,0.0329122666405188,0.7423,0.4399,5.044,4.69126,0.8699,1.7458,2.18963417362005,0.688699850557535,2
12024,NSTX,20050721,117266,0.44,0.0403940550859013,0.796,0.44,4.299,2.9336,0.9091,1.4299,1.83661206154536,0.68430315696843,2
12026,NSTX,20050721,117272,0.46,0.0247977721787561,0.8005,0.44,4.401,5.2787,0.8827,1.4627,1.834226828626,0.698085419734904,2
12027,NSTX,20050721,117280,0.5,0.0331180459145691,0.7951,0.4399,5.405,4.9701,0.8769,1.7523,2.1843649649457,0.700992131371878,2
12028,NSTX,20050721,117281,0.48,0.031181504564774,0.7917,0.44,5.294,5.2467,0.8628,1.712,2.16166455278117,0.716040797403802,2
12029,NSTX,20050721,117286,0.43,0.0333200053312009,0.789,0.4399,5.607,5.2521,0.8691,1.7557,2.21221976881289,0.70268093429985,2
12030,NSTX,20050722,117297,0.585,0.0363352888325141,0.8874,0.4399,5.133,3.7842,0.9232,1.5742,2.10614574519521,0.674285095320624,2
12031,NSTX,20050722,117307,0.57,0.0354161438728565,0.9884,0.4399,5.889,5.9775,0.8927,1.7145,2.14941251439134,0.688921250140025,2
12033,NSTX,20050726,117389,0.52,0.0334267805762703,0.7953,0.4398,5.682,5.41482,0.8488,1.7517,2.27601100074018,0.688501413760603,2
12034,NSTX,20050726,117392,0.5,0.0383908229745394,0.7994,0.4399,5.891,5.0038,0.8464,1.7396,2.27841433368615,0.695297731568998,2
12035,NSTX,20050726,117395,0.51,0.0352660987450765,0.7896,0.4399,5.808,5.24016,0.8409,1.72,2.24687291522656,0.703175169461292,2
12036,NSTX,20050726,117397,0.9,0.028848536334997,0.7428,0.4395,5.48,5.08518,0.8535,1.6899,2.23160964320409,0.682366725248975,2
12037,NSTX,20050726,117400,0.79,0.0376600497944732,0.6956,0.4116,5.862,4.61497,0.8592,1.728,2.27106228360313,0.674464618249535,2
12038,NSTX,20050727,117404,0.5,0.0370459151430626,0.7919,0.4399,4.865,4.5889,0.9072,1.4581,1.87537096331145,0.678461199294533,2
12039,NSTX,20050727,117405,0.44,0.0275685187304901,0.7832,0.4395,4.662,5.15443,0.8717,1.4505,1.85629421426376,0.709074222783068,2
12040,NSTX,20050727,117407,0.51,0.0371363681434649,0.7903,0.4398,4.847,4.23574,0.8637,1.4541,1.93397931975086,0.692254254949635,2
12041,NSTX,20050727,117410,0.43,0.0335910047011896,0.7846,0.4399,4.393,4.513113,0.847,1.466,1.8765070229543,0.725974025974026,2
12042,NSTX,20050727,117411,0.405,0.0338692819178509,0.7893,0.4399,4.413,4.4967,0.8594,1.4685,1.90854961755612,0.705957644868513,2
12043,NSTX,20050727,117414,0.56,0.0320874977370199,0.7969,0.4399,4.906,4.80561,0.8701,1.4528,1.93079830845566,0.683599586254453,2
12044,NSTX,20050727,117415,0.5,0.0310057216536385,0.8023,0.4399,4.679,4.9636,0.8527,1.4498,1.92377334678908,0.704819983581564,2
12045,NSTX,20050727,117420,0.55,0.0423358042163216,0.986,0.4399,6.424,5.79415,0.8432,1.7176,2.18945299083063,0.712405123339659,2
12046,NSTX,20050727,117424,0.73,0.0395125648253017,0.9915,0.4399,6.999,5.87155,0.8626,1.7185,2.12695774691125,0.708671458381637,2
12047,NSTX,20050727,117427,0.635,0.0379977803276838,0.9901,0.4398,6.375,5.3161,0.8738,1.7028,2.07066805993435,0.712291142137789,2
12048,NSTX,20050727,117431,0.46,0.0283687943262411,0.794,0.4399,5.428,5.0337,0.8627,1.4831,1.94069246264589,0.714269154978556,2
12049,NSTX,20050727,117432,0.46,0.0273382745004627,0.7897,0.4396,5.619,5.45755,0.863,1.4621,1.93585448879492,0.712282734646582,2
12050,NSTX,20050727,117433,0.51,0.0230598909110547,0.7823,0.4395,5.417,5.5551,0.8615,1.4533,1.91510944830868,0.715031921067905,2
12051,NSTX,20050728,117444,0.6,0.0357281446842871,0.7424,0.4399,5.497,5.10242,0.8496,1.7224,2.20876697989818,0.699387947269303,2
12052,NSTX,20050728,117445,0.645,0.0352200837937539,0.7405,0.44,5.15,4.79272,0.871,1.7285,2.15084829391368,0.69414466130884,2
12053,NSTX,20050728,117448,0.9,0.0307564148421469,0.739,0.4399,4.427,4.24952,0.8515,1.6011,2.13727616916468,0.694773928361715,2
12054,NSTX,20050728,117449,0.55,0.0256296917417756,0.7398,0.4399,4.619,5.27123,0.8494,1.6991,2.21565176097229,0.696609371320932,2
12055,NSTX,20050728,117450,0.75,0.0280119601627661,0.7432,0.4399,4.346,4.4481,0.856,1.6116,2.11549973542086,0.700116822429907,2
12056,NSTX,20050728,117454,0.7,0.0409364826487497,0.738,0.4399,5.087,4.3311,0.8827,1.7113,2.09258601536633,0.698198708507987,2
12057,NSTX,20050728,117455,0.55,0.0314878579195361,0.7328,0.4399,5.393,5.29728,0.8397,1.6903,2.21423914035676,0.709062760509706,2
12058,NSTX,20050728,117459,0.63,0.0376361556778272,0.9864,0.4399,6.53,5.44689,0.8744,1.7463,2.15480487446447,0.691788655077768,2
12059,NSTX,20050728,117460,0.47,0.0469025384716559,0.9877,0.4399,6.057,3.8015,0.865,1.696,2.11010944144587,0.703815028901734,2
12060,NSTX,20050728,117461,0.68,0.0443313494984333,0.9884,0.4398,6.615,4.7551,0.8862,1.6998,2.03711390027088,0.701308959602798,2
12061,NSTX,20050728,117463,0.61,0.0449825526065348,0.9884,0.4398,6.666,4.7285,0.8847,1.7233,2.0773966906306,0.692551147281564,2
12062,NSTX,20050808,117520,0.85,0.0443277049426026,0.7396,0.4399,5.786,3.93659,0.8569,1.7116,2.29151648785523,0.668456062551056,2
12063,NSTX,20050808,117522,0.6,0.040749730746355,0.7444,0.4399,4.642,3.73254,0.852,1.7146,2.20455717242194,0.695657276995305,2
12064,NSTX,20050808,117528,0.715,0.0515045929680076,0.7473,0.44,4.62,3.157,0.8797,1.6792,2.05652015698319,0.707968625667841,2
12065,NSTX,20050808,117530,0.55,0.0448589338139445,0.7403,0.4399,4.214,3.52884,0.8437,1.6784,2.1791658069411,0.707597487258504,2
12066,NSTX,20050808,117532,0.7,0.0425065100559588,0.7457,0.44,5.538,4.51225,0.8774,1.7347,2.21742570543928,0.680989286528379,2
12067,NSTX,20050808,117538,0.58,0.0506756148331875,0.6966,0.44,4.927,3.609231,0.8438,1.7089,2.15996624592215,0.713557715098365,2
12068,NSTX,20050808,117539,0.6,0.0377240753346948,0.6926,0.44,4.249,3.5256,0.8523,1.6809,2.04432871704764,0.723336853220697,2
12069,NSTX,20050809,117570,0.57,0.0327004039126546,0.7965,0.4399,5.728,5.26599,0.8557,1.7701,2.28150110930708,0.677924506252191,2
12070,NSTX,20050809,117571,0.51,0.0338638124503118,0.7932,0.4399,5.13,4.94333,0.8435,1.723,2.22531458522001,0.706105512744517,2
12071,NSTX,20050809,117574,0.52,0.0325239132311884,0.7924,0.4399,5.411,5.21155,0.8453,1.7236,2.27817951476745,0.691588785046729,2
12072,NSTX,20050809,117580,0.52,0.0320644386786973,0.794,0.44,5.603,5.1646,0.8437,1.7329,2.27720366184766,0.694322626526016,2
12073,NSTX,20050809,117582,0.52,0.034293456864387,0.7882,0.44,5.522,5.00387,0.8421,1.7053,2.24338284727937,0.702291889324308,2
12074,NSTX,20050811,117634,0.5,0.0420077900522059,0.8868,0.4399,6.194,5.26569,0.8557,1.7112,2.12126149957318,0.716489423863504,2
12075,NSTX,20050811,117635,0.55,0.0322504116030131,0.8898,0.4399,6.317,5.60613,0.8578,1.7016,2.12118755851963,0.715318256003731,2
12076,NSTX,20050811,117637,0.53,0.0332628768494827,0.8936,0.4399,6.264,5.3934,0.8581,1.6968,2.06965037346832,0.725789535019229,2
12077,NSTX,20050811,117640,0.495,0.0400630642304868,0.8879,0.44,5.604,4.6302,0.8592,1.6686,2.02431700450844,0.736266294227188,2
12078,NSTX,20050811,117647,0.43,0.0331977790725846,0.7901,0.4399,5.423,4.99431,0.8703,1.7429,2.21753610045035,0.69883948063886,2
12079,NSTX,20050815,117701,0.5,0.0488513856747756,0.885,0.4399,4.667,3.5434,0.9053,1.666,2.27034601274399,0.656577929967966,2
12080,NSTX,20050815,117707,0.7,0.0417461876262299,0.9817,0.4399,6.569,5.3969,0.851,1.7341,2.11595916885045,0.720916568742656,2
12081,NSTX,20050815,117716,0.5,0.0337953737563959,0.7885,0.4399,6.576,4.11003,0.8609,1.4972,1.77419505816986,0.699965152747125,2
12082,NSTX,20050815,117720,0.5,0.0308721433244002,0.7933,0.44,7.317,4.7389,0.8507,1.5596,1.76951308885428,0.714705536616904,2
12083,NSTX,20050818,117814,0.67,0.0398841865598823,0.9875,0.44,7.263,5.62629,0.8608,1.7604,2.18742142279804,0.702369888475836,2
12084,NSTX,20050818,117818,0.65,0.0522503728687989,0.9864,0.44,7.733,4.10332,0.8677,1.6974,2.11501608674423,0.702662210441397,2
12085,NSTX,20050822,117891,0.48,0.0388219482155484,0.7893,0.4399,5.007,4.27078,0.8715,1.464,1.89576894936232,0.695008605851979,2
12086,NSTX,20050822,117897,0.55,0.046299563824231,0.6917,0.44,5.322,3.54215,0.8742,1.4916,1.93485141657248,0.686456188515214,2
12087,NSTX,20050822,117899,0.6,0.0606751742239117,0.694,0.4396,5.897,2.76225,0.8746,1.4634,1.94984217487221,0.68099702721244,2
12088,NSTX,20050822,117908,0.46,0.0459095836255818,0.8399,0.4402,4.706,3.1366,0.8683,1.4364,1.91233101756499,0.689277899343545,2
12090,NSTX,20050824,117983,0.41,0.0436675671380899,0.789,0.44,4.495,3.1465,0.8583,1.4473,1.91865610125777,0.704998252359315,2
12091,NSTX,20050824,117988,0.42,0.0435667073983559,0.7912,0.4399,5.38,2.304512,0.8582,1.4074,1.89204453990677,0.701118620368213,2
12094,NSTX,20060418,119989,0.71,0.0371480494233176,1.00496,0.439501,8.1135862,6.2399777,0.870228,1.779315,2.24891520917709,0.691591169210828,2
12100,NSTX,20060418,120003,0.7,0.0357924579197847,1.01996,0.439531,8.0486249,6.194657,0.858062,1.703562,2.11127247458895,0.718718460903757,2
12101,NSTX,20060418,120005,0.62,0.0388599862676773,1.02029,0.439526,7.4888866,5.629055,0.863664,1.732154,2.04218959349612,0.723438744697012,2
12102,NSTX,20060418,120007,0.62,0.0413128287404877,1.0194,0.439534,7.3750441,5.794084,0.857342,1.718035,2.14477773486488,0.716201935750261,2
12119,PBXM,19890317,258882,0.448,0.0704987475020406,0.3363,1.421,5.069,1.42116,1.644,1.2849,2.16889965862495,0.164476885644769,2
12123,PBXM,19890317,258932,0.517,0.0478132815089337,0.3318,1.42,6.356,3.3189,1.644,1.31,2.17959009657337,0.155413625304136,2
12127,PBXM,19890317,258943,0.511,0.0417154071301283,0.3476,1.421,6.727,4.01788,1.642,1.3056,2.17133618792641,0.156333739342266,2
12129,PBXM,19890317,258944,0.531,0.0541669803379437,0.3335,1.421,6.324,2.92238,1.641,1.3007,2.16649116323274,0.15716026812919,2
12131,PBXM,19890317,258945,0.539,0.0421998436136516,0.3528,1.42,8.188,4.454353,1.644,1.309,2.18129551873894,0.155474452554745,2
12137,PBXM,19890317,258950,0.548,0.0506256270158457,0.3373,1.416,6.832,3.06013,1.649,1.2497,1.99871495652785,0.161855670103093,2
12145,PBXM,19890317,258963,0.511,0.0593526908417094,0.3561,1.421,6.143,2.74691,1.641,1.2934,2.19276030332398,0.157282145033516,2
12175,PBXM,19890321,259178,0.529,0.0367025558462467,0.2909,1.334,4.59,2.4845,1.659,1.3226,2.10471866407465,0.160277275467149,2
12181,PBXM,19890321,259186,0.549,0.0323584704183082,0.3058,1.336,6.729,3.55862,1.657,1.3229,2.13028407086754,0.15811707905854,2
12185,PBXM,19890321,259191,0.548,0.0314336216052394,0.3018,1.338,7.296,3.7647905,1.655,1.3204,2.11981885932793,0.158006042296073,2
12188,PBXM,19890321,259194,0.562,0.0319751321432787,0.3115,1.335,6.985,3.81215,1.658,1.324,2.13285244036903,0.157720144752714,2
12194,PBXM,19890321,259202,0.5,0.0364568219422171,0.3046,1.339,6.455,3.1428,1.654,1.3179,2.11663080414349,0.159552599758162,2
12195,PBXM,19890321,259217,0.448,0.0524708087201771,0.3181,1.343,4.613,2.17702,1.648,1.3053,2.15117244808685,0.160497572815534,2
12196,PBXM,19890321,259217,0.497,0.0449162563759579,0.3213,1.343,5.85,2.978376,1.649,1.3127,2.17935199557578,0.157307459066101,2
12197,PBXM,19890321,259220,0.482,0.0433793853071237,0.3169,1.341,6.039,3.36721,1.65,1.3142,2.15254215432458,0.158787878787879,2
12198,PBXM,19890321,259220,0.539,0.0395255965287429,0.3219,1.34,7.569,4.00777,1.651,1.3175,2.17530922552415,0.15717746820109,2
12199,PBXM,19890321,259221,0.453,0.045175130354189,0.3277,1.343,5.285,3.25843,1.648,1.3095,2.16502294482758,0.158555825242718,2
12205,PBXM,19890324,259827,0.551,0.0464718473708702,0.3316,1.359,6.833,3.2235,1.63,1.3213,2.5049973029722,0.157852760736196,2
12206,PBXM,19890324,259850,0.519,0.0421266101317774,0.3311,1.353,7.919,4.0447,1.637,1.3135,2.43249495729707,0.154795357361026,2
12213,PBXM,19890328,260140,0.43,0.0410780677097372,0.3062,1.356,5.423,2.33733,1.634,1.3081,2.19885934171649,0.160648714810282,2
12214,PBXM,19890328,260162,0.48,0.0384270925488782,0.3123,1.369,5.365,2.38501,1.622,1.2827,2.2223788043954,0.162577065351418,2
12215,PBXM,19890329,260322,0.548,0.0453045786330458,0.3216,1.347,7.289,2.2605,1.65,1.2789,2.04421706990956,0.176909090909091,2
12216,PBXM,19890329,260326,0.499,0.0502041673227313,0.3129,1.35,7.083,1.9053,1.646,1.2736,2.10657119495504,0.174726609963548,2
12217,PBXM,19890329,260326,0.551,0.053169760007634,0.3256,1.347,7.804,2.0959,1.65,1.2805,2.06144493759019,0.175393939393939,2
12220,PBXM,19890329,260342,0.474,0.0537902849135918,0.3147,1.352,6.429,1.7128,1.643,1.2696,2.12839678293726,0.174193548387097,2
12221,PBXM,19890329,260342,0.539,0.053720798022769,0.3259,1.349,7.292,2.07563,1.647,1.2764,2.07663923995663,0.174924104432301,2
12222,PBXM,19890329,260343,0.473,0.0548983347940403,0.3145,1.355,6.73,1.7115,1.64,1.266,2.14053781527392,0.173475609756098,2
12223,PBXM,19890329,260343,0.527,0.0512914141555189,0.3262,1.353,7.428,2.14842,1.643,1.2701,2.11853265217014,0.174071819841753,2
12224,PBXM,19890329,260346,0.492,0.0579816797035817,0.3247,1.362,8.113,1.9432,1.631,1.2544,2.18547004927317,0.17161250766401,2
12225,PBXM,19890329,260346,0.548,0.053256152722246,0.3232,1.36,8.975,2.28598,1.634,1.263,2.10547124909584,0.171113831089351,2
12226,PBXM,19890329,260349,0.478,0.0515292328489355,0.3061,1.367,7.865,1.7754,1.625,1.251,2.20004546992415,0.168615384615385,2
12227,PBXM,19890329,260349,0.519,0.0497330128046708,0.3274,1.364,7.91,2.1708719,1.628,1.2515,2.22830659283401,0.169840294840295,2
12237,PBXM,19890330,260477,0.416,0.0652070035924802,0.3324,1.359,3.866,1.43355,1.633,1.267,2.28707252959975,0.163563992651562,2
12239,PBXM,19890330,260478,0.498,0.0532691987191989,0.3358,1.358,5.951,1.974077,1.634,1.2677,2.31672931618895,0.162239902080783,2
12244,PBXM,19890330,260482,0.479,0.0544183201845482,0.3371,1.358,5.771,1.948976,1.634,1.2675,2.31595111246765,0.162362301101591,2
12246,PBXM,19890330,260483,0.48,0.0564399400744506,0.3373,1.359,5.04,1.774869,1.633,1.3399,2.33095230666331,0.16313533374158,2
12251,PBXM,19890330,260509,0.45,0.0622506119871858,0.3445,1.355,4.328,1.93223,1.637,1.2754,2.23453319503187,0.162981062919976,2
12253,PBXM,19890330,260519,0.522,0.0454476530982774,0.3395,1.359,5.552,2.50607,1.634,1.2717,2.24459504504737,0.162178702570379,2
12255,PBXM,19890330,260521,0.427,0.0653122901276024,0.3417,1.354,4.579,1.9357,1.64,1.2797,2.22051008868847,0.163048780487805,2
12260,PBXM,19890331,260636,0.467,0.042605131204985,0.3376,1.35,5.35,3.480508,1.644,1.3026,2.13002950097788,0.159671532846715,2
12264,PBXM,19890331,260639,0.437,0.0518278146181157,0.3469,1.35,4.832,2.72648,1.645,1.295,2.18091706387705,0.160851063829787,2
12267,PBXM,19890331,260643,0.46,0.0431872453573354,0.3451,1.349,4.896,3.32083,1.645,1.2995,2.14868096968733,0.160303951367781,2
12269,PBXM,19890331,260644,0.463,0.0434208292662225,0.3384,1.351,5.4,3.393072,1.643,1.2983,2.15722550153763,0.159342665855143,2
12271,PBXM,19890331,260647,0.459,0.0448976882109083,0.3406,1.349,5.24,3.38915,1.645,1.3008,2.15236177482463,0.159756838905775,2
12273,PBXM,19890331,260651,0.459,0.0461985296114059,0.3432,1.349,5.404,3.31477,1.646,1.3028,2.12757353028867,0.16044957472661,2
12334,PBXM,19891010,275288,0.399,0.0471734052329653,0.3367,1.303,5.868,2.47011,1.654,1.2711,2.00593697530331,0.162152357920193,2
12335,PBXM,19891012,275601,0.348,0.0720760302433843,0.3249,1.306,3.882,1.28028,1.649,1.263,1.97429946845929,0.163978168587022,2
12336,PBXM,19891012,275601,0.41,0.0591254979307135,0.3325,1.308,5.5,1.80497,1.646,1.2564,2.13401731701112,0.158323207776428,2
12337,PBXM,19891012,275605,0.382,0.0627940788584883,0.3302,1.309,4.32,1.55443,1.646,1.2604,2.03445291241609,0.16093560145808,2
12338,PBXM,19891012,275607,0.391,0.065409881115175,0.3369,1.308,4.607,1.52837,1.648,1.2601,2.08505364655428,0.16001213592233,2
12343,PBXM,19891012,275637,0.399,0.0434415038303053,0.3358,1.303,5.866,2.84181,1.654,1.2692,2.04605766013301,0.161789600967352,2
12346,PBXM,19891012,275645,0.481,0.0350347399532674,0.3847,1.312,5.864,3.23115,1.642,1.301,2.42244083780699,0.159866017052375,2
12355,PBXM,19891013,275795,0.483,0.0416015398024404,0.3714,1.305,6.103,2.7536,1.649,1.3107,2.30067585399035,0.163189812007277,2
12356,PBXM,19891013,275797,0.449,0.0410317142513915,0.3686,1.307,5.23,2.4973,1.647,1.3123,2.34138850253826,0.159623557984214,2
12357,PBXM,19891013,275797,0.498,0.042768491500183,0.3676,1.304,6.506,2.81359,1.651,1.2352,2.26725731163074,0.1633555420957,2
12358,PBXM,19891013,275798,0.449,0.0367771254375071,0.3688,1.307,5.667,2.6571,1.647,1.3113,2.34276719276944,0.160109289617486,2
12360,PBXM,19891013,275799,0.438,0.0355949828876603,0.3526,1.31,5.45,2.6589,1.645,1.3179,2.23569413506619,0.159331306990881,2
12362,PBXM,19891013,275803,0.478,0.0292996755717547,0.3641,1.304,3.91,2.4967,1.651,1.2407,2.0676639488871,0.169049061175045,2
12363,PBXM,19891013,275805,0.46,0.0353900249026691,0.3604,1.307,5.394,2.8511,1.648,1.2379,2.24394538907048,0.161407766990291,2
12367,PDX,19830318,158136,0.59,0.0472813199067478,0.3656,1.623,3.021,0.7721,1.4,1,1.00008753501401,0.285714285714286,2
12368,PDX,19830318,158140,0.59,0.040905754341534,0.3709,1.744,3.496,0.9674,1.4,1,1.00008753501401,0.285714285714286,2
12369,PDX,19830318,158141,0.6,0.0343711603814857,0.3682,1.739,3.407,1.1429,1.4,1,1.00008753501401,0.285714285714286,2
12370,PDX,19830318,158142,0.6,0.0332841511120367,0.3701,1.733,2.9,1.15239,1.4,1,1.00008753501401,0.285714285714286,2
12371,PDX,19830318,158144,0.6,0.0298492236512287,0.373,1.743,2.801,1.28061,1.4,1,1.00008753501401,0.285714285714286,2
12372,PDX,19830318,158155,0.6,0.0497901862123613,0.403,1.74,2.947,0.9465,1.4,1,1.00008753501401,0.285714285714286,2
12373,PDX,19830318,158157,0.7,0.0401496510011033,0.3599,1.743,3.882,1.53181,1.4,1,1.00008753501401,0.285714285714286,2
12374,PDX,19830318,158160,0.7,0.036017154653594,0.4121,1.742,3.116,1.41568,1.4,1,1.00008753501401,0.285714285714286,2
12375,PDX,19830318,158161,0.7,0.036434396685947,0.4107,1.743,3.136,1.41941,1.4,1,1.00008753501401,0.285714285714286,2
12376,PDX,19830318,158166,0.7,0.0362469657502017,0.4123,1.73,3.818,1.4876,1.4,1,1.00008753501401,0.285714285714286,2
12377,PDX,19830318,158169,0.7,0.0486417935571326,0.4135,1.728,3.852,1.2541,1.4,1,1.00008753501401,0.285714285714286,2
12378,PDX,19830318,158170,0.7,0.0291897945930512,0.3894,1.734,2.881,1.43593,1.4,1,1.00008753501401,0.285714285714286,2
12379,PDX,19830318,158175,0.7,0.0458046442565645,0.3986,1.715,4.184,1.2301,1.4,1,1.00008753501401,0.285714285714286,2
12381,PDX,19830318,158186,0.7,0.049322963621813,0.444,1.765,3.534,1.14959,1.4,1,1.00008753501401,0.285714285714286,2
12382,PDX,19830318,158187,0.7,0.0443461152909564,0.4515,1.763,3.617,1.1909,1.4,1,1.00008753501401,0.285714285714286,2
12383,PDX,19830318,158194,0.7,0.0351795758201248,0.4313,1.709,3.636,1.44856,1.4,1,1.00008753501401,0.285714285714286,2
12384,PDX,19830318,158196,0.7,0.0411018690554822,0.4298,1.707,3.24,1.2112,1.4,1,1.00008753501401,0.285714285714286,2
12386,PDX,19830318,158205,0.68,0.0488809100133511,0.4293,1.708,3.932,1.1235,1.4,1,1.00008753501401,0.285714285714286,2
12387,PDX,19830318,158207,0.675,0.0545745382502543,0.4295,1.7,3.605,0.983,1.4,1,1.00008753501401,0.285714285714286,2
12388,PDX,19830318,158210,0.69,0.0459398583531814,0.4314,1.657,4.471,1.4695,1.4,1,1.00008753501401,0.285714285714286,2
12389,PDX,19830318,158216,0.62,0.0486937942073171,0.4332,1.706,3.155,1.1808,1.4,1,1.00008753501401,0.285714285714286,2
12390,PDX,19830318,158217,0.67,0.0484088023153576,0.4438,1.714,3.987,1.3648,1.4,1,1.00008753501401,0.285714285714286,2
12391,PDX,19830318,158218,0.66,0.0497495427308882,0.4524,1.714,3.616,1.1315,1.4,1,1.00008753501401,0.285714285714286,2
12401,PDX,19830323,158638,0.58,0.022252938781393,0.4304,1.751,3.18,1.38765,1.4,1,1.00008753501401,0.285714285714286,1.5
12402,PDX,19830323,158639,0.59,0.0229583797329587,0.4371,1.749,3.28,1.52336,1.4,1,1.00008753501401,0.285714285714286,1.5
12409,PDX,19830323,158653,0.72,0.0252988529704103,0.4319,1.714,4.317,1.416572,1.4,1,1.00008753501401,0.285714285714286,1.5
12412,PDX,19830323,158659,0.59,0.0227465313420777,0.4417,1.751,3.243,1.68336,1.4,1,1.00008753501401,0.285714285714286,1.5
12413,PDX,19830323,158661,0.59,0.0274983708725126,0.4379,1.728,2.998,1.50909,1.4,1,1.00008753501401,0.285714285714286,1.5
12414,PDX,19830323,158671,0.58,0.0298008191058306,0.4396,1.642,2.864,1.4561,1.4,1,1.00008753501401,0.285714285714286,1.5
12415,PDX,19830323,158675,0.48,0.031028929419477,0.455,1.634,2.833,1.3729,1.4,1,1.00008753501401,0.285714285714286,1.5
12416,PDX,19830324,158787,0.66,0.0228263621334311,0.4013,1.729,3.032,1.364,1.4,1,1.00008753501401,0.285714285714286,1.5
12417,PDX,19830324,158788,0.69,0.024153510195442,0.3966,1.753,2.882,1.4173,1.4,1,1.00008753501401,0.285714285714286,1.5
12418,PDX,19830324,158789,0.675,0.0261065614631158,0.394,1.754,2.77,1.25677,1.4,1,1.00008753501401,0.285714285714286,1.5
12419,PDX,19830324,158791,0.68,0.0250800844335278,0.391,1.723,2.823,1.3028,1.4,1,1.00008753501401,0.285714285714286,1.5
12420,PDX,19830324,158792,0.69,0.0306144213457808,0.3882,1.713,3.562,1.345821,1.4,1,1.00008753501401,0.285714285714286,1.5
12421,PDX,19830324,158795,0.69,0.0302930683383198,0.3865,1.738,3.213,1.26342,1.4,1,1.00008753501401,0.285714285714286,1.5
12422,PDX,19830324,158799,0.69,0.0314306703910615,0.3765,1.742,2.621,1.05252,1.4,1,1.00008753501401,0.285714285714286,1.5
12423,PDX,19830324,158800,0.69,0.0285174605851109,0.3787,1.734,2.877,1.1861,1.4,1,1.00008753501401,0.285714285714286,1.5
12425,PDX,19830324,158804,0.69,0.0322951529766161,0.3882,1.726,2.987,1.31458,1.4,1,1.00008753501401,0.285714285714286,1.5
12428,PDX,19830324,158820,0.63,0.0276609889377851,0.3876,1.768,2.567,1.23845,1.4,1,1.00008753501401,0.285714285714286,1.5
12429,PDX,19830324,158821,0.63,0.0268668854887675,0.3846,1.758,2.484,1.23525,1.4,1,1.00008753501401,0.285714285714286,1.5
12430,PDX,19830324,158823,0.68,0.0231875202726396,0.3764,1.767,2.585,1.36884,1.4,1,1.00008753501401,0.285714285714286,1.5
12431,PDX,19830324,158824,0.68,0.0232110160223805,0.3747,1.767,2.652,1.41552,1.4,1,1.00008753501401,0.285714285714286,1.5
12432,PDX,19830324,158830,0.68,0.0239243610274806,0.374,1.744,2.609,1.40499,1.4,1,1.00008753501401,0.285714285714286,1.5
12434,PDX,19830325,158920,0.53,0.0389762412002816,0.4008,1.902,3.346,1.1364,1.4,1,1.00008753501401,0.285714285714286,2
12436,PDX,19830325,158930,0.57,0.0294646588462968,0.4015,1.916,3.152,1.42619,1.4,1,1.00008753501401,0.285714285714286,2
12437,PDX,19830325,158931,0.59,0.0321390124377719,0.3957,1.918,3.1,1.27354,1.4,1,1.00008753501401,0.285714285714286,2
12438,PDX,19830325,158934,0.59,0.0367549953211323,0.3962,1.925,3.045,1.11138,1.4,1,1.00008753501401,0.285714285714286,2
12447,PDX,19830412,159275,0.59,0.0460052609499548,0.3469,1.785,4.416,1.2169,1.4,1,1.00008753501401,0.285714285714286,2
12448,PDX,19830412,159280,0.5,0.0333350261592428,0.3736,1.769,3.068,1.17167,1.4,1,1.00008753501401,0.285714285714286,2
12449,PDX,19830412,159290,0.5,0.031835991063043,0.4016,1.759,3.355,1.36288,1.4,1,1.00008753501401,0.285714285714286,2
12450,PDX,19830412,159292,0.5,0.0423695105607376,0.422,1.759,3.261,1.30578,1.4,1,1.00008753501401,0.285714285714286,2
12451,PDX,19830413,159476,0.53,0.0369152230637423,0.3766,1.628,3.747,1.459,1.4,1,1.00008753501401,0.285714285714286,2
12452,PDX,19830413,159481,0.53,0.0349247907550184,0.3774,1.627,3.677,1.4397,1.4,1,1.00008753501401,0.285714285714286,2
12453,PDX,19830413,159488,0.51,0.0370170011087322,0.3891,1.592,3.345,1.3078,1.4,1,1.00008753501401,0.285714285714286,2
12454,PDX,19830413,159489,0.53,0.0332551943107654,0.37,1.577,3.787,1.5169,1.4,1,1.00008753501401,0.285714285714286,2
12455,PDX,19830413,159492,0.53,0.0358974519636824,0.3608,1.616,3.707,1.4208,1.4,1,1.00008753501401,0.285714285714286,2
12456,PDX,19830413,159499,0.48,0.0286285949437754,0.3691,1.748,3.036,1.2539,1.4,1,1.00008753501401,0.285714285714286,2
12457,PDX,19830414,159572,0.59,0.0317480608330874,0.3948,1.624,5.789,1.55902,1.4,1,1.00008753501401,0.285714285714286,2
12458,PDX,19830414,159573,0.58,0.0274024107255853,0.3993,1.613,7.565,1.8964,1.4,1,1.00008753501401,0.285714285714286,2
12459,PDX,19830414,159577,0.59,0.0283235979876767,0.4052,1.638,9.331,2.0449,1.4,1,1.00008753501401,0.285714285714286,2
12460,PDX,19830414,159579,0.55,0.0277817812077343,0.4017,1.632,8.177,1.9963,1.4,1,1.00008753501401,0.285714285714286,2
12461,PDX,19830414,159587,0.59,0.0467644677588532,0.3559,1.373,5.208,1.00105,1.4,1,1.00008753501401,0.285714285714286,2
12462,PDX,19830414,159588,0.58,0.0200495126328136,0.3734,1.353,7.289,2.202241,1.4,1,1.00008753501401,0.285714285714286,2
12465,PDX,19830414,159627,0.59,0.0362449697769953,0.4086,1.767,5.751,1.5336,1.4,1,1.00008753501401,0.285714285714286,2
12466,PDX,19830414,159634,0.56,0.0290674968761233,0.4075,1.758,5.342,1.75263,1.4,1,1.00008753501401,0.285714285714286,2
12467,PDX,19830414,159635,0.5,0.0299933499644047,0.3903,1.776,5.134,1.67157,1.4,1,1.00008753501401,0.285714285714286,2
12468,PDX,19830414,159638,0.59,0.0551513280166436,0.4083,1.742,3.798,1.2257,1.4,1,1.00008753501401,0.285714285714286,2
12471,PDX,19830416,159862,0.58,0.0292481124681934,0.3517,1.621,3.56,1.179,1.4,1,1.00008753501401,0.285714285714286,2
12472,PDX,19830416,159869,0.54,0.0248969612335365,0.3764,1.734,4.832,2.3461,1.4,1,1.00008753501401,0.285714285714286,2
12473,PDX,19830416,159870,0.54,0.0183171659306403,0.3773,1.728,4.696,2.3097,1.4,1,1.00008753501401,0.285714285714286,2
12475,PDX,19830416,159873,0.55,0.0140640470781893,0.384,1.71,4.035,2.43,1.4,1,1.00008753501401,0.285714285714286,2
12476,PDX,19830416,159874,0.56,0.0171085205990285,0.3834,1.707,4.515,2.52609,1.4,1,1.00008753501401,0.285714285714286,2
12477,PDX,19830416,159875,0.56,0.0188575682171639,0.3836,1.708,5.797,2.8292,1.4,1,1.00008753501401,0.285714285714286,2
12478,PDX,19830416,159876,0.53,0.0194094586448074,0.3747,1.708,5.846,3.07543,1.4,1,1.00008753501401,0.285714285714286,2
12479,PDX,19830416,159878,0.57,0.0154937817274123,0.377,1.654,6.783,3.49737,1.4,1,1.00008753501401,0.285714285714286,2
12480,PDX,19830416,159899,0.57,0.0137028545165813,0.3377,1.72,4.505,2.79592,1.4,1,1.00008753501401,0.285714285714286,2
12481,PDX,19830426,160099,0.56,0.0341289766907159,0.3702,1.814,3.748,1.2613,1.4,1,1.00008753501401,0.285714285714286,2
12482,PDX,19830426,160100,0.53,0.0347611084647821,0.3657,1.804,4.027,1.2806,1.4,1,1.00008753501401,0.285714285714286,2
12483,PDX,19830426,160108,0.55,0.0380712910344233,0.405,1.809,3.823,1.39121,1.4,1,1.00008753501401,0.285714285714286,2
12484,PDX,19830426,160110,0.59,0.0380347799624803,0.3379,1.797,3.709,1.267602,1.4,1,1.00008753501401,0.285714285714286,2
12485,PDX,19830427,160185,0.51,0.0458980943104233,0.3973,1.802,3.241,1.0985,1.4,1,1.00008753501401,0.285714285714286,2
12486,PDX,19830427,160206,0.54,0.0349417198397709,0.3944,1.791,4.226,1.62018,1.4,1,1.00008753501401,0.285714285714286,2
12487,PDX,19830427,160207,0.57,0.0292429789141069,0.4038,1.797,5.582,2.30391,1.4,1,1.00008753501401,0.285714285714286,2
12488,PDX,19830428,160303,0.5,0.0331359904338453,0.3649,1.703,3.562,1.1133,1.4,1,1.00008753501401,0.285714285714286,2
12489,PDX,19830428,160321,0.5,0.033983132026664,0.3554,1.703,2.9,1.0051,1.4,1,1.00008753501401,0.285714285714286,2
12490,PDX,19830428,160323,0.43,0.0285977583396037,0.3493,1.706,3.451,1.1961,1.4,1,1.00008753501401,0.285714285714286,2
12491,PDX,19830428,160330,0.58,0.0351018009286998,0.4036,1.991,3.926,1.3352,1.4,1,1.00008753501401,0.285714285714286,2
12492,PDX,19830428,160333,0.53,0.0406792994514025,0.3743,1.994,2.88,0.9661,1.4,1,1.00008753501401,0.285714285714286,2
12493,PDX,19830428,160352,0.59,0.0164704899102928,0.4166,1.988,6.086,3.19038,1.4,1,1.00008753501401,0.285714285714286,2
12494,PDX,19830513,161255,0.5,0.0266817751008928,0.2446,1.122,3.558,0.73593,1.4,1,1.00008753501401,0.285714285714286,2
12495,PDX,19830513,161256,0.5,0.0254586113091315,0.2445,1.119,3.804,0.74347,1.4,1,1.00008753501401,0.285714285714286,2
12500,PDX,19830514,161413,0.44,0.024220405460792,0.3778,1.104,3.936,1.6591,1.4,1,1.00008753501401,0.285714285714286,2
12502,PDX,19830514,161423,0.47,0.0266432828400983,0.3545,1.053,4.412,1.7098,1.4,1,1.00003926534539,0.3,2
12504,PDX,19830514,161426,0.47,0.023048647311828,0.2767,1.051,4.208,1.4415,1.4,1,1.00003926534539,0.3,2
12507,PDX,19830514,161430,0.47,0.026793420283198,0.2543,1.051,3.673,1.13207,1.4,1,1.00003926534539,0.3,2
12508,PDX,19830514,161431,0.5,0.0274135895482898,0.2621,1.052,4.006,1.24726,1.4,1,1.00003926534539,0.3,2
12510,START,19971111,34877,0.041,0.00228910477127398,0.2082,0.275,4.913,0.8132,0.2855,1.5001,1.62013984399077,0.765323992994746,1.7
12511,START,19971111,34882,0.041,0.00241426829268293,0.2144,0.2676,4.737,0.82,0.2936,1.522,1.6876120357413,0.760899182561308,1.7
12512,START,19971111,34887,0.041,0.00223561961137563,0.1933,0.2742,5.042,0.7771,0.2864,1.5152,1.60346653601055,0.769553072625698,1.7
12514,START,19980303,36078,0.042,0.00253360290016732,0.2165,0.2719,4.547,0.7172,0.2904,1.5669,1.61897631170748,0.756542699724518,1.7
12515,START,19980303,36079,0.043,0.0037302371541502,0.2163,0.28,5,0.4048,0.2815,1.4722,1.59582391215588,0.762699822380107,1.7
12516,START,19980303,36080,0.043,0.00411037394451146,0.2141,0.2831,4.031,0.3316,0.2804,1.4305,1.60029296176439,0.764621968616263,1.7
12517,START,19980327,36429,0.038,0.00410679984633116,0.2722,0.2964,5.708,0.5206,0.3008,1.5497,1.47806281743769,0.780585106382979,1.7
12518,START,19980327,36437,0.039,0.00285871393453228,0.2634,0.2909,5.101,0.7729,0.3103,1.5682,1.43443686841842,0.783113116339027,1.7
12531,TCV,19950721,8028,0.5,0.0197803182670079,0.3203,1.385,5.119,0.379367,0.87,1.3496,1.44511683714136,0.260114942528736,2
12532,TCV,19950721,8028,0.6,0.0226675143860859,0.3203,1.384,5.154,0.371192,0.869,1.3527,1.45555066098826,0.263521288837745,2
12533,TCV,19950721,8028,0.7,0.0264852519288082,0.3203,1.385,5.521,0.35903,0.8674,1.3566,1.47297450831167,0.267696564445469,2
12537,TCV,19951108,8782,0.5,0.0361990950226244,0.314,-1.396,11.7,0.55471,0.8524,1.3645,1.4805552468864,0.266541529798217,2
12541,TCV,19960404,10222,0.8,0.0404010697186381,0.3159,1.381,8.049,0.401227,0.8693,1.3916,1.47457752061898,0.252617048199701,2
12544,TCV,19961126,11404,1.05,0.0319835540469475,0.319,1.394,8.44,0.41834,0.8723,1.4671,1.52752960606871,0.250372578241431,2
12546,TCV,19961126,11404,1.15,0.0288819256952793,0.3207,1.395,8.454,0.456687,0.8721,1.4704,1.52758678408797,0.249054007567939,2
12547,TCV,19961126,11404,1.2,0.0305584586722407,0.3212,1.395,8.585,0.44014,0.8719,1.4742,1.5302272210334,0.247849524027985,2
12548,TCV,19961210,11574,0.85,0.0227634579801196,0.3325,1.391,6.419,0.46478,0.8764,1.4886,1.5377573267713,0.248858968507531,2
12549,TCV,19961210,11574,0.95,0.0233459013225599,0.3346,1.391,6.227,0.445046,0.8765,1.4906,1.53160118979564,0.24905875641757,2
12550,TCV,19970609,13459,0.4,0.0386334797857248,0.384,1.406,7.893,0.494131,0.885,1.5206,1.57923576884078,0.261242937853107,2
12555,TDEV,19980326,32922,0.8,0.0163378420836388,-0.2199,1.976,5.059,0.620645,0.8257,1.148,1.12608966837242,0.257236284364781,2
12556,TDEV,19980331,32958,0.85,0.0192600142042605,-0.22,1.972,4.861,0.498442,0.8259,1.1484,1.12704837491939,0.258990192517254,2
12557,TDEV,19980331,32959,0.9,0.01477013770313,-0.2209,1.982,4.748,0.616108,0.826,1.1482,1.12538542715704,0.256658595641647,2
12558,TDEV,19980402,33047,0.5,0.0209156215559614,-0.2191,1.97,5.443,0.497236,0.8245,1.1479,1.12185627836999,0.258580958156458,2
12560,TDEV,19980402,33049,0.75,0.0145618089780526,-0.1595,1.952,4.571,0.568542,0.8331,1.1384,1.1060001723774,0.253030848637619,2
12564,TDEV,19980408,33155,0.8,0.0170966062057063,-0.2199,1.952,5.109,0.6357987,0.8356,1.1448,1.11687754572535,0.258018190521781,2
12565,TDEV,19980408,33171,0.8,0.0254342052442263,-0.2198,1.951,5.337,0.376147,0.835,1.1447,1.11930554821989,0.257844311377246,2
14012,TFTR,19900124,45980,4.6,0.149699077692668,0.9794,4.795,3.5,5.1176,2.454,1,0.933779191428508,0.327343113284434,2
14013,TFTR,19900124,45984,4.2,0.148825013010929,0.972,4.791,3.426,4.9958,2.456,1,0.920049441122535,0.32785016286645,2
